eta,like,tot_spec,tot_pcp,patients,rho,mean_alpha,mean_dist,se_alpha,se_dist,p10_alpha,p10_dist,p25_alpha,p25_dist,p50_alpha,p50_dist,p75_alpha,p75_dist,p90_alpha,p90_dist
1,-4980.71,83.31408,284.5235,4174.419,.8994026,.26305409,-.06923506,.2307729,.00601802,0,-.0984877,9.340e-17,-.08190991,.16068275,-.06784196,.36518184,-.05232575,.70710691,-.03904054
5,-5022.203,83.87096,288.6738,4226.613,.8997579,.50582937,-.06975033,.4936916,.00605212,1.586e-61,-.10015082,1.435e-25,-.08299915,.25241126,-.0684368,.72870312,-.0527984,1.3829367,-.03786069
,,63.57895,229.4737,2845.737,.9000733,,,,,,,,,,,,,,
