rep,config_id,true_alpha,base_failure_rate,failure_sd,eta,alpha_hat,alpha_se,pi_hat,converged,n_patients,n_specs
1,1,0.02,0.02,0.005,1,NA,NA,NA,FALSE,336,20
2,1,0.02,0.02,0.005,1,22.05104519147091,36.19392863231115,-0.07928440416815287,TRUE,367,20
3,1,0.02,0.02,0.005,1,0,0,-0.08348487198043845,TRUE,374,20
4,1,0.02,0.02,0.005,1,NA,NA,NA,FALSE,357,20
5,1,0.02,0.02,0.005,1,NA,NA,NA,FALSE,389,20
6,1,0.02,0.02,0.005,1,NA,NA,NA,FALSE,378,20
7,1,0.02,0.02,0.005,1,0.012176522784885688,1.1919868334653598,-0.07322101147594953,TRUE,379,20
8,1,0.02,0.02,0.005,1,NA,NA,NA,FALSE,323,20
9,1,0.02,0.02,0.005,1,NA,NA,NA,FALSE,357,20
10,1,0.02,0.02,0.005,1,NA,NA,NA,FALSE,384,20
11,1,0.02,0.02,0.005,1,0.9054374685691333,1.1489860515008914,-0.05770591396272704,TRUE,378,20
12,1,0.02,0.02,0.005,1,NA,NA,NA,FALSE,336,20
13,1,0.02,0.02,0.005,1,1.6806025631040244,1.240339728926637,-0.08873284318554595,TRUE,395,20
14,1,0.02,0.02,0.005,1,0.4214481311569164,1.3830906408162846,-0.08066620982006487,TRUE,341,20
15,1,0.02,0.02,0.005,1,NA,NA,NA,FALSE,388,20
16,1,0.02,0.02,0.005,1,NA,NA,NA,FALSE,359,20
17,1,0.02,0.02,0.005,1,0.5906902495824029,1.3397993341926207,-0.07290030814974106,TRUE,352,20
18,1,0.02,0.02,0.005,1,0.40737152811258576,1.3332562188898662,-0.06361409469670656,TRUE,319,20
19,1,0.02,0.02,0.005,1,1.6985421875364097,1.9588374173060745,-0.07102479416257708,TRUE,364,20
20,1,0.02,0.02,0.005,1,1.9760240951268755,2.1803347145787373,-0.07187370023913933,TRUE,360,20
21,1,0.02,0.02,0.005,1,0.8660657866216273,0.7715870730484414,-0.07434333572165903,TRUE,352,20
22,1,0.02,0.02,0.005,1,NA,NA,NA,FALSE,388,20
23,1,0.02,0.02,0.005,1,0.8681423952046174,2.0377792435975914,-0.08762933458790065,TRUE,356,20
24,1,0.02,0.02,0.005,1,NA,NA,NA,FALSE,390,20
25,1,0.02,0.02,0.005,1,1.4900682546260604,1.3159820539903002,-0.07882525240138351,TRUE,375,20
26,1,0.02,0.02,0.005,1,0.4409698378842582,2.3669853104643557,-0.06120892650696191,TRUE,368,20
27,1,0.02,0.02,0.005,1,1.5906652141005875,1.234463256759664,-0.08164578937703335,TRUE,340,20
28,1,0.02,0.02,0.005,1,0.7954451225961741,1.0585887731531667,-0.07252774750191744,TRUE,344,20
29,1,0.02,0.02,0.005,1,0,0,-0.07165704569538923,TRUE,354,20
30,1,0.02,0.02,0.005,1,1.300916999229023,2.1221107176844387,-0.07405810491777735,TRUE,346,20
31,1,0.02,0.02,0.005,1,NA,NA,NA,FALSE,366,20
32,1,0.02,0.02,0.005,1,NA,NA,NA,FALSE,338,20
33,1,0.02,0.02,0.005,1,0.2885767477692904,1.1350750275756758,-0.07391754156519263,TRUE,363,20
34,1,0.02,0.02,0.005,1,0.49002747218598475,1.247116071720112,-0.0849423189072042,TRUE,366,20
35,1,0.02,0.02,0.005,1,0.31944606546956433,1.3683685467647677,-0.08236153942488125,TRUE,372,20
36,1,0.02,0.02,0.005,1,NA,NA,NA,FALSE,320,20
37,1,0.02,0.02,0.005,1,NA,NA,NA,FALSE,369,20
38,1,0.02,0.02,0.005,1,NA,NA,NA,FALSE,333,20
39,1,0.02,0.02,0.005,1,2.5005547586463,1.0096974067517044,-0.07095641010034663,TRUE,379,20
40,1,0.02,0.02,0.005,1,NA,NA,NA,FALSE,401,20
41,1,0.02,0.02,0.005,1,NA,NA,NA,FALSE,362,20
42,1,0.02,0.02,0.005,1,0.5734697925837825,1.6551451493070384,-0.07373372583059085,TRUE,396,20
43,1,0.02,0.02,0.005,1,NA,NA,NA,FALSE,350,20
44,1,0.02,0.02,0.005,1,NA,NA,NA,FALSE,337,20
45,1,0.02,0.02,0.005,1,NA,NA,NA,FALSE,365,20
46,1,0.02,0.02,0.005,1,NA,NA,NA,FALSE,356,20
47,1,0.02,0.02,0.005,1,NA,NA,NA,FALSE,339,20
48,1,0.02,0.02,0.005,1,1.174254391145875,2.259158140871099,-0.0724766706226703,TRUE,341,20
49,1,0.02,0.02,0.005,1,NA,NA,NA,FALSE,373,20
50,1,0.02,0.02,0.005,1,1.604344469344856,1.2048112659442094,-0.0678877552727313,TRUE,342,20
1,2,0.02,0.05,0.005,1,NA,NA,NA,FALSE,372,20
2,2,0.02,0.05,0.005,1,0.6749809281852742,0.890337026248001,-0.07947587748596002,TRUE,338,20
3,2,0.02,0.05,0.005,1,0.20213776622430638,0.7646502462395849,-0.07452342031632393,TRUE,361,20
4,2,0.02,0.05,0.005,1,1.18755812751428,1.0521427111089863,-0.07393032989157464,TRUE,382,20
5,2,0.02,0.05,0.005,1,0.8294544739733682,0.9680816245095402,-0.07149592974410802,TRUE,352,20
6,2,0.02,0.05,0.005,1,0.31866786246594986,0.7973490180973136,-0.0800996318570403,TRUE,327,20
7,2,0.02,0.05,0.005,1,0,NA,NA,FALSE,329,20
8,2,0.02,0.05,0.005,1,NA,NA,NA,FALSE,347,20
9,2,0.02,0.05,0.005,1,1.125479406433751,1.4624103864255436,-0.07671449914914032,TRUE,354,20
10,2,0.02,0.05,0.005,1,NA,NA,NA,FALSE,352,20
11,2,0.02,0.05,0.005,1,1.6848806295817562,0.7257009709107584,-0.07086075562962538,TRUE,358,20
12,2,0.02,0.05,0.005,1,NA,NA,NA,FALSE,349,20
13,2,0.02,0.05,0.005,1,NA,NA,NA,FALSE,362,20
14,2,0.02,0.05,0.005,1,NA,NA,NA,FALSE,363,20
15,2,0.02,0.05,0.005,1,NA,NA,NA,FALSE,368,20
16,2,0.02,0.05,0.005,1,NA,NA,NA,FALSE,369,20
17,2,0.02,0.05,0.005,1,0.1452965821000469,0.7534237231031948,-0.06986212584356491,TRUE,367,20
18,2,0.02,0.05,0.005,1,0.7333248594091939,0.6472913896572849,-0.07039697523022187,TRUE,375,20
19,2,0.02,0.05,0.005,1,0.7400000286852872,1.0093756605899524,-0.08736272401929122,TRUE,348,20
20,2,0.02,0.05,0.005,1,1.5811932736027003,1.4567284503098017,-0.08966584472666896,TRUE,366,20
21,2,0.02,0.05,0.005,1,NA,NA,NA,FALSE,352,20
22,2,0.02,0.05,0.005,1,1.4614362453543506,1.1317436263683525,-0.0805805263767276,TRUE,360,20
23,2,0.02,0.05,0.005,1,0,NA,NA,FALSE,309,20
24,2,0.02,0.05,0.005,1,0.027918360984879532,0.8694481622636459,-0.07528573038568548,TRUE,357,20
25,2,0.02,0.05,0.005,1,1.315230543938245,0.7271191355121902,-0.06355281303001808,TRUE,343,20
26,2,0.02,0.05,0.005,1,NA,NA,NA,FALSE,352,20
27,2,0.02,0.05,0.005,1,0.55192215040313,0.9598471247581484,-0.06826005825563167,TRUE,361,20
28,2,0.02,0.05,0.005,1,1.2051594500802263,0.9830145362243515,-0.07289531580502673,TRUE,351,20
29,2,0.02,0.05,0.005,1,1.8044354083778644,1.0001811680730028,-0.07444639813361666,TRUE,381,20
30,2,0.02,0.05,0.005,1,NA,NA,NA,FALSE,365,20
31,2,0.02,0.05,0.005,1,2.308635467490389,1.2752381146506802,-0.08214043743641468,TRUE,340,20
32,2,0.02,0.05,0.005,1,NA,NA,NA,FALSE,341,20
33,2,0.02,0.05,0.005,1,1.417219215260489,0.8885100955871597,-0.07804364461064096,TRUE,362,20
34,2,0.02,0.05,0.005,1,0.42996952674681116,0.8027197516309448,-0.0719728354940683,TRUE,362,20
35,2,0.02,0.05,0.005,1,0.18649191045219837,0.8018077908730511,-0.07119279140269975,TRUE,382,20
36,2,0.02,0.05,0.005,1,1.3364409309226712,0.8420015018953805,-0.06513830148412046,TRUE,363,20
37,2,0.02,0.05,0.005,1,NA,NA,NA,FALSE,373,20
38,2,0.02,0.05,0.005,1,0.40186813114264835,1.003411524744488,-0.0784381936765854,TRUE,328,20
39,2,0.02,0.05,0.005,1,1.0373168108761122,1.0957194074770593,-0.0788772481282151,TRUE,388,20
40,2,0.02,0.05,0.005,1,0.4804895605666089,1.0064489264111829,-0.06835770671596635,TRUE,351,20
41,2,0.02,0.05,0.005,1,0.8037905988605033,0.8538164438944007,-0.0756626371827797,TRUE,366,20
42,2,0.02,0.05,0.005,1,0.13676651843106663,0.8845179337319,-0.06787142561081755,TRUE,354,20
43,2,0.02,0.05,0.005,1,0.4856014146376235,0.7488014611774199,-0.07068967156316684,TRUE,386,20
44,2,0.02,0.05,0.005,1,0.3349089951764843,0.9842246310741362,-0.08553758592938852,TRUE,333,20
45,2,0.02,0.05,0.005,1,NA,NA,NA,FALSE,411,20
46,2,0.02,0.05,0.005,1,0.792252901645188,0.7959711002045586,-0.08271303984515879,TRUE,397,20
47,2,0.02,0.05,0.005,1,0.4047345022319075,0.7194509686363179,-0.06385537279257511,TRUE,379,20
48,2,0.02,0.05,0.005,1,NA,NA,NA,FALSE,358,20
49,2,0.02,0.05,0.005,1,0.06969195466580103,0.7965062439620428,-0.06729105056115514,TRUE,378,20
50,2,0.02,0.05,0.005,1,0.6993484448985878,0.7188809969936714,-0.08083919878248276,TRUE,369,20
1,3,0.02,0.09,0.005,1,0.17431358123416602,0.7305404458347089,-0.08594506869402245,TRUE,363,20
2,3,0.02,0.09,0.005,1,0.16637312441705268,0.6845227741019967,-0.06380260379759187,TRUE,374,20
3,3,0.02,0.09,0.005,1,0.9625789843617005,0.8184027766328665,-0.06476559840063853,TRUE,371,20
4,3,0.02,0.09,0.005,1,NA,NA,NA,FALSE,370,20
5,3,0.02,0.09,0.005,1,NA,NA,NA,FALSE,344,20
6,3,0.02,0.09,0.005,1,0.6461521076206923,0.6157433104913684,-0.07410011185319808,TRUE,328,20
7,3,0.02,0.09,0.005,1,NA,NA,NA,FALSE,384,20
8,3,0.02,0.09,0.005,1,NA,NA,NA,FALSE,327,20
9,3,0.02,0.09,0.005,1,0.05547059584762067,0.6574305359059291,-0.08751455680512306,TRUE,375,20
10,3,0.02,0.09,0.005,1,NA,NA,NA,FALSE,352,20
11,3,0.02,0.09,0.005,1,0.641586009270688,0.8081612973058527,-0.07735513001040684,TRUE,394,20
12,3,0.02,0.09,0.005,1,0.9834959087453253,0.666094516373146,-0.0777003661676555,TRUE,379,20
13,3,0.02,0.09,0.005,1,NA,NA,NA,FALSE,373,20
14,3,0.02,0.09,0.005,1,0.7626537942673726,0.7586859753609219,-0.06805685593056125,TRUE,343,20
15,3,0.02,0.09,0.005,1,NA,NA,NA,FALSE,402,20
16,3,0.02,0.09,0.005,1,0.8308028462607953,0.5929576703594199,-0.08146488907550678,TRUE,374,20
17,3,0.02,0.09,0.005,1,NA,NA,NA,FALSE,342,20
18,3,0.02,0.09,0.005,1,0.056333981565579026,0.6791202876937699,-0.07193168892246429,TRUE,374,20
19,3,0.02,0.09,0.005,1,NA,NA,NA,FALSE,345,20
20,3,0.02,0.09,0.005,1,0.5099017030436801,0.6944323211996167,-0.08423921080612629,TRUE,375,20
21,3,0.02,0.09,0.005,1,NA,NA,NA,FALSE,356,20
22,3,0.02,0.09,0.005,1,0.3076827051102148,0.660762821670135,-0.07408640451770063,TRUE,359,20
23,3,0.02,0.09,0.005,1,NA,NA,NA,FALSE,363,20
24,3,0.02,0.09,0.005,1,NA,NA,NA,FALSE,343,20
25,3,0.02,0.09,0.005,1,NA,NA,NA,FALSE,363,20
26,3,0.02,0.09,0.005,1,0.11837951423911171,0.5362971445784425,-0.08409800070875818,TRUE,394,20
27,3,0.02,0.09,0.005,1,0.6041272562286808,0.6657571156446856,-0.07635928027687587,TRUE,349,20
28,3,0.02,0.09,0.005,1,NA,NA,NA,FALSE,346,20
29,3,0.02,0.09,0.005,1,NA,NA,NA,FALSE,324,20
30,3,0.02,0.09,0.005,1,0.4163950697111301,0.6981601016519792,-0.07061374498512187,TRUE,343,20
31,3,0.02,0.09,0.005,1,NA,NA,NA,FALSE,333,20
32,3,0.02,0.09,0.005,1,NA,NA,NA,FALSE,370,20
33,3,0.02,0.09,0.005,1,0,0,-0.08303052077025677,TRUE,361,20
34,3,0.02,0.09,0.005,1,0.05801184509034948,0.7019806507813008,-0.07750132750542561,TRUE,372,20
35,3,0.02,0.09,0.005,1,1.2119556171891042,0.6647286362410565,-0.08343203099351931,TRUE,383,20
36,3,0.02,0.09,0.005,1,NA,NA,NA,FALSE,342,20
37,3,0.02,0.09,0.005,1,NA,NA,NA,FALSE,359,20
38,3,0.02,0.09,0.005,1,0.20571834688623067,0.4888288148105601,-0.0709385049327192,TRUE,338,20
39,3,0.02,0.09,0.005,1,NA,NA,NA,FALSE,356,20
40,3,0.02,0.09,0.005,1,0.3191946919419423,0.5983511420895228,-0.05957527671805919,TRUE,369,20
41,3,0.02,0.09,0.005,1,0.5140048889653716,0.6616531172064498,-0.07913114400165158,TRUE,370,20
42,3,0.02,0.09,0.005,1,0,NA,NA,FALSE,370,20
43,3,0.02,0.09,0.005,1,0.1845225060025904,0.6324148224394913,-0.08089110177461675,TRUE,361,20
44,3,0.02,0.09,0.005,1,NA,NA,NA,FALSE,296,20
45,3,0.02,0.09,0.005,1,NA,NA,NA,FALSE,353,20
46,3,0.02,0.09,0.005,1,0.8227417807555101,0.6569385737977301,-0.06881272505526102,TRUE,364,20
47,3,0.02,0.09,0.005,1,0.11305072864818645,0.5033218643912725,-0.07296209210396193,TRUE,398,20
48,3,0.02,0.09,0.005,1,0.20452310828138612,0.5946018654269283,-0.09035937635767745,TRUE,323,20
49,3,0.02,0.09,0.005,1,0,NA,NA,FALSE,365,20
50,3,0.02,0.09,0.005,1,NA,NA,NA,FALSE,361,20
1,4,0.02,0.15,0.005,1,NA,NA,NA,FALSE,368,20
2,4,0.02,0.15,0.005,1,NA,NA,NA,FALSE,347,20
3,4,0.02,0.15,0.005,1,0,NA,NA,FALSE,348,20
4,4,0.02,0.15,0.005,1,0.9067412667323906,0.5352168183108897,-0.05838327872576865,TRUE,359,20
5,4,0.02,0.15,0.005,1,0.4597892410970034,0.5572410103118604,-0.07552863943857187,TRUE,324,20
6,4,0.02,0.15,0.005,1,0.4508195351328765,0.5217622081310663,-0.07714445819679434,TRUE,379,20
7,4,0.02,0.15,0.005,1,0.4242036115561492,0.49759941146699127,-0.06624357102124505,TRUE,371,20
8,4,0.02,0.15,0.005,1,NA,NA,NA,FALSE,388,20
9,4,0.02,0.15,0.005,1,0.10775371624672675,0.46063104441482416,-0.07447589092981635,TRUE,403,20
10,4,0.02,0.15,0.005,1,0.3168930901686871,0.5437722895081657,-0.08764685114544463,TRUE,378,20
11,4,0.02,0.15,0.005,1,NA,NA,NA,FALSE,320,20
12,4,0.02,0.15,0.005,1,NA,NA,NA,FALSE,357,20
13,4,0.02,0.15,0.005,1,NA,NA,NA,FALSE,352,20
14,4,0.02,0.15,0.005,1,0.24781618453665358,0.50089120746117,-0.09113790612853118,TRUE,348,20
15,4,0.02,0.15,0.005,1,NA,NA,NA,FALSE,364,20
16,4,0.02,0.15,0.005,1,0.5052193590324997,0.5682766346244995,-0.06820418154425521,TRUE,358,20
17,4,0.02,0.15,0.005,1,NA,NA,NA,FALSE,403,20
18,4,0.02,0.15,0.005,1,NA,NA,NA,FALSE,345,20
19,4,0.02,0.15,0.005,1,NA,NA,NA,FALSE,355,20
20,4,0.02,0.15,0.005,1,NA,NA,NA,FALSE,349,20
21,4,0.02,0.15,0.005,1,0.21647820374377175,0.5673836236530697,-0.06966839428357492,TRUE,362,20
22,4,0.02,0.15,0.005,1,NA,NA,NA,FALSE,328,20
23,4,0.02,0.15,0.005,1,0.7724439750881581,0.5771293824304268,-0.06341202340852702,TRUE,376,20
24,4,0.02,0.15,0.005,1,0.19480590346834858,0.5046430187327079,-0.06424800246959048,TRUE,377,20
25,4,0.02,0.15,0.005,1,0.43159586707393466,0.5445153153182477,-0.07703847307327932,TRUE,337,20
26,4,0.02,0.15,0.005,1,NA,NA,NA,FALSE,364,20
27,4,0.02,0.15,0.005,1,0.9853222566910145,0.6080984972526376,-0.07355700285760361,TRUE,356,20
28,4,0.02,0.15,0.005,1,0.14242967507013182,0.5274099145162855,-0.09747782247374774,TRUE,356,20
29,4,0.02,0.15,0.005,1,0.24755934588783626,0.557423672124446,-0.07791119623678733,TRUE,356,20
30,4,0.02,0.15,0.005,1,NA,NA,NA,FALSE,383,20
31,4,0.02,0.15,0.005,1,0,NA,NA,FALSE,342,20
32,4,0.02,0.15,0.005,1,0.026194818458144486,0.6067710883051562,-0.07338365812351354,TRUE,347,20
33,4,0.02,0.15,0.005,1,0.5185795921421318,0.4838706809951829,-0.07557846810633982,TRUE,352,20
34,4,0.02,0.15,0.005,1,0.01973339589722123,0.5188239377755929,-0.06955547578596884,TRUE,388,20
35,4,0.02,0.15,0.005,1,NA,NA,NA,FALSE,378,20
36,4,0.02,0.15,0.005,1,NA,NA,NA,FALSE,369,20
37,4,0.02,0.15,0.005,1,0.11439983339137161,0.5759954621178002,-0.07080197666369573,TRUE,357,20
38,4,0.02,0.15,0.005,1,0.4394429188489613,0.539874961647131,-0.06632751439612332,TRUE,369,20
39,4,0.02,0.15,0.005,1,0.5164350137874107,0.5663440410526801,-0.071663310248486,TRUE,325,20
40,4,0.02,0.15,0.005,1,NA,NA,NA,FALSE,354,20
41,4,0.02,0.15,0.005,1,NA,NA,NA,FALSE,339,20
42,4,0.02,0.15,0.005,1,0.3518986666944993,0.4955412982337513,-0.08700721338632948,TRUE,371,20
43,4,0.02,0.15,0.005,1,NA,NA,NA,FALSE,363,20
44,4,0.02,0.15,0.005,1,NA,NA,NA,FALSE,384,20
45,4,0.02,0.15,0.005,1,1.3596188684766914,0.7430080357211493,-0.07541660083071793,TRUE,327,20
46,4,0.02,0.15,0.005,1,NA,NA,NA,FALSE,386,20
47,4,0.02,0.15,0.005,1,NA,NA,NA,FALSE,383,20
48,4,0.02,0.15,0.005,1,NA,NA,NA,FALSE,346,20
49,4,0.02,0.15,0.005,1,0.08011472234665824,0.435890275083907,-0.07498131015929872,TRUE,366,20
50,4,0.02,0.15,0.005,1,0.048503732685917164,0.5293056371330737,-0.08892193745469062,TRUE,383,20
1,5,0.02,0.2,0.005,1,NA,NA,NA,FALSE,329,20
2,5,0.02,0.2,0.005,1,NA,NA,NA,FALSE,357,20
3,5,0.02,0.2,0.005,1,0,0,-0.0655235079549412,TRUE,365,20
4,5,0.02,0.2,0.005,1,NA,NA,NA,FALSE,340,20
5,5,0.02,0.2,0.005,1,0.44603992910134543,0.5334111135550378,-0.08840021010782398,TRUE,338,20
6,5,0.02,0.2,0.005,1,0.32029523967037965,0.4861204304678687,-0.08034425857256275,TRUE,357,20
7,5,0.02,0.2,0.005,1,0.44163276394899065,0.5261461082333807,-0.06142131117714812,TRUE,342,20
8,5,0.02,0.2,0.005,1,NA,NA,NA,FALSE,353,20
9,5,0.02,0.2,0.005,1,NA,NA,NA,FALSE,358,20
10,5,0.02,0.2,0.005,1,0,0,-0.07915563157209247,TRUE,349,20
11,5,0.02,0.2,0.005,1,0.08567062085496621,0.45816246949844625,-0.06423052536565656,TRUE,376,20
12,5,0.02,0.2,0.005,1,NA,NA,NA,FALSE,365,20
13,5,0.02,0.2,0.005,1,0.6461935583127183,0.47059443432945003,-0.06798783236294749,TRUE,371,20
14,5,0.02,0.2,0.005,1,NA,NA,NA,FALSE,352,20
15,5,0.02,0.2,0.005,1,0.5000166790986135,0.4791047751830042,-0.08325435420105592,TRUE,327,20
16,5,0.02,0.2,0.005,1,0.485522354886603,0.46777079557375756,-0.07145464754526683,TRUE,332,20
17,5,0.02,0.2,0.005,1,0.4116244465255646,0.4854288879055068,-0.05768649953907485,TRUE,350,20
18,5,0.02,0.2,0.005,1,NA,NA,NA,FALSE,377,20
19,5,0.02,0.2,0.005,1,0.4563082320963494,0.4540565406933645,-0.06541436071706688,TRUE,383,20
20,5,0.02,0.2,0.005,1,0.5985474124279919,0.4634875684950518,-0.0611493998135568,TRUE,349,20
21,5,0.02,0.2,0.005,1,0.280756917684457,0.4792492071913368,-0.05942752098622672,TRUE,335,20
22,5,0.02,0.2,0.005,1,0.41896053520314547,0.5073746006966915,-0.07266500589145124,TRUE,354,20
23,5,0.02,0.2,0.005,1,0.10058194767640508,0.5316968696915605,-0.059351991590401346,TRUE,348,20
24,5,0.02,0.2,0.005,1,NA,NA,NA,FALSE,354,20
25,5,0.02,0.2,0.005,1,0,NA,NA,FALSE,366,20
26,5,0.02,0.2,0.005,1,NA,NA,NA,FALSE,338,20
27,5,0.02,0.2,0.005,1,NA,NA,NA,FALSE,410,20
28,5,0.02,0.2,0.005,1,0.36946463618279635,0.5307232170099316,-0.0688929835645529,TRUE,354,20
29,5,0.02,0.2,0.005,1,1.1254274459384,0.4862680133149202,-0.0749380381108546,TRUE,392,20
30,5,0.02,0.2,0.005,1,0.6128851035348825,0.5270840344674981,-0.07515088164827233,TRUE,337,20
31,5,0.02,0.2,0.005,1,0.8995069747734659,0.5062369129357907,-0.07276444438212439,TRUE,369,20
32,5,0.02,0.2,0.005,1,NA,NA,NA,FALSE,375,20
33,5,0.02,0.2,0.005,1,0.08316782559173302,0.5348452047190745,-0.0860976535518299,TRUE,347,20
34,5,0.02,0.2,0.005,1,NA,NA,NA,FALSE,375,20
35,5,0.02,0.2,0.005,1,NA,NA,NA,FALSE,368,20
36,5,0.02,0.2,0.005,1,NA,NA,NA,FALSE,378,20
37,5,0.02,0.2,0.005,1,0.009253661488464923,0.5171687014889925,-0.08743004201953831,TRUE,354,20
38,5,0.02,0.2,0.005,1,0.9547892214008743,0.4445648068835513,-0.05902477773943547,TRUE,369,20
39,5,0.02,0.2,0.005,1,0.3448038886529488,0.4777506309025499,-0.07417456303251319,TRUE,385,20
40,5,0.02,0.2,0.005,1,0.2039679143030877,0.5256529873684134,-0.06351549931587065,TRUE,348,20
41,5,0.02,0.2,0.005,1,0.38040437049569054,0.5521405445968671,-0.08597284028538552,TRUE,341,20
42,5,0.02,0.2,0.005,1,NA,NA,NA,FALSE,392,20
43,5,0.02,0.2,0.005,1,NA,NA,NA,FALSE,434,20
44,5,0.02,0.2,0.005,1,NA,NA,NA,FALSE,331,20
45,5,0.02,0.2,0.005,1,0.8763626521576198,0.4928627168661508,-0.06716299428199832,TRUE,364,20
46,5,0.02,0.2,0.005,1,1.4017409759249213,0.4662671996438958,-0.07594678966302568,TRUE,360,20
47,5,0.02,0.2,0.005,1,NA,NA,NA,FALSE,363,20
48,5,0.02,0.2,0.005,1,NA,NA,NA,FALSE,370,20
49,5,0.02,0.2,0.005,1,NA,NA,NA,FALSE,353,20
50,5,0.02,0.2,0.005,1,0.20325388617135356,0.5042705525113136,-0.07952156008507094,TRUE,352,20
1,6,0.02,0.02,0.01,1,NA,NA,NA,FALSE,388,20
2,6,0.02,0.02,0.01,1,1.5156148452017648,1.3735690021368943,-0.08065429996835194,TRUE,365,20
3,6,0.02,0.02,0.01,1,2.202324249134765,1.430767273219814,-0.06387562052089905,TRUE,367,20
4,6,0.02,0.02,0.01,1,3.0708321541239894,1.9290952109361705,-0.07375911600009372,TRUE,375,20
5,6,0.02,0.02,0.01,1,2.3940080300217357,1.707014580753036,-0.07322347135968106,TRUE,353,20
6,6,0.02,0.02,0.01,1,4069921474453909e16,NA,NA,FALSE,407,20
7,6,0.02,0.02,0.01,1,NA,NA,NA,FALSE,361,20
8,6,0.02,0.02,0.01,1,2.1873813311667294,1.655998328057528,-0.07745010444944526,TRUE,343,20
9,6,0.02,0.02,0.01,1,1.7069239497242592,3.3355446230701626,-0.08573533594272384,TRUE,359,20
10,6,0.02,0.02,0.01,1,NA,NA,NA,FALSE,347,20
11,6,0.02,0.02,0.01,1,2.50291442316386,1.574281287753159,-0.09613415456768153,TRUE,331,20
12,6,0.02,0.02,0.01,1,NA,NA,NA,FALSE,345,20
13,6,0.02,0.02,0.01,1,NA,NA,NA,FALSE,336,20
14,6,0.02,0.02,0.01,1,2.539516086787756,1.6879792118956836,-0.0605776916727324,TRUE,348,20
15,6,0.02,0.02,0.01,1,NA,NA,NA,FALSE,369,20
16,6,0.02,0.02,0.01,1,1.9004682198573903,1.2997012890774018,-0.08409555563193125,TRUE,339,20
17,6,0.02,0.02,0.01,1,0,0,-0.06566132392301156,TRUE,368,20
18,6,0.02,0.02,0.01,1,2.674750963027658,1.7669845013370875,-0.08207122910531027,TRUE,387,20
19,6,0.02,0.02,0.01,1,1.9737982424003957,1.5705118145461967,-0.07759673959745354,TRUE,340,20
20,6,0.02,0.02,0.01,1,0.92148136392223845,1.3349135812994983,-0.07162718534710702,TRUE,319,20
21,6,0.02,0.02,0.01,1,NA,NA,NA,FALSE,368,20
22,6,0.02,0.02,0.01,1,3.3468270014212345,2.900499615092094,-0.06574777180747227,TRUE,366,20
23,6,0.02,0.02,0.01,1,NA,NA,NA,FALSE,349,20
24,6,0.02,0.02,0.01,1,1.040270412314803,1.2388088559642243,-0.07565353370908474,TRUE,357,20
25,6,0.02,0.02,0.01,1,1.3489943878227302,1.093666509513996,-0.08712499398983031,TRUE,354,20
26,6,0.02,0.02,0.01,1,0.28723905559679785,1.20592232539891,-0.07254640653935805,TRUE,393,20
27,6,0.02,0.02,0.01,1,NA,NA,NA,FALSE,406,20
28,6,0.02,0.02,0.01,1,3.0893707692818606,2.398905890852502,-0.06564705245646786,TRUE,369,20
29,6,0.02,0.02,0.01,1,NA,NA,NA,FALSE,341,20
30,6,0.02,0.02,0.01,1,1.0153814587290206,1.242183079760153,-0.07860244076739197,TRUE,345,20
31,6,0.02,0.02,0.01,1,NA,NA,NA,FALSE,368,20
32,6,0.02,0.02,0.01,1,1.6673172488587618,1.4678599220696844,-0.07520345769344648,TRUE,379,20
33,6,0.02,0.02,0.01,1,0.27889115932250713,1.3667113035543543,-0.0698455345713877,TRUE,360,20
34,6,0.02,0.02,0.01,1,NA,NA,NA,FALSE,389,20
35,6,0.02,0.02,0.01,1,NA,NA,NA,FALSE,348,20
36,6,0.02,0.02,0.01,1,NA,NA,NA,FALSE,374,20
37,6,0.02,0.02,0.01,1,0.4686709031971754,2.4069791503219546,-0.07513161615208709,TRUE,350,20
38,6,0.02,0.02,0.01,1,NA,NA,NA,FALSE,378,20
39,6,0.02,0.02,0.01,1,0.734732384592103,1.3909419258279891,-0.07965520981625213,TRUE,353,20
40,6,0.02,0.02,0.01,1,0.6946084853128438,1.7251256424011674,-0.0670992874539368,TRUE,339,20
41,6,0.02,0.02,0.01,1,NA,NA,NA,FALSE,390,20
42,6,0.02,0.02,0.01,1,1.1933488258525122,3.193032241699807,-0.08061920395046938,TRUE,352,20
43,6,0.02,0.02,0.01,1,0.2717803550887728,1.639067943717239,-0.07813525084255754,TRUE,341,20
44,6,0.02,0.02,0.01,1,1.7111525926335382,1.2762533839472991,-0.07090126636583716,TRUE,314,20
45,6,0.02,0.02,0.01,1,0.22446505986906098,1.1055336968196992,-0.06838828906627303,TRUE,351,20
46,6,0.02,0.02,0.01,1,0.0923899296502202,1.3724494270308738,-0.08663116865052639,TRUE,370,20
47,6,0.02,0.02,0.01,1,NA,NA,NA,FALSE,392,20
48,6,0.02,0.02,0.01,1,0.5252125453882837,1.3183688566870477,-0.08240818947335797,TRUE,352,20
49,6,0.02,0.02,0.01,1,1.0046901471288268,1.653711151485323,-0.09611771200890422,TRUE,347,20
50,6,0.02,0.02,0.01,1,NA,NA,NA,FALSE,349,20
1,7,0.02,0.05,0.01,1,1.0056267620542725,0.8856159607651946,-0.08344805774678916,TRUE,342,20
2,7,0.02,0.05,0.01,1,NA,NA,NA,FALSE,367,20
3,7,0.02,0.05,0.01,1,0,NA,NA,FALSE,366,20
4,7,0.02,0.05,0.01,1,0.5283755513615317,0.9497477807578686,-0.0650412234095829,TRUE,330,20
5,7,0.02,0.05,0.01,1,0.5298483429875686,0.8836083609952251,-0.06986178661606472,TRUE,357,20
6,7,0.02,0.05,0.01,1,2.653465767338746,1.0775073196816134,-0.06831692620135663,TRUE,338,20
7,7,0.02,0.05,0.01,1,0.46418318026619476,0.7184275959497866,-0.0614928710003316,TRUE,333,20
8,7,0.02,0.05,0.01,1,0.664619070770805,0.9071077424451134,-0.06519182500515638,TRUE,369,20
9,7,0.02,0.05,0.01,1,NA,NA,NA,FALSE,325,20
10,7,0.02,0.05,0.01,1,0.8052047026964136,0.9680048305663436,-0.06921563738239077,TRUE,394,20
11,7,0.02,0.05,0.01,1,0.6764506105961337,0.9546255615278818,-0.06479479134241084,TRUE,348,20
12,7,0.02,0.05,0.01,1,0,0,-0.07259201550653276,TRUE,341,20
13,7,0.02,0.05,0.01,1,NA,NA,NA,FALSE,348,20
14,7,0.02,0.05,0.01,1,NA,NA,NA,FALSE,389,20
15,7,0.02,0.05,0.01,1,0.1504000348544423,0.8826480444062778,-0.06820046644658669,TRUE,368,20
16,7,0.02,0.05,0.01,1,0.7869804349535909,0.8646245059540837,-0.07433236179527036,TRUE,394,20
17,7,0.02,0.05,0.01,1,1.3958600632097622,0.9597092689966733,-0.07402614431955955,TRUE,416,20
18,7,0.02,0.05,0.01,1,0.3312976366738231,0.7441999541928508,-0.0800633156295222,TRUE,351,20
19,7,0.02,0.05,0.01,1,0.8504941690232233,1.1868793892203682,-0.07237393434122184,TRUE,349,20
20,7,0.02,0.05,0.01,1,1.6035904633971778,0.9732025207802876,-0.05888019837406803,TRUE,356,20
21,7,0.02,0.05,0.01,1,0.5226340494772161,0.8687321709669019,-0.08268361264701794,TRUE,344,20
22,7,0.02,0.05,0.01,1,NA,NA,NA,FALSE,332,20
23,7,0.02,0.05,0.01,1,NA,NA,NA,FALSE,395,20
24,7,0.02,0.05,0.01,1,0.05057293144948049,1.0537758731558924,-0.07440691473170045,TRUE,385,20
25,7,0.02,0.05,0.01,1,1.1315540337185497,0.8192654652619397,-0.08799734166794052,TRUE,343,20
26,7,0.02,0.05,0.01,1,0.09398858834566433,0.676728605514575,-0.06925754539087056,TRUE,359,20
27,7,0.02,0.05,0.01,1,NA,NA,NA,FALSE,347,20
28,7,0.02,0.05,0.01,1,NA,NA,NA,FALSE,350,20
29,7,0.02,0.05,0.01,1,NA,NA,NA,FALSE,354,20
30,7,0.02,0.05,0.01,1,0.7469799144948381,0.6814043609004788,-0.0634854332948251,TRUE,353,20
31,7,0.02,0.05,0.01,1,0.37000668525192915,0.8732250816091357,-0.06782444844479715,TRUE,334,20
32,7,0.02,0.05,0.01,1,0,NA,NA,FALSE,382,20
33,7,0.02,0.05,0.01,1,1.7652502508434225,1.169102690196649,-0.08046033963417429,TRUE,366,20
34,7,0.02,0.05,0.01,1,0.13770707871224008,0.791154877411622,-0.0715587152211306,TRUE,375,20
35,7,0.02,0.05,0.01,1,NA,NA,NA,FALSE,345,20
36,7,0.02,0.05,0.01,1,0.4681255768362008,0.6689100325872768,-0.07860197005362346,TRUE,359,20
37,7,0.02,0.05,0.01,1,1.068990113387393,0.9764362468874512,-0.07850710989412732,TRUE,335,20
38,7,0.02,0.05,0.01,1,NA,NA,NA,FALSE,361,20
39,7,0.02,0.05,0.01,1,NA,NA,NA,FALSE,371,20
40,7,0.02,0.05,0.01,1,NA,NA,NA,FALSE,340,20
41,7,0.02,0.05,0.01,1,NA,NA,NA,FALSE,379,20
42,7,0.02,0.05,0.01,1,NA,NA,NA,FALSE,347,20
43,7,0.02,0.05,0.01,1,NA,NA,NA,FALSE,355,20
44,7,0.02,0.05,0.01,1,0.5195954570927918,0.643758339402911,-0.0699509042027303,TRUE,382,20
45,7,0.02,0.05,0.01,1,0,NA,NA,FALSE,366,20
46,7,0.02,0.05,0.01,1,NA,NA,NA,FALSE,371,20
47,7,0.02,0.05,0.01,1,0.4115210365223791,0.969844950898532,-0.0682016577843458,TRUE,364,20
48,7,0.02,0.05,0.01,1,0.5230778767609829,0.6003540480553204,-0.05384013751858108,TRUE,336,20
49,7,0.02,0.05,0.01,1,NA,NA,NA,FALSE,365,20
50,7,0.02,0.05,0.01,1,NA,NA,NA,FALSE,377,20
1,8,0.02,0.09,0.01,1,NA,NA,NA,FALSE,382,20
2,8,0.02,0.09,0.01,1,NA,NA,NA,FALSE,354,20
3,8,0.02,0.09,0.01,1,NA,NA,NA,FALSE,375,20
4,8,0.02,0.09,0.01,1,0.2847800747211686,0.6941498945575509,-0.06923840099728144,TRUE,367,20
5,8,0.02,0.09,0.01,1,NA,NA,NA,FALSE,362,20
6,8,0.02,0.09,0.01,1,1.3299821649730617,0.7305120232829289,-0.06318871417268537,TRUE,347,20
7,8,0.02,0.09,0.01,1,NA,NA,NA,FALSE,384,20
8,8,0.02,0.09,0.01,1,0.530956730375222,0.6446168296941049,-0.08104272215253489,TRUE,357,20
9,8,0.02,0.09,0.01,1,0.04968850905364341,0.6118330417907978,-0.08541900307882991,TRUE,361,20
10,8,0.02,0.09,0.01,1,NA,NA,NA,FALSE,357,20
11,8,0.02,0.09,0.01,1,0.2768158940782261,0.6161738194169469,-0.07054555621306632,TRUE,344,20
12,8,0.02,0.09,0.01,1,0.7810066766617194,0.5890253743297166,-0.07829884427747245,TRUE,374,20
13,8,0.02,0.09,0.01,1,0.8439486059910414,0.7688599857727119,-0.07004487835778356,TRUE,334,20
14,8,0.02,0.09,0.01,1,0.6867710620494113,0.6455798043006663,-0.08105977134806909,TRUE,340,20
15,8,0.02,0.09,0.01,1,0.8866966685914908,0.6957370623434318,-0.07075548919559052,TRUE,352,20
16,8,0.02,0.09,0.01,1,NA,NA,NA,FALSE,361,20
17,8,0.02,0.09,0.01,1,1.1463163671916667,0.5968760214014515,-0.06696967299272695,TRUE,372,20
18,8,0.02,0.09,0.01,1,NA,NA,NA,FALSE,388,20
19,8,0.02,0.09,0.01,1,NA,NA,NA,FALSE,369,20
20,8,0.02,0.09,0.01,1,0.11057731495064115,0.6053422015902047,-0.07054316430606088,TRUE,333,20
21,8,0.02,0.09,0.01,1,1.5644040211886128,0.6692170059909375,-0.06234642977537983,TRUE,369,20
22,8,0.02,0.09,0.01,1,1.2559421814254683,0.9433740838686304,-0.07317097445814799,TRUE,373,20
23,8,0.02,0.09,0.01,1,NA,NA,NA,FALSE,346,20
24,8,0.02,0.09,0.01,1,0.6981598559256095,0.5508034389810795,-0.06023924095660047,TRUE,358,20
25,8,0.02,0.09,0.01,1,0.1294265661800493,0.6248434888412744,-0.08631919828614482,TRUE,387,20
26,8,0.02,0.09,0.01,1,0.6602970976566979,0.6650580226421846,-0.06077074982319001,TRUE,352,20
27,8,0.02,0.09,0.01,1,NA,NA,NA,FALSE,353,20
28,8,0.02,0.09,0.01,1,NA,NA,NA,FALSE,337,20
29,8,0.02,0.09,0.01,1,NA,NA,NA,FALSE,351,20
30,8,0.02,0.09,0.01,1,NA,NA,NA,FALSE,352,20
31,8,0.02,0.09,0.01,1,0.555305887460794,0.6769603922585076,-0.0713697189246637,TRUE,352,20
32,8,0.02,0.09,0.01,1,NA,NA,NA,FALSE,390,20
33,8,0.02,0.09,0.01,1,NA,NA,NA,FALSE,384,20
34,8,0.02,0.09,0.01,1,NA,NA,NA,FALSE,359,20
35,8,0.02,0.09,0.01,1,0.5902147188715503,0.7563000700880884,-0.06499879237790204,TRUE,339,20
36,8,0.02,0.09,0.01,1,NA,NA,NA,FALSE,346,20
37,8,0.02,0.09,0.01,1,NA,NA,NA,FALSE,344,20
38,8,0.02,0.09,0.01,1,0.7760984079418548,0.9701282903990087,-0.07372539384607774,TRUE,357,20
39,8,0.02,0.09,0.01,1,0.6043123993148081,0.6722876620977055,-0.07933725213963626,TRUE,369,20
40,8,0.02,0.09,0.01,1,0.7465099760150978,0.6860317564076543,-0.09241851177980509,TRUE,375,20
41,8,0.02,0.09,0.01,1,0.5293755386396604,0.7418035888404642,-0.08378857781764308,TRUE,357,20
42,8,0.02,0.09,0.01,1,NA,NA,NA,FALSE,335,20
43,8,0.02,0.09,0.01,1,0.7145522351545626,0.5871321429707551,-0.06176942474282062,TRUE,389,20
44,8,0.02,0.09,0.01,1,NA,NA,NA,FALSE,328,20
45,8,0.02,0.09,0.01,1,NA,NA,NA,FALSE,365,20
46,8,0.02,0.09,0.01,1,0.114571096922939,0.8337767794899337,-0.06666907857546822,TRUE,336,20
47,8,0.02,0.09,0.01,1,0.5913405740609987,0.7376223722706297,-0.0738921116561454,TRUE,389,20
48,8,0.02,0.09,0.01,1,1.0255597139415928,0.649575066527593,-0.07865816783333641,TRUE,358,20
49,8,0.02,0.09,0.01,1,0.6315611100934725,0.7481073972684448,-0.06221821648245056,TRUE,371,20
50,8,0.02,0.09,0.01,1,NA,NA,NA,FALSE,360,20
1,9,0.02,0.15,0.01,1,0.2399684137667589,0.498003419596158,-0.0783447946638721,TRUE,341,20
2,9,0.02,0.15,0.01,1,NA,NA,NA,FALSE,358,20
3,9,0.02,0.15,0.01,1,NA,NA,NA,FALSE,347,20
4,9,0.02,0.15,0.01,1,NA,NA,NA,FALSE,368,20
5,9,0.02,0.15,0.01,1,0.4446214702489457,0.4671018579977643,-0.0727567282827143,TRUE,358,20
6,9,0.02,0.15,0.01,1,NA,NA,NA,FALSE,362,20
7,9,0.02,0.15,0.01,1,0.03927064782916153,0.5108640057513224,-0.07148085734376654,TRUE,360,20
8,9,0.02,0.15,0.01,1,0.5581729021992768,0.4357175513142378,-0.08342878954602324,TRUE,382,20
9,9,0.02,0.15,0.01,1,1.2249683630222075,0.5951948716983326,-0.06054692330704413,TRUE,369,20
10,9,0.02,0.15,0.01,1,NA,NA,NA,FALSE,350,20
11,9,0.02,0.15,0.01,1,NA,NA,NA,FALSE,395,20
12,9,0.02,0.15,0.01,1,0,0,-0.05713676253163171,TRUE,325,20
13,9,0.02,0.15,0.01,1,NA,NA,NA,FALSE,390,20
14,9,0.02,0.15,0.01,1,0.22305362619089192,0.6957008611314124,-0.08292415026784247,TRUE,326,20
15,9,0.02,0.15,0.01,1,1.5577696918347683,0.5941934189182666,-0.06796764506677104,TRUE,355,20
16,9,0.02,0.15,0.01,1,NA,NA,NA,FALSE,379,20
17,9,0.02,0.15,0.01,1,NA,NA,NA,FALSE,362,20
18,9,0.02,0.15,0.01,1,0.046751451753205615,0.5330343667142345,-0.06566302384218614,TRUE,366,20
19,9,0.02,0.15,0.01,1,0.11554650643431222,0.5750353439117967,-0.06320541376330814,TRUE,354,20
20,9,0.02,0.15,0.01,1,NA,NA,NA,FALSE,384,20
21,9,0.02,0.15,0.01,1,NA,NA,NA,FALSE,372,20
22,9,0.02,0.15,0.01,1,NA,NA,NA,FALSE,383,20
23,9,0.02,0.15,0.01,1,NA,NA,NA,FALSE,376,20
24,9,0.02,0.15,0.01,1,0.6185869882864298,0.5662826989365922,-0.0776737592860944,TRUE,383,20
25,9,0.02,0.15,0.01,1,0.22697324877098307,0.5551452176149193,-0.08412517761575217,TRUE,372,20
26,9,0.02,0.15,0.01,1,0,NA,NA,FALSE,336,20
27,9,0.02,0.15,0.01,1,0.699844746531859,0.5895775327217628,-0.06834041251752923,TRUE,358,20
28,9,0.02,0.15,0.01,1,NA,NA,NA,FALSE,420,20
29,9,0.02,0.15,0.01,1,NA,NA,NA,FALSE,328,20
30,9,0.02,0.15,0.01,1,NA,NA,NA,FALSE,391,20
31,9,0.02,0.15,0.01,1,NA,NA,NA,FALSE,331,20
32,9,0.02,0.15,0.01,1,0.13013749581160283,0.46769643239834274,-0.06344028864245722,TRUE,351,20
33,9,0.02,0.15,0.01,1,NA,NA,NA,FALSE,372,20
34,9,0.02,0.15,0.01,1,0.005473552425082185,0.486326667562464,-0.08244150991679912,TRUE,367,20
35,9,0.02,0.15,0.01,1,NA,NA,NA,FALSE,339,20
36,9,0.02,0.15,0.01,1,NA,NA,NA,FALSE,376,20
37,9,0.02,0.15,0.01,1,0.7569485051480576,0.5966498281301782,-0.06094544595787103,TRUE,357,20
38,9,0.02,0.15,0.01,1,0.33127390996254547,0.5164959727803871,-0.064355195979682,TRUE,350,20
39,9,0.02,0.15,0.01,1,NA,NA,NA,FALSE,349,20
40,9,0.02,0.15,0.01,1,0.13134857369925207,0.4913649561316602,-0.05534550238831526,TRUE,393,20
41,9,0.02,0.15,0.01,1,NA,NA,NA,FALSE,383,20
42,9,0.02,0.15,0.01,1,0.9841028118172654,0.4564580876095901,-0.08407021619507775,TRUE,356,20
43,9,0.02,0.15,0.01,1,NA,NA,NA,FALSE,381,20
44,9,0.02,0.15,0.01,1,NA,NA,NA,FALSE,365,20
45,9,0.02,0.15,0.01,1,0.33202875080521194,0.476861860106703,-0.07491262929120861,TRUE,362,20
46,9,0.02,0.15,0.01,1,NA,NA,NA,FALSE,346,20
47,9,0.02,0.15,0.01,1,0.30749194256066653,0.5881524854118994,-0.07845040318170292,TRUE,337,20
48,9,0.02,0.15,0.01,1,0.08014151786823645,0.4993908834355992,-0.08747552778034819,TRUE,390,20
49,9,0.02,0.15,0.01,1,0.10221111026298371,0.6090104018599034,-0.0687538335506779,TRUE,344,20
50,9,0.02,0.15,0.01,1,NA,NA,NA,FALSE,363,20
1,10,0.02,0.2,0.01,1,NA,NA,NA,FALSE,373,20
2,10,0.02,0.2,0.01,1,NA,NA,NA,FALSE,356,20
3,10,0.02,0.2,0.01,1,NA,NA,NA,FALSE,367,20
4,10,0.02,0.2,0.01,1,NA,NA,NA,FALSE,347,20
5,10,0.02,0.2,0.01,1,0.13772483922331322,0.5359599550241793,-0.08772174175092319,TRUE,342,20
6,10,0.02,0.2,0.01,1,0.40525889492858236,0.4600539752787678,-0.05573807999651292,TRUE,365,20
7,10,0.02,0.2,0.01,1,0.665848474531282,0.4464681053598521,-0.060759798149877045,TRUE,354,20
8,10,0.02,0.2,0.01,1,0.289441874016009,0.4415757926664115,-0.07672757936517936,TRUE,354,20
9,10,0.02,0.2,0.01,1,0.15742809067842273,0.48272849699384773,-0.07336283171812245,TRUE,362,20
10,10,0.02,0.2,0.01,1,0.9468537289500631,0.4729221300142881,-0.07004494866603679,TRUE,356,20
11,10,0.02,0.2,0.01,1,NA,NA,NA,FALSE,370,20
12,10,0.02,0.2,0.01,1,NA,NA,NA,FALSE,348,20
13,10,0.02,0.2,0.01,1,0.5916687402787756,0.4494884890194375,-0.06597443357202001,TRUE,394,20
14,10,0.02,0.2,0.01,1,NA,NA,NA,FALSE,348,20
15,10,0.02,0.2,0.01,1,0.2943462105027012,0.49634537923147637,-0.06981623812654135,TRUE,363,20
16,10,0.02,0.2,0.01,1,0.4343042057582431,0.44333250295477356,-0.07423492613417619,TRUE,351,20
17,10,0.02,0.2,0.01,1,NA,NA,NA,FALSE,340,20
18,10,0.02,0.2,0.01,1,0.41153347778484567,0.47462154681302837,-0.07165668968596657,TRUE,364,20
19,10,0.02,0.2,0.01,1,NA,NA,NA,FALSE,327,20
20,10,0.02,0.2,0.01,1,0.4587750807765826,0.5264303914727643,-0.09039888269180818,TRUE,387,20
21,10,0.02,0.2,0.01,1,0.2978661087927864,0.48195052364930513,-0.08149905652336828,TRUE,373,20
22,10,0.02,0.2,0.01,1,NA,NA,NA,FALSE,335,20
23,10,0.02,0.2,0.01,1,0.44355413000984284,0.4123372631188338,-0.061903479351337484,TRUE,343,20
24,10,0.02,0.2,0.01,1,0.16274448391111926,0.4756698643871118,-0.08289080441998566,TRUE,388,20
25,10,0.02,0.2,0.01,1,0,0,-0.07997288653494931,TRUE,359,20
26,10,0.02,0.2,0.01,1,0.10652257464371898,0.4981226107711096,-0.0849842641605647,TRUE,356,20
27,10,0.02,0.2,0.01,1,0.3456805471619919,0.5329495542481749,-0.09347914549615964,TRUE,323,20
28,10,0.02,0.2,0.01,1,0.18999977130089346,0.5303833704023904,-0.07850246650792353,TRUE,325,20
29,10,0.02,0.2,0.01,1,0.0752405292539752,0.44270951087105753,-0.07332395461298372,TRUE,365,20
30,10,0.02,0.2,0.01,1,1.1768323765532964,0.49044710121162155,-0.07222926415685622,TRUE,350,20
31,10,0.02,0.2,0.01,1,0.19149404143921847,0.45027219953017694,-0.09188415346322133,TRUE,357,20
32,10,0.02,0.2,0.01,1,0.1922352972500065,0.453129003445229,-0.0738143659451518,TRUE,352,20
33,10,0.02,0.2,0.01,1,0.5498521064470518,0.5317147794735623,-0.07534844437958088,TRUE,369,20
34,10,0.02,0.2,0.01,1,NA,NA,NA,FALSE,372,20
35,10,0.02,0.2,0.01,1,NA,NA,NA,FALSE,323,20
36,10,0.02,0.2,0.01,1,NA,NA,NA,FALSE,371,20
37,10,0.02,0.2,0.01,1,NA,NA,NA,FALSE,383,20
38,10,0.02,0.2,0.01,1,NA,NA,NA,FALSE,364,20
39,10,0.02,0.2,0.01,1,NA,NA,NA,FALSE,368,20
40,10,0.02,0.2,0.01,1,NA,NA,NA,FALSE,341,20
41,10,0.02,0.2,0.01,1,0.4447698499545477,0.39614721594739466,-0.0768538926495913,TRUE,356,20
42,10,0.02,0.2,0.01,1,NA,NA,NA,FALSE,379,20
43,10,0.02,0.2,0.01,1,0,0,-0.056177124008424284,TRUE,309,20
44,10,0.02,0.2,0.01,1,0.5062799038203254,0.42969188155946014,-0.06959114232114368,TRUE,382,20
45,10,0.02,0.2,0.01,1,NA,NA,NA,FALSE,351,20
46,10,0.02,0.2,0.01,1,0.1620269193373592,0.42536328642048776,-0.05995883687272394,TRUE,375,20
47,10,0.02,0.2,0.01,1,0.1848132906160467,0.4158363520487404,-0.06943907980009417,TRUE,398,20
48,10,0.02,0.2,0.01,1,0.35246211000244637,0.4389166379511915,-0.10101897053316725,TRUE,383,20
49,10,0.02,0.2,0.01,1,NA,NA,NA,FALSE,370,20
50,10,0.02,0.2,0.01,1,NA,NA,NA,FALSE,356,20
1,11,0.02,0.05,0.02,1,NA,NA,NA,FALSE,387,20
2,11,0.02,0.05,0.02,1,0.4406771732399015,0.8536251163263062,-0.06681036488370007,TRUE,369,20
3,11,0.02,0.05,0.02,1,NA,NA,NA,FALSE,349,20
4,11,0.02,0.05,0.02,1,0.7728729989141968,0.6832446510865066,-0.059996838598699066,TRUE,340,20
5,11,0.02,0.05,0.02,1,0.7913943019683951,1.0401260400359398,-0.07963161025043751,TRUE,349,20
6,11,0.02,0.05,0.02,1,NA,NA,NA,FALSE,352,20
7,11,0.02,0.05,0.02,1,NA,NA,NA,FALSE,352,20
8,11,0.02,0.05,0.02,1,NA,NA,NA,FALSE,356,20
9,11,0.02,0.05,0.02,1,0.9918342462727996,0.8261814260981101,-0.08113124359422273,TRUE,367,20
10,11,0.02,0.05,0.02,1,NA,NA,NA,FALSE,364,20
11,11,0.02,0.05,0.02,1,NA,NA,NA,FALSE,348,20
12,11,0.02,0.05,0.02,1,0.34460607110718483,1.0060982833885674,-0.07559464125620281,TRUE,357,20
13,11,0.02,0.05,0.02,1,0.06234596607172067,0.7969639238662264,-0.06050086969794093,TRUE,331,20
14,11,0.02,0.05,0.02,1,0.3365596585654466,0.8290074472354763,-0.06628616310996317,TRUE,342,20
15,11,0.02,0.05,0.02,1,NA,NA,NA,FALSE,350,20
16,11,0.02,0.05,0.02,1,NA,NA,NA,FALSE,359,20
17,11,0.02,0.05,0.02,1,NA,NA,NA,FALSE,385,20
18,11,0.02,0.05,0.02,1,0.8503155239225499,0.7658798011913176,-0.086075439790739,TRUE,357,20
19,11,0.02,0.05,0.02,1,NA,NA,NA,FALSE,373,20
20,11,0.02,0.05,0.02,1,0.9941788512626998,1.0850567494856591,-0.06968023281388118,TRUE,356,20
21,11,0.02,0.05,0.02,1,0.556033057797192,0.9633463405773255,-0.072319974431178,TRUE,346,20
22,11,0.02,0.05,0.02,1,0.1326658452277411,0.8929633136499621,-0.07185082199626193,TRUE,359,20
23,11,0.02,0.05,0.02,1,0.6046886974567187,0.7510862430016074,-0.08200021019377965,TRUE,360,20
24,11,0.02,0.05,0.02,1,NA,NA,NA,FALSE,380,20
25,11,0.02,0.05,0.02,1,NA,NA,NA,FALSE,372,20
26,11,0.02,0.05,0.02,1,NA,NA,NA,FALSE,336,20
27,11,0.02,0.05,0.02,1,0.8556396303140558,0.7855466491590707,-0.06621653919630784,TRUE,373,20
28,11,0.02,0.05,0.02,1,0.6034038094006584,0.8402467813172245,-0.06499067798400625,TRUE,395,20
29,11,0.02,0.05,0.02,1,NA,NA,NA,FALSE,343,20
30,11,0.02,0.05,0.02,1,0.39615556055547163,0.9266756480482329,-0.07488656164376652,TRUE,362,20
31,11,0.02,0.05,0.02,1,0.035037497747203376,0.6977222619778287,-0.06324224137149513,TRUE,353,20
32,11,0.02,0.05,0.02,1,NA,NA,NA,FALSE,344,20
33,11,0.02,0.05,0.02,1,0.2052575529185213,1.1831342384204464,-0.08873488080516631,TRUE,351,20
34,11,0.02,0.05,0.02,1,2.838976508125871,1.374808066975412,-0.0764471936636146,TRUE,356,20
35,11,0.02,0.05,0.02,1,1.5246915249724253,0.9053541310442618,-0.057611206680392636,TRUE,355,20
36,11,0.02,0.05,0.02,1,1.7444054545107772,1.0333310319716174,-0.06242425052117715,TRUE,344,20
37,11,0.02,0.05,0.02,1,NA,NA,NA,FALSE,341,20
38,11,0.02,0.05,0.02,1,NA,NA,NA,FALSE,356,20
39,11,0.02,0.05,0.02,1,NA,NA,NA,FALSE,348,20
40,11,0.02,0.05,0.02,1,NA,NA,NA,FALSE,352,20
41,11,0.02,0.05,0.02,1,0.17282424416638986,0.9341427788368826,-0.06969662005147509,TRUE,355,20
42,11,0.02,0.05,0.02,1,NA,NA,NA,FALSE,349,20
43,11,0.02,0.05,0.02,1,0.5334022363504947,0.7218126264754599,-0.0594023281174384,TRUE,378,20
44,11,0.02,0.05,0.02,1,0.3869914948629043,0.7758769639169749,-0.06669369214518858,TRUE,356,20
45,11,0.02,0.05,0.02,1,0.6577232765768765,0.6468100027631369,-0.07702179348520359,TRUE,408,20
46,11,0.02,0.05,0.02,1,0.18103714580180988,0.8048198750827409,-0.09276001637853287,TRUE,350,20
47,11,0.02,0.05,0.02,1,2.143675140601463,1.1234094505931231,-0.061448669231867266,TRUE,369,20
48,11,0.02,0.05,0.02,1,0.23153169342458088,1.0628841741026125,-0.09683790050609563,TRUE,369,20
49,11,0.02,0.05,0.02,1,0.28361234347984426,0.7749638961066296,-0.07194503721720294,TRUE,360,20
50,11,0.02,0.05,0.02,1,3.100862233451522e-5,0.7905927138645183,-0.07256926088887536,TRUE,344,20
1,12,0.02,0.09,0.02,1,NA,NA,NA,FALSE,358,20
2,12,0.02,0.09,0.02,1,0.6759366876655444,0.573735977200294,-0.06467264962719957,TRUE,359,20
3,12,0.02,0.09,0.02,1,NA,NA,NA,FALSE,395,20
4,12,0.02,0.09,0.02,1,1.571387095684055,0.8702357179614026,-0.06564975528871954,TRUE,368,20
5,12,0.02,0.09,0.02,1,1.0776647973468172,0.6752316341273017,-0.07207560326151849,TRUE,361,20
6,12,0.02,0.09,0.02,1,1.1240257396461506,1.1254383622365045,-0.06370397693978937,TRUE,388,20
7,12,0.02,0.09,0.02,1,1.6657899354720678,0.847920589112259,-0.07593704263250156,TRUE,351,20
8,12,0.02,0.09,0.02,1,1.5705167207072797,0.7192575131413654,-0.08722880939641127,TRUE,339,20
9,12,0.02,0.09,0.02,1,NA,NA,NA,FALSE,364,20
10,12,0.02,0.09,0.02,1,NA,NA,NA,FALSE,348,20
11,12,0.02,0.09,0.02,1,0.7687282000984371,0.6369843601454952,-0.0620165963566363,TRUE,348,20
12,12,0.02,0.09,0.02,1,NA,NA,NA,FALSE,342,20
13,12,0.02,0.09,0.02,1,0.04621871874014153,0.6266148490960395,-0.06899225970307613,TRUE,324,20
14,12,0.02,0.09,0.02,1,NA,NA,NA,FALSE,364,20
15,12,0.02,0.09,0.02,1,1.4059330229928109,0.8103587873098326,-0.07204512149370483,TRUE,342,20
16,12,0.02,0.09,0.02,1,0.17177271732953986,0.5704472162877868,-0.08040255057492461,TRUE,349,20
17,12,0.02,0.09,0.02,1,NA,NA,NA,FALSE,362,20
18,12,0.02,0.09,0.02,1,0.25778041453653733,0.5449439550064493,-0.07333212443731964,TRUE,384,20
19,12,0.02,0.09,0.02,1,0.2369671942916869,0.45382888090736334,-0.08089589622161092,TRUE,380,20
20,12,0.02,0.09,0.02,1,NA,NA,NA,FALSE,360,20
21,12,0.02,0.09,0.02,1,0.3021397584255385,0.5456542596295065,-0.09422999360658282,TRUE,359,20
22,12,0.02,0.09,0.02,1,0.10864195313979776,0.6520683609303742,-0.08708761496186883,TRUE,362,20
23,12,0.02,0.09,0.02,1,0.6180005785617763,0.6836042866345924,-0.08985839757965562,TRUE,346,20
24,12,0.02,0.09,0.02,1,0.4583809051528023,0.681473108384877,-0.0613493921482058,TRUE,390,20
25,12,0.02,0.09,0.02,1,NA,NA,NA,FALSE,380,20
26,12,0.02,0.09,0.02,1,0.04360750908936905,0.6449317682755938,-0.06911918557030672,TRUE,350,20
27,12,0.02,0.09,0.02,1,NA,NA,NA,FALSE,328,20
28,12,0.02,0.09,0.02,1,0.15748083794256373,0.6204331310769218,-0.07592879620105629,TRUE,375,20
29,12,0.02,0.09,0.02,1,NA,NA,NA,FALSE,314,20
30,12,0.02,0.09,0.02,1,NA,NA,NA,FALSE,404,20
31,12,0.02,0.09,0.02,1,0.31901728828866693,0.5486729102093464,-0.07763794063349211,TRUE,377,20
32,12,0.02,0.09,0.02,1,0.2745205280217544,0.7144099422121184,-0.09612347458565865,TRUE,361,20
33,12,0.02,0.09,0.02,1,0.47045117876478715,0.6988137845336919,-0.059983642203953004,TRUE,353,20
34,12,0.02,0.09,0.02,1,1.108737629665774,0.6435852014404334,-0.07030014426275394,TRUE,337,20
35,12,0.02,0.09,0.02,1,NA,NA,NA,FALSE,377,20
36,12,0.02,0.09,0.02,1,NA,NA,NA,FALSE,324,20
37,12,0.02,0.09,0.02,1,0.8865476973521873,0.7043831014679636,-0.075819916248454855,TRUE,367,20
38,12,0.02,0.09,0.02,1,0.9541640939225293,0.7457039004520581,-0.06430160232744053,TRUE,376,20
39,12,0.02,0.09,0.02,1,0.950722986671948,0.7108911985862261,-0.06953346889515728,TRUE,342,20
40,12,0.02,0.09,0.02,1,NA,NA,NA,FALSE,386,20
41,12,0.02,0.09,0.02,1,0.004905084753060588,0.5855900500593332,-0.0562724518785572,TRUE,354,20
42,12,0.02,0.09,0.02,1,NA,NA,NA,FALSE,357,20
43,12,0.02,0.09,0.02,1,NA,NA,NA,FALSE,373,20
44,12,0.02,0.09,0.02,1,0.6113595412951508,0.6581591608558552,-0.06329373386660016,TRUE,369,20
45,12,0.02,0.09,0.02,1,0.596207748914176,0.6731389857672284,-0.068685838284175,TRUE,346,20
46,12,0.02,0.09,0.02,1,0.34017691859104277,0.7066504315362104,-0.07649009621274015,TRUE,340,20
47,12,0.02,0.09,0.02,1,NA,NA,NA,FALSE,357,20
48,12,0.02,0.09,0.02,1,NA,NA,NA,FALSE,325,20
49,12,0.02,0.09,0.02,1,NA,NA,NA,FALSE,376,20
50,12,0.02,0.09,0.02,1,9.226650339937955e-4,0.6730476681552524,-0.07486240857075074,TRUE,352,20
1,13,0.02,0.15,0.02,1,NA,NA,NA,FALSE,327,20
2,13,0.02,0.15,0.02,1,1.616866962077738,0.6191203376532421,-0.0742610864181662,TRUE,325,20
3,13,0.02,0.15,0.02,1,0.27615790554537806,0.6051032532833708,-0.06809419987937343,TRUE,318,20
4,13,0.02,0.15,0.02,1,0.6173599990129917,0.5846095832155764,-0.06992352138470254,TRUE,341,20
5,13,0.02,0.15,0.02,1,0.8062608920308707,0.662858695433022,-0.07259136700619723,TRUE,336,20
6,13,0.02,0.15,0.02,1,0.012344729515082854,0.6886338416585465,-0.06156906704918368,TRUE,375,20
7,13,0.02,0.15,0.02,1,0.2724943973505536,0.6742034472489853,-0.05436231640101016,TRUE,368,20
8,13,0.02,0.15,0.02,1,0.3997695478141256,0.43575051308556184,-0.0672397382475352,TRUE,390,20
9,13,0.02,0.15,0.02,1,0.5150045584262237,0.5790125701600554,-0.059513723422954294,TRUE,350,20
10,13,0.02,0.15,0.02,1,NA,NA,NA,FALSE,366,20
11,13,0.02,0.15,0.02,1,1.0945132120663044,0.5589243719932865,-0.0810320772391856,TRUE,353,20
12,13,0.02,0.15,0.02,1,0.5245210056471719,0.5642166575697208,-0.07246902003152468,TRUE,391,20
13,13,0.02,0.15,0.02,1,NA,NA,NA,FALSE,348,20
14,13,0.02,0.15,0.02,1,0.4327445714789488,0.49540228557378096,-0.07770153161931428,TRUE,369,20
15,13,0.02,0.15,0.02,1,0.8663415433354429,0.6580676223699332,-0.0871365210279824,TRUE,359,20
16,13,0.02,0.15,0.02,1,0.3383093301129285,0.502570679247767,-0.07488126880570307,TRUE,356,20
17,13,0.02,0.15,0.02,1,NA,NA,NA,FALSE,345,20
18,13,0.02,0.15,0.02,1,0.08965125392738359,0.5257774007724196,-0.08076358359068027,TRUE,346,20
19,13,0.02,0.15,0.02,1,NA,NA,NA,FALSE,345,20
20,13,0.02,0.15,0.02,1,0.5002427424340316,0.49639627840358563,-0.07112669890599745,TRUE,356,20
21,13,0.02,0.15,0.02,1,NA,NA,NA,FALSE,344,20
22,13,0.02,0.15,0.02,1,NA,NA,NA,FALSE,366,20
23,13,0.02,0.15,0.02,1,1.2610555980182827,0.5907290561162988,-0.07047587758009842,TRUE,376,20
24,13,0.02,0.15,0.02,1,NA,NA,NA,FALSE,383,20
25,13,0.02,0.15,0.02,1,NA,NA,NA,FALSE,412,20
26,13,0.02,0.15,0.02,1,0,NA,NA,FALSE,333,20
27,13,0.02,0.15,0.02,1,0.507459758751499,0.5836953005145681,-0.08068337351574324,TRUE,355,20
28,13,0.02,0.15,0.02,1,0.015630055882428228,0.5325075791780888,-0.06527363846246287,TRUE,371,20
29,13,0.02,0.15,0.02,1,NA,NA,NA,FALSE,326,20
30,13,0.02,0.15,0.02,1,0.44024631352073096,0.5114965409415605,-0.06825231724043998,TRUE,376,20
31,13,0.02,0.15,0.02,1,NA,NA,NA,FALSE,347,20
32,13,0.02,0.15,0.02,1,0.3456137758230374,0.4588967992843855,-0.07413163419908379,TRUE,387,20
33,13,0.02,0.15,0.02,1,0.3997743516336482,0.5691475631210197,-0.08862698413134022,TRUE,368,20
34,13,0.02,0.15,0.02,1,0.8744246145467053,0.6031261578984568,-0.07017831723762376,TRUE,382,20
35,13,0.02,0.15,0.02,1,NA,NA,NA,FALSE,363,20
36,13,0.02,0.15,0.02,1,NA,NA,NA,FALSE,361,20
37,13,0.02,0.15,0.02,1,NA,NA,NA,FALSE,355,20
38,13,0.02,0.15,0.02,1,0.024558987628908017,0.50856948797886,-0.07795776917824955,TRUE,327,20
39,13,0.02,0.15,0.02,1,NA,NA,NA,FALSE,353,20
40,13,0.02,0.15,0.02,1,1.2380313021837863,0.5962275634857248,-0.0825099487454062,TRUE,344,20
41,13,0.02,0.15,0.02,1,NA,NA,NA,FALSE,339,20
42,13,0.02,0.15,0.02,1,1.4365964674533724,0.5703961298204084,-0.08732464517329323,TRUE,325,20
43,13,0.02,0.15,0.02,1,NA,NA,NA,FALSE,356,20
44,13,0.02,0.15,0.02,1,NA,NA,NA,FALSE,379,20
45,13,0.02,0.15,0.02,1,0.7946441803231241,0.49195699017704436,-0.07201980187812485,TRUE,334,20
46,13,0.02,0.15,0.02,1,0.12260759102914981,0.4918121728410906,-0.0882499226815071,TRUE,363,20
47,13,0.02,0.15,0.02,1,NA,NA,NA,FALSE,356,20
48,13,0.02,0.15,0.02,1,NA,NA,NA,FALSE,369,20
49,13,0.02,0.15,0.02,1,NA,NA,NA,FALSE,367,20
50,13,0.02,0.15,0.02,1,NA,NA,NA,FALSE,375,20
1,14,0.02,0.2,0.02,1,NA,NA,NA,FALSE,407,20
2,14,0.02,0.2,0.02,1,NA,NA,NA,FALSE,340,20
3,14,0.02,0.2,0.02,1,0.2098843591203827,0.3907162289736663,-0.0775171551498595,TRUE,406,20
4,14,0.02,0.2,0.02,1,NA,NA,NA,FALSE,368,20
5,14,0.02,0.2,0.02,1,NA,NA,NA,FALSE,385,20
6,14,0.02,0.2,0.02,1,NA,NA,NA,FALSE,358,20
7,14,0.02,0.2,0.02,1,0.6008130445222576,0.4720091840777479,-0.06776609893710764,TRUE,375,20
8,14,0.02,0.2,0.02,1,NA,NA,NA,FALSE,344,20
9,14,0.02,0.2,0.02,1,0.3165533505699494,0.46826324805750025,-0.06458279803835934,TRUE,349,20
10,14,0.02,0.2,0.02,1,NA,NA,NA,FALSE,357,20
11,14,0.02,0.2,0.02,1,0.23488724980912426,0.5485734053682444,-0.08704371506274856,TRUE,335,20
12,14,0.02,0.2,0.02,1,0.4711823601168909,0.4694835258118178,-0.08517490635512322,TRUE,366,20
13,14,0.02,0.2,0.02,1,0.4774011055771708,0.4720989500745181,-0.07159751402956831,TRUE,353,20
14,14,0.02,0.2,0.02,1,0.2171318648508096,0.4890090724689422,-0.08340390583989893,TRUE,355,20
15,14,0.02,0.2,0.02,1,0.09969747887945384,0.45843570010741813,-0.0642904272590147,TRUE,382,20
16,14,0.02,0.2,0.02,1,0.33079957680086164,0.5564838088220264,-0.07535453080705004,TRUE,350,20
17,14,0.02,0.2,0.02,1,NA,NA,NA,FALSE,376,20
18,14,0.02,0.2,0.02,1,0.26931776436770394,0.5977744640955832,-0.07027725390829656,TRUE,350,20
19,14,0.02,0.2,0.02,1,NA,NA,NA,FALSE,338,20
20,14,0.02,0.2,0.02,1,0.1901943855192974,0.4762751420575395,-0.09243854741604661,TRUE,381,20
21,14,0.02,0.2,0.02,1,NA,NA,NA,FALSE,380,20
22,14,0.02,0.2,0.02,1,NA,NA,NA,FALSE,392,20
23,14,0.02,0.2,0.02,1,0.12360240997625878,0.5954818885053956,-0.06413371399800089,TRUE,355,20
24,14,0.02,0.2,0.02,1,0.576371006717994,0.5643162927978767,-0.06273207392502117,TRUE,372,20
25,14,0.02,0.2,0.02,1,0.035633493763176816,0.3973428966524614,-0.07658072510214653,TRUE,398,20
26,14,0.02,0.2,0.02,1,NA,NA,NA,FALSE,362,20
27,14,0.02,0.2,0.02,1,NA,NA,NA,FALSE,363,20
28,14,0.02,0.2,0.02,1,0.459663009043331,0.4963571977361334,-0.060769509092264175,TRUE,385,20
29,14,0.02,0.2,0.02,1,0.0411201233765332,0.38929472372842694,-0.0765075088935689,TRUE,361,20
30,14,0.02,0.2,0.02,1,0.16279805411635387,0.5464288431624785,-0.07000000557625503,TRUE,383,20
31,14,0.02,0.2,0.02,1,0.5328158147179278,0.54368648948099485,-0.07509892399967912,TRUE,361,20
32,14,0.02,0.2,0.02,1,NA,NA,NA,FALSE,358,20
33,14,0.02,0.2,0.02,1,1.245159965195508,0.4841017581122418,-0.06929550713102636,TRUE,390,20
34,14,0.02,0.2,0.02,1,NA,NA,NA,FALSE,370,20
35,14,0.02,0.2,0.02,1,0.4381320685848858,0.46088793362063807,-0.07005700619048794,TRUE,384,20
36,14,0.02,0.2,0.02,1,0.3579218625651239,0.5255126731126205,-0.07093057430044812,TRUE,352,20
37,14,0.02,0.2,0.02,1,NA,NA,NA,FALSE,326,20
38,14,0.02,0.2,0.02,1,0.0010828115336713338,0.4092535309482868,-0.06839363510520638,TRUE,348,20
39,14,0.02,0.2,0.02,1,0.26320143905546306,0.5308217637961382,-0.07073941807775487,TRUE,354,20
40,14,0.02,0.2,0.02,1,NA,NA,NA,FALSE,362,20
41,14,0.02,0.2,0.02,1,0.03931292143614413,0.45559328452134484,-0.06778049363271386,TRUE,346,20
42,14,0.02,0.2,0.02,1,0.7533538198870902,0.47208656948335376,-0.060039403542511256,TRUE,374,20
43,14,0.02,0.2,0.02,1,0.13918557827611774,0.4485933520856454,-0.06284691149162837,TRUE,388,20
44,14,0.02,0.2,0.02,1,0.19831653246675227,0.4952822201290873,-0.0571417870564103,TRUE,342,20
45,14,0.02,0.2,0.02,1,0.6317250172019931,0.4744883873677216,-0.06437848903606518,TRUE,347,20
46,14,0.02,0.2,0.02,1,0.23561815376978223,0.42484326984836707,-0.076151514465049,TRUE,318,20
47,14,0.02,0.2,0.02,1,0.13770584821725812,0.4481940300610712,-0.06797418134218564,TRUE,346,20
48,14,0.02,0.2,0.02,1,0,NA,NA,FALSE,371,20
49,14,0.02,0.2,0.02,1,0.3360697685959643,0.5107186272564188,-0.06767074087018038,TRUE,340,20
50,14,0.02,0.2,0.02,1,0,NA,NA,FALSE,351,20
1,15,0.02,0.05,0.03,1,0.3821356053344793,0.9345461485306144,-0.06162979512502659,TRUE,379,20
2,15,0.02,0.05,0.03,1,0,NA,NA,FALSE,347,20
3,15,0.02,0.05,0.03,1,0.7689752338872967,0.8615141507045777,-0.06623226259119185,TRUE,376,20
4,15,0.02,0.05,0.03,1,0.050524348671729356,1.098505039347673,-0.06979826647487651,TRUE,361,20
5,15,0.02,0.05,0.03,1,0.027326035791280033,0.7520699082527563,-0.08585176129396349,TRUE,355,20
6,15,0.02,0.05,0.03,1,NA,NA,NA,FALSE,370,20
7,15,0.02,0.05,0.03,1,NA,NA,NA,FALSE,368,20
8,15,0.02,0.05,0.03,1,1.2548538501496391,1.0553594295095545,-0.09734665336429413,TRUE,384,20
9,15,0.02,0.05,0.03,1,1.0864453495573276,0.8776268397265637,-0.0646155720668826,TRUE,376,20
10,15,0.02,0.05,0.03,1,NA,NA,NA,FALSE,342,20
11,15,0.02,0.05,0.03,1,0,NA,NA,FALSE,355,20
12,15,0.02,0.05,0.03,1,NA,NA,NA,FALSE,378,20
13,15,0.02,0.05,0.03,1,0.0730161429752826,0.9975399827971638,-0.06177914692691044,TRUE,342,20
14,15,0.02,0.05,0.03,1,0.8409157045099295,0.8625888036270776,-0.07026724107519094,TRUE,337,20
15,15,0.02,0.05,0.03,1,NA,NA,NA,FALSE,348,20
16,15,0.02,0.05,0.03,1,0.301178641039905,0.9359698865999102,-0.10080485750261578,TRUE,324,20
17,15,0.02,0.05,0.03,1,NA,NA,NA,FALSE,381,20
18,15,0.02,0.05,0.03,1,0.30751793132748567,0.8206896897446582,-0.07181248402009532,TRUE,398,20
19,15,0.02,0.05,0.03,1,0.06275719848613162,0.8312743614839169,-0.06511424703363111,TRUE,344,20
20,15,0.02,0.05,0.03,1,NA,NA,NA,FALSE,363,20
21,15,0.02,0.05,0.03,1,0.5412188410713139,0.5776965808735366,-0.08698142011744565,TRUE,373,20
22,15,0.02,0.05,0.03,1,0.2611695356103427,1.2757120522010668,-0.07795247682366858,TRUE,342,20
23,15,0.02,0.05,0.03,1,0.7981037703393367,0.8802264828795155,-0.08355056336949328,TRUE,361,20
24,15,0.02,0.05,0.03,1,0.17974898379806736,0.9791014963461007,-0.08681002942361676,TRUE,358,20
25,15,0.02,0.05,0.03,1,0.20949639714656412,0.8559242007338974,-0.07316343213058615,TRUE,387,20
26,15,0.02,0.05,0.03,1,NA,NA,NA,FALSE,355,20
27,15,0.02,0.05,0.03,1,1.4963905150721688,1.0730360101927354,-0.06557276390161451,TRUE,368,20
28,15,0.02,0.05,0.03,1,0.8928202245060757,0.9494871842450502,-0.08191478916437783,TRUE,372,20
29,15,0.02,0.05,0.03,1,0.37484567728499424,0.6904660131099533,-0.06877211661235114,TRUE,379,20
30,15,0.02,0.05,0.03,1,0.5348304759066322,0.7833921434449067,-0.07085556348201798,TRUE,395,20
31,15,0.02,0.05,0.03,1,NA,NA,NA,FALSE,393,20
32,15,0.02,0.05,0.03,1,NA,NA,NA,FALSE,334,20
33,15,0.02,0.05,0.03,1,NA,NA,NA,FALSE,333,20
34,15,0.02,0.05,0.03,1,NA,NA,NA,FALSE,316,20
35,15,0.02,0.05,0.03,1,0.5733280250036881,1.261395731102677,-0.07296040688312698,TRUE,373,20
36,15,0.02,0.05,0.03,1,0.5919625769648533,0.8774758713916382,-0.07917411603254429,TRUE,326,20
37,15,0.02,0.05,0.03,1,NA,NA,NA,FALSE,365,20
38,15,0.02,0.05,0.03,1,1.9559578485695968,1.0312531248883317,-0.07530998664052924,TRUE,349,20
39,15,0.02,0.05,0.03,1,NA,NA,NA,FALSE,369,20
40,15,0.02,0.05,0.03,1,NA,NA,NA,FALSE,374,20
41,15,0.02,0.05,0.03,1,NA,NA,NA,FALSE,353,20
42,15,0.02,0.05,0.03,1,NA,NA,NA,FALSE,382,20
43,15,0.02,0.05,0.03,1,1.0943298746835162,1.2883456759596978,-0.07196423268679597,TRUE,373,20
44,15,0.02,0.05,0.03,1,NA,NA,NA,FALSE,347,20
45,15,0.02,0.05,0.03,1,NA,NA,NA,FALSE,355,20
46,15,0.02,0.05,0.03,1,0.17553102857428693,0.965237592777177,-0.06851580736225998,TRUE,366,20
47,15,0.02,0.05,0.03,1,0.23490133339894773,1.4089127147017249,-0.05776171085334591,TRUE,332,20
48,15,0.02,0.05,0.03,1,NA,NA,NA,FALSE,373,20
49,15,0.02,0.05,0.03,1,NA,NA,NA,FALSE,339,20
50,15,0.02,0.05,0.03,1,NA,NA,NA,FALSE,330,20
1,16,0.02,0.09,0.03,1,0.01606816649515481,0.6497215394591608,-0.07285651785050747,TRUE,346,20
2,16,0.02,0.09,0.03,1,1.5522808345016588,0.7356352871391386,-0.07543663236855679,TRUE,335,20
3,16,0.02,0.09,0.03,1,NA,NA,NA,FALSE,375,20
4,16,0.02,0.09,0.03,1,NA,NA,NA,FALSE,388,20
5,16,0.02,0.09,0.03,1,0.7036523298613706,0.6209294732708103,-0.07984194624648439,TRUE,330,20
6,16,0.02,0.09,0.03,1,0.627883445435848,0.6201547376397012,-0.08412978164847408,TRUE,341,20
7,16,0.02,0.09,0.03,1,NA,NA,NA,FALSE,369,20
8,16,0.02,0.09,0.03,1,0.14358787526285266,0.7188182383387637,-0.06411179776848241,TRUE,337,20
9,16,0.02,0.09,0.03,1,0.6203702666150428,0.7200758526828063,-0.0731540864501148,TRUE,358,20
10,16,0.02,0.09,0.03,1,0.310318995343714,0.7482079887827926,-0.06957206007303302,TRUE,353,20
11,16,0.02,0.09,0.03,1,NA,NA,NA,FALSE,405,20
12,16,0.02,0.09,0.03,1,NA,NA,NA,FALSE,362,20
13,16,0.02,0.09,0.03,1,NA,NA,NA,FALSE,361,20
14,16,0.02,0.09,0.03,1,0.6656279893008341,0.6401470482419893,-0.08328885670392654,TRUE,352,20
15,16,0.02,0.09,0.03,1,NA,NA,NA,FALSE,390,20
16,16,0.02,0.09,0.03,1,0.025032782625900085,0.5940473684879314,-0.06898899237270176,TRUE,363,20
17,16,0.02,0.09,0.03,1,0.3226412028642931,0.7886525509116864,-0.07013321267515847,TRUE,341,20
18,16,0.02,0.09,0.03,1,0.3600212611870181,0.8259214340910072,-0.07196914427638769,TRUE,372,20
19,16,0.02,0.09,0.03,1,NA,NA,NA,FALSE,359,20
20,16,0.02,0.09,0.03,1,0.14412976572959096,0.5393556096842638,-0.0722087230775258,TRUE,383,20
21,16,0.02,0.09,0.03,1,0,0,-0.08544597317064134,TRUE,350,20
22,16,0.02,0.09,0.03,1,0.4870897894374566,0.6310772729102123,-0.06954864911630704,TRUE,369,20
23,16,0.02,0.09,0.03,1,NA,NA,NA,FALSE,356,20
24,16,0.02,0.09,0.03,1,NA,NA,NA,FALSE,356,20
25,16,0.02,0.09,0.03,1,0.7010565092732086,0.704489840774079,-0.06194065123760869,TRUE,386,20
26,16,0.02,0.09,0.03,1,0.24636890842089074,0.6035922036473046,-0.08193761649970516,TRUE,355,20
27,16,0.02,0.09,0.03,1,NA,NA,NA,FALSE,402,20
28,16,0.02,0.09,0.03,1,0.34618085301756835,0.7845624589382733,-0.08100702533042974,TRUE,350,20
29,16,0.02,0.09,0.03,1,1.0252351554226036,0.7155802730459379,-0.0597516186024105,TRUE,371,20
30,16,0.02,0.09,0.03,1,0.5003711481472574,0.8159953808525136,-0.09578552031718043,TRUE,362,20
31,16,0.02,0.09,0.03,1,0.5205095769626982,0.5725967029740173,-0.0699469205513907,TRUE,350,20
32,16,0.02,0.09,0.03,1,0.03976244710204671,0.628613858097887,-0.07618632076598356,TRUE,381,20
33,16,0.02,0.09,0.03,1,NA,NA,NA,FALSE,384,20
34,16,0.02,0.09,0.03,1,0.6018938467974053,0.8166907527367888,-0.07318998785194358,TRUE,357,20
35,16,0.02,0.09,0.03,1,NA,NA,NA,FALSE,357,20
36,16,0.02,0.09,0.03,1,0,NA,NA,FALSE,370,20
37,16,0.02,0.09,0.03,1,0.31224515375039974,0.7782756799499522,-0.07186451697395241,TRUE,345,20
38,16,0.02,0.09,0.03,1,NA,NA,NA,FALSE,362,20
39,16,0.02,0.09,0.03,1,0.4065851785321455,0.5918958576296229,-0.06412980917991531,TRUE,374,20
40,16,0.02,0.09,0.03,1,0.35781159695738934,0.6683141667236064,-0.06538142556008278,TRUE,353,20
41,16,0.02,0.09,0.03,1,NA,NA,NA,FALSE,379,20
42,16,0.02,0.09,0.03,1,0.48828578664015143,0.6648679376959032,-0.06942243271234938,TRUE,360,20
43,16,0.02,0.09,0.03,1,NA,NA,NA,FALSE,369,20
44,16,0.02,0.09,0.03,1,1.0246577070310694,0.6103186594969819,-0.06273176050493648,TRUE,348,20
45,16,0.02,0.09,0.03,1,0.07184223425504564,0.7051285573985315,-0.07974980953479394,TRUE,340,20
46,16,0.02,0.09,0.03,1,NA,NA,NA,FALSE,362,20
47,16,0.02,0.09,0.03,1,NA,NA,NA,FALSE,372,20
48,16,0.02,0.09,0.03,1,0.6702467246879159,0.6779025278940366,-0.06762151447123833,TRUE,362,20
49,16,0.02,0.09,0.03,1,0.1448628542647907,0.5001253096760239,-0.08910717325935658,TRUE,360,20
50,16,0.02,0.09,0.03,1,NA,NA,NA,FALSE,346,20
1,17,0.02,0.15,0.03,1,0.4151136522481595,0.47471430676671283,-0.06558250288278178,TRUE,370,20
2,17,0.02,0.15,0.03,1,NA,NA,NA,FALSE,382,20
3,17,0.02,0.15,0.03,1,NA,NA,NA,FALSE,368,20
4,17,0.02,0.15,0.03,1,NA,NA,NA,FALSE,385,20
5,17,0.02,0.15,0.03,1,NA,NA,NA,FALSE,330,20
6,17,0.02,0.15,0.03,1,0.47117308902374166,0.6055726508847671,-0.09201242149151345,TRUE,389,20
7,17,0.02,0.15,0.03,1,0.6499951908943985,0.49152571970710224,-0.07833649495522023,TRUE,352,20
8,17,0.02,0.15,0.03,1,0.24010409979156816,0.495506869432595,-0.0850701096342669,TRUE,385,20
9,17,0.02,0.15,0.03,1,0,NA,NA,FALSE,336,20
10,17,0.02,0.15,0.03,1,0.5430661256161695,0.5032627281906026,-0.08432832890380469,TRUE,397,20
11,17,0.02,0.15,0.03,1,0.3698089505632447,0.5577846204339064,-0.07151961199975991,TRUE,359,20
12,17,0.02,0.15,0.03,1,0.22384107357622754,0.5997186182758086,-0.05921324326215339,TRUE,371,20
13,17,0.02,0.15,0.03,1,NA,NA,NA,FALSE,341,20
14,17,0.02,0.15,0.03,1,NA,NA,NA,FALSE,372,20
15,17,0.02,0.15,0.03,1,NA,NA,NA,FALSE,362,20
16,17,0.02,0.15,0.03,1,NA,NA,NA,FALSE,363,20
17,17,0.02,0.15,0.03,1,0.33557953643445587,0.4704811881823154,-0.08267054306514389,TRUE,367,20
18,17,0.02,0.15,0.03,1,0.17093351043909638,0.6067377776819174,-0.08554108796794964,TRUE,370,20
19,17,0.02,0.15,0.03,1,0.310133490232953,0.5918411556169131,-0.07588082999078108,TRUE,342,20
20,17,0.02,0.15,0.03,1,0.2457445353224015,0.5675843964016413,-0.07474957758001931,TRUE,362,20
21,17,0.02,0.15,0.03,1,NA,NA,NA,FALSE,343,20
22,17,0.02,0.15,0.03,1,0.9876786877367636,0.6044952570738125,-0.06016548813985816,TRUE,329,20
23,17,0.02,0.15,0.03,1,1.3926018998181897,0.5829583498280593,-0.06330406340531732,TRUE,398,20
24,17,0.02,0.15,0.03,1,0.6254111652151938,0.5572843047918786,-0.07503387127093032,TRUE,317,20
25,17,0.02,0.15,0.03,1,NA,NA,NA,FALSE,387,20
26,17,0.02,0.15,0.03,1,NA,NA,NA,FALSE,361,20
27,17,0.02,0.15,0.03,1,0.11215473325327269,0.5512068803648528,-0.07992903225859337,TRUE,350,20
28,17,0.02,0.15,0.03,1,0.26101476437147264,0.5240151192084678,-0.08080042352769255,TRUE,405,20
29,17,0.02,0.15,0.03,1,0,NA,NA,FALSE,394,20
30,17,0.02,0.15,0.03,1,NA,NA,NA,FALSE,337,20
31,17,0.02,0.15,0.03,1,NA,NA,NA,FALSE,338,20
32,17,0.02,0.15,0.03,1,NA,NA,NA,FALSE,366,20
33,17,0.02,0.15,0.03,1,0.0061643739551675075,0.5347363293495546,-0.08079404092326536,TRUE,351,20
34,17,0.02,0.15,0.03,1,0.13735099534111728,0.4918988820821004,-0.071427817725983625,TRUE,350,20
35,17,0.02,0.15,0.03,1,NA,NA,NA,FALSE,359,20
36,17,0.02,0.15,0.03,1,NA,NA,NA,FALSE,367,20
37,17,0.02,0.15,0.03,1,NA,NA,NA,FALSE,349,20
38,17,0.02,0.15,0.03,1,NA,NA,NA,FALSE,356,20
39,17,0.02,0.15,0.03,1,NA,NA,NA,FALSE,356,20
40,17,0.02,0.15,0.03,1,NA,NA,NA,FALSE,355,20
41,17,0.02,0.15,0.03,1,0.5792038098853249,0.542029178163066,-0.06421350136319905,TRUE,367,20
42,17,0.02,0.15,0.03,1,0.8274907071319615,0.4956456728788505,-0.07135897889238374,TRUE,382,20
43,17,0.02,0.15,0.03,1,0.11636642020666917,0.5831093977516002,-0.06646704177371297,TRUE,357,20
44,17,0.02,0.15,0.03,1,0.30755023442790586,0.5056431903535186,-0.0702952178792346,TRUE,333,20
45,17,0.02,0.15,0.03,1,NA,NA,NA,FALSE,367,20
46,17,0.02,0.15,0.03,1,NA,NA,NA,FALSE,329,20
47,17,0.02,0.15,0.03,1,NA,NA,NA,FALSE,365,20
48,17,0.02,0.15,0.03,1,0.441510970298459,0.5626879924856675,-0.08016614293186136,TRUE,344,20
49,17,0.02,0.15,0.03,1,NA,NA,NA,FALSE,350,20
50,17,0.02,0.15,0.03,1,NA,NA,NA,FALSE,375,20
1,18,0.02,0.2,0.03,1,NA,NA,NA,FALSE,349,20
2,18,0.02,0.2,0.03,1,NA,NA,NA,FALSE,360,20
3,18,0.02,0.2,0.03,1,0.11937053965080048,0.4567999542721331,-0.06816622171644189,TRUE,378,20
4,18,0.02,0.2,0.03,1,NA,NA,NA,FALSE,328,20
5,18,0.02,0.2,0.03,1,NA,NA,NA,FALSE,334,20
6,18,0.02,0.2,0.03,1,0.34336012920182696,0.457973899488216,-0.08244709730771779,TRUE,380,20
7,18,0.02,0.2,0.03,1,0.5335036172060732,0.4575484461305079,-0.06404495469895927,TRUE,361,20
8,18,0.02,0.2,0.03,1,NA,NA,NA,FALSE,371,20
9,18,0.02,0.2,0.03,1,NA,NA,NA,FALSE,386,20
10,18,0.02,0.2,0.03,1,0.09615339394360223,0.4635960803974752,-0.07615979321642627,TRUE,350,20
11,18,0.02,0.2,0.03,1,0.27186365465950485,0.5189079104993715,-0.0681169622142202,TRUE,334,20
12,18,0.02,0.2,0.03,1,NA,NA,NA,FALSE,377,20
13,18,0.02,0.2,0.03,1,0.6342779625523046,0.5000585104599072,-0.10300436381860612,TRUE,377,20
14,18,0.02,0.2,0.03,1,NA,NA,NA,FALSE,375,20
15,18,0.02,0.2,0.03,1,NA,NA,NA,FALSE,380,20
16,18,0.02,0.2,0.03,1,NA,NA,NA,FALSE,390,20
17,18,0.02,0.2,0.03,1,NA,NA,NA,FALSE,357,20
18,18,0.02,0.2,0.03,1,0.1798520878742062,0.5015118052305797,-0.07745991278587615,TRUE,345,20
19,18,0.02,0.2,0.03,1,NA,NA,NA,FALSE,361,20
20,18,0.02,0.2,0.03,1,NA,NA,NA,FALSE,383,20
21,18,0.02,0.2,0.03,1,0.04304154998799799,0.4566816487984487,-0.06459216539492568,TRUE,354,20
22,18,0.02,0.2,0.03,1,NA,NA,NA,FALSE,344,20
23,18,0.02,0.2,0.03,1,0.2321263629367982,0.47190899670043096,-0.07051354606690988,TRUE,345,20
24,18,0.02,0.2,0.03,1,NA,NA,NA,FALSE,379,20
25,18,0.02,0.2,0.03,1,NA,NA,NA,FALSE,396,20
26,18,0.02,0.2,0.03,1,0.2102070570015091,0.4447485273950007,-0.07581553544139857,TRUE,357,20
27,18,0.02,0.2,0.03,1,0.15245696598794176,0.4386126810088993,-0.0781812414470554,TRUE,336,20
28,18,0.02,0.2,0.03,1,0.03238626910165533,0.490918365042944,-0.07792222121000297,TRUE,345,20
29,18,0.02,0.2,0.03,1,NA,NA,NA,FALSE,324,20
30,18,0.02,0.2,0.03,1,0.5566449705607895,0.45702171340518594,-0.07062005532710446,TRUE,360,20
31,18,0.02,0.2,0.03,1,NA,NA,NA,FALSE,325,20
32,18,0.02,0.2,0.03,1,NA,NA,NA,FALSE,351,20
33,18,0.02,0.2,0.03,1,NA,NA,NA,FALSE,369,20
34,18,0.02,0.2,0.03,1,0.16366823660951696,0.6177900935003391,-0.06989494614455827,TRUE,343,20
35,18,0.02,0.2,0.03,1,NA,NA,NA,FALSE,409,20
36,18,0.02,0.2,0.03,1,0,0,-0.09773053159472539,TRUE,335,20
37,18,0.02,0.2,0.03,1,0.38964276162456085,0.46288701846673336,-0.06556278102266498,TRUE,349,20
38,18,0.02,0.2,0.03,1,0.6457029069432011,0.4857981170670175,-0.07420022609851143,TRUE,370,20
39,18,0.02,0.2,0.03,1,0.4086459889308056,0.4555112326439584,-0.06898992218921336,TRUE,353,20
40,18,0.02,0.2,0.03,1,0.2887917231832407,0.4917065761509951,-0.06269838717372084,TRUE,343,20
41,18,0.02,0.2,0.03,1,NA,NA,NA,FALSE,375,20
42,18,0.02,0.2,0.03,1,NA,NA,NA,FALSE,349,20
43,18,0.02,0.2,0.03,1,0.3399937083449438,0.46984078332164064,-0.07199711461092007,TRUE,372,20
44,18,0.02,0.2,0.03,1,0.7444829187773712,0.3910683638064098,-0.06324670918145613,TRUE,382,20
45,18,0.02,0.2,0.03,1,0.5158835807692801,0.45791711146590536,-0.06889847519886591,TRUE,352,20
46,18,0.02,0.2,0.03,1,NA,NA,NA,FALSE,355,20
47,18,0.02,0.2,0.03,1,NA,NA,NA,FALSE,348,20
48,18,0.02,0.2,0.03,1,NA,NA,NA,FALSE,366,20
49,18,0.02,0.2,0.03,1,NA,NA,NA,FALSE,345,20
50,18,0.02,0.2,0.03,1,0.23388906139110938,0.47854368777594547,-0.08073995961937924,TRUE,345,20
1,19,0.02,0.09,0.05,1,0.78466692630854,0.6597194119630067,-0.06762964785183667,TRUE,382,20
2,19,0.02,0.09,0.05,1,NA,NA,NA,FALSE,368,20
3,19,0.02,0.09,0.05,1,NA,NA,NA,FALSE,335,20
4,19,0.02,0.09,0.05,1,NA,NA,NA,FALSE,349,20
5,19,0.02,0.09,0.05,1,0.045997940415542546,0.7638034268093923,-0.07866881242689955,TRUE,347,20
6,19,0.02,0.09,0.05,1,0.2776093868591311,0.7201209256319695,-0.07394379783331408,TRUE,387,20
7,19,0.02,0.09,0.05,1,NA,NA,NA,FALSE,360,20
8,19,0.02,0.09,0.05,1,1.1597861702776537,0.6810006324732101,-0.0647291636485331,TRUE,319,20
9,19,0.02,0.09,0.05,1,0.24359513665488788,0.6513678543934965,-0.06226112121815174,TRUE,386,20
10,19,0.02,0.09,0.05,1,0.25034538206230517,0.6988970319753427,-0.0698490864065162,TRUE,343,20
11,19,0.02,0.09,0.05,1,NA,NA,NA,FALSE,368,20
12,19,0.02,0.09,0.05,1,NA,NA,NA,FALSE,355,20
13,19,0.02,0.09,0.05,1,NA,NA,NA,FALSE,380,20
14,19,0.02,0.09,0.05,1,0.4735680891018627,0.5802168590053485,-0.0740688304473742,TRUE,356,20
15,19,0.02,0.09,0.05,1,NA,NA,NA,FALSE,339,20
16,19,0.02,0.09,0.05,1,NA,NA,NA,FALSE,387,20
17,19,0.02,0.09,0.05,1,0.29443836605890095,0.6855471812208237,-0.07617665956812185,TRUE,339,20
18,19,0.02,0.09,0.05,1,NA,NA,NA,FALSE,383,20
19,19,0.02,0.09,0.05,1,0.3552322189117755,0.7862562431584996,-0.07447827728368504,TRUE,348,20
20,19,0.02,0.09,0.05,1,NA,NA,NA,FALSE,357,20
21,19,0.02,0.09,0.05,1,0,NA,NA,FALSE,336,20
22,19,0.02,0.09,0.05,1,0.5481816232358275,0.6602871028479566,-0.07389290532295971,TRUE,385,20
23,19,0.02,0.09,0.05,1,0.5453543014006096,0.6593476144139103,-0.08019647018145866,TRUE,361,20
24,19,0.02,0.09,0.05,1,0.06911171659360163,0.785713645379705,-0.06705395064419335,TRUE,334,20
25,19,0.02,0.09,0.05,1,NA,NA,NA,FALSE,343,20
26,19,0.02,0.09,0.05,1,NA,NA,NA,FALSE,373,20
27,19,0.02,0.09,0.05,1,NA,NA,NA,FALSE,381,20
28,19,0.02,0.09,0.05,1,0.23344106794682,0.6083301318898635,-0.06988132350931044,TRUE,364,20
29,19,0.02,0.09,0.05,1,NA,NA,NA,FALSE,353,20
30,19,0.02,0.09,0.05,1,1.2025645136104934,0.7102712379270368,-0.07457517874044156,TRUE,345,20
31,19,0.02,0.09,0.05,1,0.2385136261581698,0.6843359878016393,-0.07598661197039897,TRUE,332,20
32,19,0.02,0.09,0.05,1,NA,NA,NA,FALSE,365,20
33,19,0.02,0.09,0.05,1,NA,NA,NA,FALSE,309,20
34,19,0.02,0.09,0.05,1,0.4189746747388208,0.6423253708797697,-0.08370678481295413,TRUE,369,20
35,19,0.02,0.09,0.05,1,0.17172626724790013,0.7237892531294999,-0.07735780376370784,TRUE,363,20
36,19,0.02,0.09,0.05,1,NA,NA,NA,FALSE,345,20
37,19,0.02,0.09,0.05,1,NA,NA,NA,FALSE,327,20
38,19,0.02,0.09,0.05,1,NA,NA,NA,FALSE,361,20
39,19,0.02,0.09,0.05,1,0.6944682672791717,0.629151732932262,-0.08280145933141302,TRUE,365,20
40,19,0.02,0.09,0.05,1,NA,NA,NA,FALSE,335,20
41,19,0.02,0.09,0.05,1,0.533089045747074,0.6314259608109452,-0.07499778767960989,TRUE,382,20
42,19,0.02,0.09,0.05,1,0.13940815679920177,0.5462359129263913,-0.06411885730243527,TRUE,384,20
43,19,0.02,0.09,0.05,1,NA,NA,NA,FALSE,308,20
44,19,0.02,0.09,0.05,1,NA,NA,NA,FALSE,360,20
45,19,0.02,0.09,0.05,1,NA,NA,NA,FALSE,350,20
46,19,0.02,0.09,0.05,1,0.6002305883397747,0.5712849347709009,-0.06240368515331736,TRUE,358,20
47,19,0.02,0.09,0.05,1,0.4369166007051214,0.6491136454279597,-0.08095722019736833,TRUE,335,20
48,19,0.02,0.09,0.05,1,NA,NA,NA,FALSE,361,20
49,19,0.02,0.09,0.05,1,NA,NA,NA,FALSE,357,20
50,19,0.02,0.09,0.05,1,NA,NA,NA,FALSE,364,20
1,20,0.02,0.15,0.05,1,0.10421318559064943,0.49373011451056226,-0.07935969880874025,TRUE,350,20
2,20,0.02,0.15,0.05,1,NA,NA,NA,FALSE,374,20
3,20,0.02,0.15,0.05,1,0.5359314604272541,0.5511428578608387,-0.07920170023920103,TRUE,321,20
4,20,0.02,0.15,0.05,1,0.25737433569386076,0.48724822365072007,-0.06552522004746991,TRUE,379,20
5,20,0.02,0.15,0.05,1,NA,NA,NA,FALSE,388,20
6,20,0.02,0.15,0.05,1,0.004349956482342999,0.5469488631333588,-0.06392455844692223,TRUE,374,20
7,20,0.02,0.15,0.05,1,0.3218706921532092,0.6094238689649396,-0.07724232706783703,TRUE,394,20
8,20,0.02,0.15,0.05,1,NA,NA,NA,FALSE,366,20
9,20,0.02,0.15,0.05,1,0.539810560588704,0.4357006213054352,-0.07336871246650173,TRUE,381,20
10,20,0.02,0.15,0.05,1,NA,NA,NA,FALSE,365,20
11,20,0.02,0.15,0.05,1,NA,NA,NA,FALSE,337,20
12,20,0.02,0.15,0.05,1,NA,NA,NA,FALSE,368,20
13,20,0.02,0.15,0.05,1,0,NA,NA,FALSE,357,20
14,20,0.02,0.15,0.05,1,NA,NA,NA,FALSE,364,20
15,20,0.02,0.15,0.05,1,NA,NA,NA,FALSE,343,20
16,20,0.02,0.15,0.05,1,0.5174851025352124,0.5599755628263222,-0.06783925594874249,TRUE,334,20
17,20,0.02,0.15,0.05,1,NA,NA,NA,FALSE,378,20
18,20,0.02,0.15,0.05,1,0.24428904337512827,0.4482798091629211,-0.06722960469326363,TRUE,404,20
19,20,0.02,0.15,0.05,1,NA,NA,NA,FALSE,375,20
20,20,0.02,0.15,0.05,1,NA,NA,NA,FALSE,340,20
21,20,0.02,0.15,0.05,1,NA,NA,NA,FALSE,344,20
22,20,0.02,0.15,0.05,1,0.12048208055860367,0.48134944252995654,-0.0749715895505321,TRUE,364,20
23,20,0.02,0.15,0.05,1,0.13447912125181763,0.49262706604089374,-0.0630446491803402,TRUE,337,20
24,20,0.02,0.15,0.05,1,0.22418456157844663,0.7129825472915831,-0.05875458468156143,TRUE,353,20
25,20,0.02,0.15,0.05,1,NA,NA,NA,FALSE,357,20
26,20,0.02,0.15,0.05,1,0.0013068717876999422,0.4388013810184339,-0.07240683734792468,TRUE,397,20
27,20,0.02,0.15,0.05,1,1.1609007059314043,0.6272008825254717,-0.05703955253310282,TRUE,351,20
28,20,0.02,0.15,0.05,1,0.07471511520964799,0.5523216243121752,-0.08113409510331548,TRUE,364,20
29,20,0.02,0.15,0.05,1,0.18608454027949747,0.4870394815597564,-0.06641456239732804,TRUE,356,20
30,20,0.02,0.15,0.05,1,0.07193354811349184,0.5186524833656329,-0.06655808382771955,TRUE,368,20
31,20,0.02,0.15,0.05,1,0.05796595561106018,0.4646000894815599,-0.05657763039731134,TRUE,361,20
32,20,0.02,0.15,0.05,1,0.5305916499863251,0.6504545140631581,-0.07919041279484759,TRUE,356,20
33,20,0.02,0.15,0.05,1,0.5709977277573967,0.4906670916636727,-0.07879035043979153,TRUE,373,20
34,20,0.02,0.15,0.05,1,NA,NA,NA,FALSE,387,20
35,20,0.02,0.15,0.05,1,NA,NA,NA,FALSE,348,20
36,20,0.02,0.15,0.05,1,NA,NA,NA,FALSE,390,20
37,20,0.02,0.15,0.05,1,0.1672550472892349,0.5330572749677213,-0.07346588729247316,TRUE,355,20
38,20,0.02,0.15,0.05,1,0.15586913906592217,0.48794327603989107,-0.06539957238963737,TRUE,351,20
39,20,0.02,0.15,0.05,1,0.10958181268804001,0.524297177922053,-0.07726587331558453,TRUE,360,20
40,20,0.02,0.15,0.05,1,0.5473764753143142,0.5587465454581834,-0.0925723355958403,TRUE,362,20
41,20,0.02,0.15,0.05,1,NA,NA,NA,FALSE,367,20
42,20,0.02,0.15,0.05,1,0.08631978723368125,0.5314997037329988,-0.07067189601604679,TRUE,361,20
43,20,0.02,0.15,0.05,1,0.2947628758653542,0.48406473747177203,-0.06465916656648608,TRUE,367,20
44,20,0.02,0.15,0.05,1,NA,NA,NA,FALSE,346,20
45,20,0.02,0.15,0.05,1,NA,NA,NA,FALSE,368,20
46,20,0.02,0.15,0.05,1,NA,NA,NA,FALSE,348,20
47,20,0.02,0.15,0.05,1,NA,NA,NA,FALSE,313,20
48,20,0.02,0.15,0.05,1,0.773075636261043,0.5254610201862288,-0.0755195628932272,TRUE,371,20
49,20,0.02,0.15,0.05,1,NA,NA,NA,FALSE,386,20
50,20,0.02,0.15,0.05,1,NA,NA,NA,FALSE,346,20
1,21,0.02,0.2,0.05,1,NA,NA,NA,FALSE,338,20
2,21,0.02,0.2,0.05,1,0.6834603644678781,0.4614550064133772,-0.07211323914092815,TRUE,364,20
3,21,0.02,0.2,0.05,1,NA,NA,NA,FALSE,382,20
4,21,0.02,0.2,0.05,1,NA,NA,NA,FALSE,369,20
5,21,0.02,0.2,0.05,1,NA,NA,NA,FALSE,375,20
6,21,0.02,0.2,0.05,1,NA,NA,NA,FALSE,359,20
7,21,0.02,0.2,0.05,1,0.41203898368527747,0.4027130380843298,-0.0789858068063575,TRUE,354,20
8,21,0.02,0.2,0.05,1,1.0209655836336555,0.4993154654466669,-0.06573606475569521,TRUE,370,20
9,21,0.02,0.2,0.05,1,0.2412368781134461,0.4622719197497652,-0.08062380733078786,TRUE,358,20
10,21,0.02,0.2,0.05,1,NA,NA,NA,FALSE,370,20
11,21,0.02,0.2,0.05,1,NA,NA,NA,FALSE,362,20
12,21,0.02,0.2,0.05,1,0.0610332224371487,0.48458173153504436,-0.07084411871268881,TRUE,344,20
13,21,0.02,0.2,0.05,1,0.1740066618163705,0.4618646661570559,-0.0655658666326031,TRUE,390,20
14,21,0.02,0.2,0.05,1,NA,NA,NA,FALSE,378,20
15,21,0.02,0.2,0.05,1,0.7092230670020628,0.5220865477447062,-0.07796678639506366,TRUE,375,20
16,21,0.02,0.2,0.05,1,0.2854970179424551,0.46575166906587817,-0.0712441100697482,TRUE,383,20
17,21,0.02,0.2,0.05,1,0.11430237334694977,0.5677119227490723,-0.06605367125872168,TRUE,352,20
18,21,0.02,0.2,0.05,1,0.46584210028373113,0.4139905346841879,-0.09677059970160519,TRUE,387,20
19,21,0.02,0.2,0.05,1,0.559509472994089,0.45130221825789774,-0.06241117014720007,TRUE,350,20
20,21,0.02,0.2,0.05,1,1.2774420832601868e-4,0.4617452758443131,-0.06903296459900349,TRUE,392,20
21,21,0.02,0.2,0.05,1,0.06720990100515412,0.48852205454099634,-0.06881382354723199,TRUE,371,20
22,21,0.02,0.2,0.05,1,NA,NA,NA,FALSE,356,20
23,21,0.02,0.2,0.05,1,0.1765447358940506,0.6014899585710354,-0.06657833046907248,TRUE,332,20
24,21,0.02,0.2,0.05,1,0.4788787541257304,0.48040037968508464,-0.0644170050571537,TRUE,380,20
25,21,0.02,0.2,0.05,1,0.2798800208826096,0.3874608739303949,-0.0704719855345494,TRUE,350,20
26,21,0.02,0.2,0.05,1,1.502391701555928,0.7720794497899569,-0.07584002341466478,TRUE,335,20
27,21,0.02,0.2,0.05,1,0.562689752053505,0.4546157243107088,-0.0813140670031719,TRUE,342,20
28,21,0.02,0.2,0.05,1,0.05414334151604853,0.48580391534734524,-0.0785879741996979,TRUE,378,20
29,21,0.02,0.2,0.05,1,0,NA,NA,FALSE,361,20
30,21,0.02,0.2,0.05,1,0.8320106697818267,0.49941130564946884,-0.06373705201067453,TRUE,310,20
31,21,0.02,0.2,0.05,1,0.4177359016091943,0.5004606509642803,-0.0538425768295309,TRUE,342,20
32,21,0.02,0.2,0.05,1,0.11345145016488138,0.4824074329419989,-0.08163105196160786,TRUE,361,20
33,21,0.02,0.2,0.05,1,NA,NA,NA,FALSE,352,20
34,21,0.02,0.2,0.05,1,0.06697705454232225,0.48053809890114574,-0.06201068355713317,TRUE,325,20
35,21,0.02,0.2,0.05,1,0,NA,NA,FALSE,363,20
36,21,0.02,0.2,0.05,1,0.1532679198105715,0.4376821104740539,-0.06113711886860015,TRUE,387,20
37,21,0.02,0.2,0.05,1,NA,NA,NA,FALSE,393,20
38,21,0.02,0.2,0.05,1,0.23359873875480452,0.47633636621456743,-0.0701975594978246,TRUE,328,20
39,21,0.02,0.2,0.05,1,0.1584695220870974,0.4877959056177608,-0.08225676492331802,TRUE,361,20
40,21,0.02,0.2,0.05,1,0.013355049080427636,0.46175759488326823,-0.087792127713429,TRUE,396,20
41,21,0.02,0.2,0.05,1,NA,NA,NA,FALSE,360,20
42,21,0.02,0.2,0.05,1,0.3052421125509051,0.4747005217072809,-0.06985877054862874,TRUE,361,20
43,21,0.02,0.2,0.05,1,0.9639568634359407,0.487299032640199,-0.06885034315482577,TRUE,368,20
44,21,0.02,0.2,0.05,1,NA,NA,NA,FALSE,375,20
45,21,0.02,0.2,0.05,1,0,NA,NA,FALSE,373,20
46,21,0.02,0.2,0.05,1,0.26236622529305575,0.42453234359983383,-0.0706304511101015,TRUE,408,20
47,21,0.02,0.2,0.05,1,0.6731696215176721,0.43445129539113975,-0.06888506746995758,TRUE,369,20
48,21,0.02,0.2,0.05,1,0.6916287019560382,0.4990458589394365,-0.06703208546860222,TRUE,371,20
49,21,0.02,0.2,0.05,1,0.5844386645369745,0.4656553586923738,-0.06795510558417187,TRUE,362,20
50,21,0.02,0.2,0.05,1,0,NA,NA,FALSE,380,20
1,22,0.02,0.09,0.08,1,0.44219223567206106,0.6966407591630964,-0.07212190489624049,TRUE,354,20
2,22,0.02,0.09,0.08,1,2.2890382638510487,1.4511007178933573,-0.07315365104538514,TRUE,369,20
3,22,0.02,0.09,0.08,1,0.23962659851040866,0.5816932452580499,-0.07758246365416084,TRUE,352,20
4,22,0.02,0.09,0.08,1,NA,NA,NA,FALSE,371,20
5,22,0.02,0.09,0.08,1,0.16776596968691446,0.767599229295767,-0.08712125579656312,TRUE,363,20
6,22,0.02,0.09,0.08,1,0.6340097457883812,0.6347880739748986,-0.08225113526729394,TRUE,327,20
7,22,0.02,0.09,0.08,1,NA,NA,NA,FALSE,357,20
8,22,0.02,0.09,0.08,1,0.48737018474699595,0.9118078661071145,-0.07908022576039747,TRUE,346,20
9,22,0.02,0.09,0.08,1,0.14293951021776827,0.5125241416908894,-0.07123887805664611,TRUE,339,20
10,22,0.02,0.09,0.08,1,0.3931351699847159,0.5864953327536168,-0.08427365621558466,TRUE,346,20
11,22,0.02,0.09,0.08,1,1.2115855864156024,0.8167218187828477,-0.07611045151583554,TRUE,312,20
12,22,0.02,0.09,0.08,1,NA,NA,NA,FALSE,372,20
13,22,0.02,0.09,0.08,1,NA,NA,NA,FALSE,367,20
14,22,0.02,0.09,0.08,1,0.05301822361801268,0.5863612464673936,-0.07762729959977657,TRUE,356,20
15,22,0.02,0.09,0.08,1,NA,NA,NA,FALSE,363,20
16,22,0.02,0.09,0.08,1,0.08528455383451757,0.7835639127316251,-0.06722923270977114,TRUE,329,20
17,22,0.02,0.09,0.08,1,0.29645092849698035,0.6433058666290614,-0.06463738001363716,TRUE,341,20
18,22,0.02,0.09,0.08,1,0.027275756097326895,0.5319459155805026,-0.06513144122365254,TRUE,396,20
19,22,0.02,0.09,0.08,1,0.8239468712223749,0.6951521963265764,-0.07581005146343461,TRUE,342,20
20,22,0.02,0.09,0.08,1,NA,NA,NA,FALSE,399,20
21,22,0.02,0.09,0.08,1,NA,NA,NA,FALSE,380,20
22,22,0.02,0.09,0.08,1,0.06708811833155888,0.742060888945408,-0.06681813427890952,TRUE,366,20
23,22,0.02,0.09,0.08,1,1.2640718894421963,1.077327774329004,-0.0697500601475996,TRUE,371,20
24,22,0.02,0.09,0.08,1,NA,NA,NA,FALSE,356,20
25,22,0.02,0.09,0.08,1,NA,NA,NA,FALSE,343,20
26,22,0.02,0.09,0.08,1,0.3561944244491421,0.6088826874683931,-0.0694600853916495,TRUE,330,20
27,22,0.02,0.09,0.08,1,0,NA,NA,FALSE,330,20
28,22,0.02,0.09,0.08,1,NA,NA,NA,FALSE,358,20
29,22,0.02,0.09,0.08,1,0.326730746923172,0.6813766345552066,-0.1049417606249406,TRUE,356,20
30,22,0.02,0.09,0.08,1,1.2002942520926918,0.5772379297849913,-0.06541128801234482,TRUE,375,20
31,22,0.02,0.09,0.08,1,1.0977038982949219,0.7392568123583517,-0.06122577448989241,TRUE,368,20
32,22,0.02,0.09,0.08,1,NA,NA,NA,FALSE,340,20
33,22,0.02,0.09,0.08,1,NA,NA,NA,FALSE,346,20
34,22,0.02,0.09,0.08,1,0.05543953835123625,0.7918448771801339,-0.0646588138595658,TRUE,350,20
35,22,0.02,0.09,0.08,1,0.45781094845104997,0.6306526465572458,-0.07594505353160307,TRUE,349,20
36,22,0.02,0.09,0.08,1,0.8395046325078076,0.6101570631524562,-0.07889938288528674,TRUE,366,20
37,22,0.02,0.09,0.08,1,NA,NA,NA,FALSE,329,20
38,22,0.02,0.09,0.08,1,NA,NA,NA,FALSE,347,20
39,22,0.02,0.09,0.08,1,0.854144494715354,0.6113651347206669,-0.06319423112995023,TRUE,351,20
40,22,0.02,0.09,0.08,1,NA,NA,NA,FALSE,362,20
41,22,0.02,0.09,0.08,1,NA,NA,NA,FALSE,360,20
42,22,0.02,0.09,0.08,1,NA,NA,NA,FALSE,370,20
43,22,0.02,0.09,0.08,1,0.1322910205650272,0.5041118843265563,-0.07450881353596465,TRUE,380,20
44,22,0.02,0.09,0.08,1,NA,NA,NA,FALSE,350,20
45,22,0.02,0.09,0.08,1,0.08555004412359626,0.7097336193729816,-0.08883505696356513,TRUE,359,20
46,22,0.02,0.09,0.08,1,NA,NA,NA,FALSE,381,20
47,22,0.02,0.09,0.08,1,NA,NA,NA,FALSE,333,20
48,22,0.02,0.09,0.08,1,NA,NA,NA,FALSE,374,20
49,22,0.02,0.09,0.08,1,0.30198042682535037,0.7461530420104557,-0.07588130285102214,TRUE,364,20
50,22,0.02,0.09,0.08,1,NA,NA,NA,FALSE,388,20
1,23,0.02,0.15,0.08,1,0.21752735036306103,0.449662800586066,-0.07723522307958389,TRUE,391,20
2,23,0.02,0.15,0.08,1,NA,NA,NA,FALSE,352,20
3,23,0.02,0.15,0.08,1,0.10263132805974616,0.5461183326529799,-0.06553044691003294,TRUE,348,20
4,23,0.02,0.15,0.08,1,0.13921880934696754,0.5498699432367257,-0.08061869086765944,TRUE,357,20
5,23,0.02,0.15,0.08,1,0.32051056012295526,0.43421878132391484,-0.07480973045488477,TRUE,342,20
6,23,0.02,0.15,0.08,1,NA,NA,NA,FALSE,361,20
7,23,0.02,0.15,0.08,1,0.3127912815627425,0.5013493199924728,-0.0828569980084587,TRUE,329,20
8,23,0.02,0.15,0.08,1,NA,NA,NA,FALSE,351,20
9,23,0.02,0.15,0.08,1,NA,NA,NA,FALSE,373,20
10,23,0.02,0.15,0.08,1,NA,NA,NA,FALSE,337,20
11,23,0.02,0.15,0.08,1,0.6613455723486578,0.5010465777889985,-0.07542035288763443,TRUE,358,20
12,23,0.02,0.15,0.08,1,NA,NA,NA,FALSE,342,20
13,23,0.02,0.15,0.08,1,NA,NA,NA,FALSE,369,20
14,23,0.02,0.15,0.08,1,0.5537658472107403,0.5427355333456988,-0.08118686773310298,TRUE,345,20
15,23,0.02,0.15,0.08,1,0,0,-0.07625654039533876,TRUE,338,20
16,23,0.02,0.15,0.08,1,0.6442596321089221,0.47378266946488395,-0.08961172474277126,TRUE,403,20
17,23,0.02,0.15,0.08,1,0.40541350873213167,0.5365199911374738,-0.07764670479219682,TRUE,362,20
18,23,0.02,0.15,0.08,1,NA,NA,NA,FALSE,367,20
19,23,0.02,0.15,0.08,1,0.43788208324617317,0.49562551701717855,-0.08447713723642744,TRUE,324,20
20,23,0.02,0.15,0.08,1,0.5738821891831453,0.5016677821570285,-0.06265450891152642,TRUE,364,20
21,23,0.02,0.15,0.08,1,NA,NA,NA,FALSE,348,20
22,23,0.02,0.15,0.08,1,0.30184703200391017,0.5291495401480457,-0.05958439873675334,TRUE,349,20
23,23,0.02,0.15,0.08,1,0.6101934062171525,0.47899963664935097,-0.08555876392618204,TRUE,370,20
24,23,0.02,0.15,0.08,1,0.39168672950250544,0.4082065124733299,-0.0733701539017408,TRUE,386,20
25,23,0.02,0.15,0.08,1,0,NA,NA,FALSE,336,20
26,23,0.02,0.15,0.08,1,NA,NA,NA,FALSE,393,20
27,23,0.02,0.15,0.08,1,0.11827932446956907,0.4832603015841724,-0.08074682217300731,TRUE,376,20
28,23,0.02,0.15,0.08,1,NA,NA,NA,FALSE,371,20
29,23,0.02,0.15,0.08,1,0.1675479593314217,0.5388064558278028,-0.06659846125812209,TRUE,375,20
30,23,0.02,0.15,0.08,1,NA,NA,NA,FALSE,349,20
31,23,0.02,0.15,0.08,1,NA,NA,NA,FALSE,379,20
32,23,0.02,0.15,0.08,1,1.037607418981152,0.5156023833399992,-0.06631145262449431,TRUE,337,20
33,23,0.02,0.15,0.08,1,NA,NA,NA,FALSE,354,20
34,23,0.02,0.15,0.08,1,0.33631420866511264,0.5068469262167346,-0.06724236081300798,TRUE,379,20
35,23,0.02,0.15,0.08,1,0.1384915272060431,0.5696982491535179,-0.05700481408203861,TRUE,346,20
36,23,0.02,0.15,0.08,1,0.4115868381576129,0.6822423626845097,-0.065656285355189,TRUE,387,20
37,23,0.02,0.15,0.08,1,1.0698639244720265,0.5866253522368187,-0.06723874250385312,TRUE,358,20
38,23,0.02,0.15,0.08,1,NA,NA,NA,FALSE,388,20
39,23,0.02,0.15,0.08,1,0.7229737572383054,0.519177206950295,-0.06891638901802798,TRUE,333,20
40,23,0.02,0.15,0.08,1,0.25257461822514893,0.4813718681426187,-0.07429288454406172,TRUE,375,20
41,23,0.02,0.15,0.08,1,NA,NA,NA,FALSE,354,20
42,23,0.02,0.15,0.08,1,0.9027450244950087,0.46531608917561773,-0.073212557725635,TRUE,344,20
43,23,0.02,0.15,0.08,1,NA,NA,NA,FALSE,350,20
44,23,0.02,0.15,0.08,1,0.15016267821604282,0.4369791001666827,-0.09436319516254664,TRUE,367,20
45,23,0.02,0.15,0.08,1,NA,NA,NA,FALSE,377,20
46,23,0.02,0.15,0.08,1,1.0830935577952652,0.6440811069382406,-0.08141237031056367,TRUE,368,20
47,23,0.02,0.15,0.08,1,NA,NA,NA,FALSE,361,20
48,23,0.02,0.15,0.08,1,NA,NA,NA,FALSE,392,20
49,23,0.02,0.15,0.08,1,NA,NA,NA,FALSE,372,20
50,23,0.02,0.15,0.08,1,0.2213481548800381,0.4972138218820117,-0.08903263242111079,TRUE,342,20
1,24,0.02,0.2,0.08,1,0.398371563749362,0.48669468884560046,-0.06043497998036479,TRUE,362,20
2,24,0.02,0.2,0.08,1,NA,NA,NA,FALSE,355,20
3,24,0.02,0.2,0.08,1,0.9638086601038134,0.4684413153178194,-0.07343440810206094,TRUE,358,20
4,24,0.02,0.2,0.08,1,NA,NA,NA,FALSE,353,20
5,24,0.02,0.2,0.08,1,NA,NA,NA,FALSE,385,20
6,24,0.02,0.2,0.08,1,0.41009187911763123,0.43853797032952546,-0.07639341989515337,TRUE,338,20
7,24,0.02,0.2,0.08,1,0,NA,NA,FALSE,351,20
8,24,0.02,0.2,0.08,1,0.04272661387344598,0.5064385651467389,-0.061607965179781,TRUE,352,20
9,24,0.02,0.2,0.08,1,0.0894219732938209,0.4575060755210295,-0.07169650943119606,TRUE,380,20
10,24,0.02,0.2,0.08,1,0.21886632404141848,0.557757843112159,-0.06763685134722883,TRUE,371,20
11,24,0.02,0.2,0.08,1,0.16109352822946718,0.4520009605111729,-0.08383939970520925,TRUE,358,20
12,24,0.02,0.2,0.08,1,NA,NA,NA,FALSE,358,20
13,24,0.02,0.2,0.08,1,NA,NA,NA,FALSE,341,20
14,24,0.02,0.2,0.08,1,1.0075095127303109,0.7113696807026852,-0.08275433802434504,TRUE,359,20
15,24,0.02,0.2,0.08,1,NA,NA,NA,FALSE,364,20
16,24,0.02,0.2,0.08,1,0,0,-0.07077634609616654,TRUE,344,20
17,24,0.02,0.2,0.08,1,NA,NA,NA,FALSE,370,20
18,24,0.02,0.2,0.08,1,0,0,-0.08687655703751072,TRUE,335,20
19,24,0.02,0.2,0.08,1,0.8690212481892409,0.5737765069433803,-0.07439932918637551,TRUE,334,20
20,24,0.02,0.2,0.08,1,NA,NA,NA,FALSE,361,20
21,24,0.02,0.2,0.08,1,NA,NA,NA,FALSE,365,20
22,24,0.02,0.2,0.08,1,NA,NA,NA,FALSE,366,20
23,24,0.02,0.2,0.08,1,0,NA,NA,FALSE,355,20
24,24,0.02,0.2,0.08,1,0.47445532483479275,0.47065083653138823,-0.07086361620414872,TRUE,363,20
25,24,0.02,0.2,0.08,1,0.04347620897453638,0.5034476265557147,-0.09941300097857353,TRUE,352,20
26,24,0.02,0.2,0.08,1,0.30991236933982225,0.6005105945983051,-0.07784483431310234,TRUE,356,20
27,24,0.02,0.2,0.08,1,NA,NA,NA,FALSE,364,20
28,24,0.02,0.2,0.08,1,NA,NA,NA,FALSE,335,20
29,24,0.02,0.2,0.08,1,0.06899081136315463,0.5586302129667894,-0.07036630535443127,TRUE,327,20
30,24,0.02,0.2,0.08,1,0.528214409181128,0.41378390858474107,-0.08347378156042153,TRUE,377,20
31,24,0.02,0.2,0.08,1,0.09787705575108581,0.5143798819068052,-0.0713256288621312,TRUE,354,20
32,24,0.02,0.2,0.08,1,0.19489778032172314,0.5718352279337625,-0.0853917947555072,TRUE,362,20
33,24,0.02,0.2,0.08,1,0.40036632569138614,0.5354852267705906,-0.08642928606638231,TRUE,361,20
34,24,0.02,0.2,0.08,1,NA,NA,NA,FALSE,368,20
35,24,0.02,0.2,0.08,1,0.3554991643364511,0.4886568614502387,-0.06681181611569921,TRUE,356,20
36,24,0.02,0.2,0.08,1,0.24408018179730134,0.45292391307961677,-0.07280647363242888,TRUE,356,20
37,24,0.02,0.2,0.08,1,0.10095486902365446,0.46789946658718057,-0.08398908221277583,TRUE,366,20
38,24,0.02,0.2,0.08,1,0.6335873184094303,0.5781195574515433,-0.07464853056845862,TRUE,365,20
39,24,0.02,0.2,0.08,1,0.16648394060246943,0.46959673849147393,-0.06532557950152318,TRUE,368,20
40,24,0.02,0.2,0.08,1,NA,NA,NA,FALSE,318,20
41,24,0.02,0.2,0.08,1,0.030709850866695955,0.45839473254532653,-0.0641638527110804,TRUE,352,20
42,24,0.02,0.2,0.08,1,0.42532226928460265,0.45299300342054133,-0.07781621092873073,TRUE,371,20
43,24,0.02,0.2,0.08,1,0.2638163350119682,0.432450323896747,-0.06233245580809132,TRUE,381,20
44,24,0.02,0.2,0.08,1,NA,NA,NA,FALSE,348,20
45,24,0.02,0.2,0.08,1,NA,NA,NA,FALSE,343,20
46,24,0.02,0.2,0.08,1,1.1753128545700353,0.5824706689090372,-0.06772590199205575,TRUE,321,20
47,24,0.02,0.2,0.08,1,0.5945310245656736,0.5002743781636778,-0.06192919615772348,TRUE,338,20
48,24,0.02,0.2,0.08,1,NA,NA,NA,FALSE,330,20
49,24,0.02,0.2,0.08,1,0.10824773613588665,0.4731229011806052,-0.07159080536263272,TRUE,380,20
50,24,0.02,0.2,0.08,1,1.0904646944389873,0.43854364866444373,-0.07092767149831665,TRUE,345,20
1,25,0.05,0.02,0.005,1,0.04389264960680004,1.5641046337564584,-0.07204824201198352,TRUE,385,20
2,25,0.05,0.02,0.005,1,0.8625026823567191,1.2732251706473803,-0.06617693770340688,TRUE,351,20
3,25,0.05,0.02,0.005,1,NA,NA,NA,FALSE,376,20
4,25,0.05,0.02,0.005,1,97.33381768319333,171.13979468540856,-0.08633782297585073,TRUE,340,20
5,25,0.05,0.02,0.005,1,NA,NA,NA,FALSE,386,20
6,25,0.05,0.02,0.005,1,NA,NA,NA,FALSE,382,20
7,25,0.05,0.02,0.005,1,0.20324294618033178,0.9723496384186686,-0.08384331722560642,TRUE,402,20
8,25,0.05,0.02,0.005,1,NA,NA,NA,FALSE,336,20
9,25,0.05,0.02,0.005,1,NA,NA,NA,FALSE,337,20
10,25,0.05,0.02,0.005,1,NA,NA,NA,FALSE,358,20
11,25,0.05,0.02,0.005,1,0,NA,NA,FALSE,369,20
12,25,0.05,0.02,0.005,1,0,0,-0.07836627845738126,TRUE,337,20
13,25,0.05,0.02,0.005,1,NA,NA,NA,FALSE,375,20
14,25,0.05,0.02,0.005,1,1.8254943845729408,1.4534070063129283,-0.08039257500837647,TRUE,356,20
15,25,0.05,0.02,0.005,1,1.7062019539962583,2.1033335942600506,-0.07767173814885153,TRUE,386,20
16,25,0.05,0.02,0.005,1,1.9998237880214236,1.3288374586215645,-0.06578272484941743,TRUE,358,20
17,25,0.05,0.02,0.005,1,0.7361130765655893,0.9558566822859373,-0.05613887089390545,TRUE,383,20
18,25,0.05,0.02,0.005,1,NA,NA,NA,FALSE,355,20
19,25,0.05,0.02,0.005,1,2.716823043667877,1.953584768002737,-0.08716522124098385,TRUE,361,20
20,25,0.05,0.02,0.005,1,2.3181979608412857,2.2515561211268853,-0.06616584930602779,TRUE,360,20
21,25,0.05,0.02,0.005,1,NA,NA,NA,FALSE,322,20
22,25,0.05,0.02,0.005,1,2.27955383707968,2.871130858291461,-0.0727835217685334,TRUE,359,20
23,25,0.05,0.02,0.005,1,0.5504751487294631,1.775312792511225,-0.07171030684352882,TRUE,333,20
24,25,0.05,0.02,0.005,1,NA,NA,NA,FALSE,375,20
25,25,0.05,0.02,0.005,1,0.7704501654479314,1.7077448543903653,-0.0851303930765397,TRUE,377,20
26,25,0.05,0.02,0.005,1,NA,NA,NA,FALSE,341,20
27,25,0.05,0.02,0.005,1,NA,NA,NA,FALSE,368,20
28,25,0.05,0.02,0.005,1,NA,NA,NA,FALSE,388,20
29,25,0.05,0.02,0.005,1,1.3250694283385487,1.4965286097601878,-0.09496215699711037,TRUE,351,20
30,25,0.05,0.02,0.005,1,1.4724546773497382,1.544465635449558,-0.06457821634384903,TRUE,374,20
31,25,0.05,0.02,0.005,1,NA,NA,NA,FALSE,369,20
32,25,0.05,0.02,0.005,1,0.7587475502470478,1.1698690762787884,-0.0717859544839267,TRUE,368,20
33,25,0.05,0.02,0.005,1,NA,NA,NA,FALSE,374,20
34,25,0.05,0.02,0.005,1,0.6093555512805561,1.1291550785555806,-0.06971012762222428,TRUE,399,20
35,25,0.05,0.02,0.005,1,0.3207519553517939,0.7587735745085645,-0.06299489289317822,TRUE,348,20
36,25,0.05,0.02,0.005,1,NA,NA,NA,FALSE,336,20
37,25,0.05,0.02,0.005,1,NA,NA,NA,FALSE,361,20
38,25,0.05,0.02,0.005,1,NA,NA,NA,FALSE,381,20
39,25,0.05,0.02,0.005,1,NA,NA,NA,FALSE,386,20
40,25,0.05,0.02,0.005,1,NA,NA,NA,FALSE,346,20
41,25,0.05,0.02,0.005,1,NA,NA,NA,FALSE,347,20
42,25,0.05,0.02,0.005,1,NA,NA,NA,FALSE,364,20
43,25,0.05,0.02,0.005,1,NA,NA,NA,FALSE,359,20
44,25,0.05,0.02,0.005,1,NA,NA,NA,FALSE,377,20
45,25,0.05,0.02,0.005,1,NA,NA,NA,FALSE,364,20
46,25,0.05,0.02,0.005,1,NA,NA,NA,FALSE,342,20
47,25,0.05,0.02,0.005,1,0.40943992885738245,1.2549500649066596,-0.06661712190988288,TRUE,342,20
48,25,0.05,0.02,0.005,1,0.610479299771521,0.9740295883224301,-0.0638311128681513,TRUE,388,20
49,25,0.05,0.02,0.005,1,0.4293481974889472,1.3425502895453627,-0.08362603781548189,TRUE,346,20
50,25,0.05,0.02,0.005,1,4.0896758188131335,1.8142516583909274,-0.07118671562434198,TRUE,379,20
1,26,0.05,0.05,0.005,1,2.1871105863416753,1.1457086678074258,-0.05884823955161544,TRUE,349,20
2,26,0.05,0.05,0.005,1,0.5538647845121837,0.9096802547936981,-0.07106876975049317,TRUE,373,20
3,26,0.05,0.05,0.005,1,0.941602839044368,1.444306626882483,-0.07057392212152781,TRUE,332,20
4,26,0.05,0.05,0.005,1,NA,NA,NA,FALSE,381,20
5,26,0.05,0.05,0.005,1,0.3141099643155983,0.7138984772091135,-0.07441985681270254,TRUE,358,20
6,26,0.05,0.05,0.005,1,0.7930289207609794,1.0635035252174394,-0.09303635117332336,TRUE,361,20
7,26,0.05,0.05,0.005,1,NA,NA,NA,FALSE,330,20
8,26,0.05,0.05,0.005,1,0.1925046851815426,1.0316408630868827,-0.08816634206064877,TRUE,366,20
9,26,0.05,0.05,0.005,1,0.8250724567095528,0.7157467421406146,-0.06848465807916022,TRUE,371,20
10,26,0.05,0.05,0.005,1,NA,NA,NA,FALSE,364,20
11,26,0.05,0.05,0.005,1,NA,NA,NA,FALSE,388,20
12,26,0.05,0.05,0.005,1,NA,NA,NA,FALSE,360,20
13,26,0.05,0.05,0.005,1,0.6969588493097036,1.164699211445269,-0.07130335431254904,TRUE,361,20
14,26,0.05,0.05,0.005,1,NA,NA,NA,FALSE,408,20
15,26,0.05,0.05,0.005,1,NA,NA,NA,FALSE,364,20
16,26,0.05,0.05,0.005,1,0.463270196305002,1.0629325388000481,-0.07934405859713177,TRUE,356,20
17,26,0.05,0.05,0.005,1,NA,NA,NA,FALSE,374,20
18,26,0.05,0.05,0.005,1,NA,NA,NA,FALSE,338,20
19,26,0.05,0.05,0.005,1,NA,NA,NA,FALSE,355,20
20,26,0.05,0.05,0.005,1,NA,NA,NA,FALSE,352,20
21,26,0.05,0.05,0.005,1,0.24479072386045592,0.8931943872366271,-0.06322373086715602,TRUE,356,20
22,26,0.05,0.05,0.005,1,NA,NA,NA,FALSE,383,20
23,26,0.05,0.05,0.005,1,0.977274202497566,0.8170642330637159,-0.07145198544730572,TRUE,349,20
24,26,0.05,0.05,0.005,1,NA,NA,NA,FALSE,332,20
25,26,0.05,0.05,0.005,1,2.295140033685305,1.3803258937884268,-0.08304830570575145,TRUE,385,20
26,26,0.05,0.05,0.005,1,0.14867589945231416,0.7014329484746363,-0.0808790408552866,TRUE,356,20
27,26,0.05,0.05,0.005,1,0,NA,NA,FALSE,366,20
28,26,0.05,0.05,0.005,1,NA,NA,NA,FALSE,374,20
29,26,0.05,0.05,0.005,1,NA,NA,NA,FALSE,348,20
30,26,0.05,0.05,0.005,1,NA,NA,NA,FALSE,396,20
31,26,0.05,0.05,0.005,1,0.011946067689489474,0.6916094392324885,-0.0716930099183574,TRUE,376,20
32,26,0.05,0.05,0.005,1,0.9221551990158672,0.9536425591444552,-0.09299544508605558,TRUE,375,20
33,26,0.05,0.05,0.005,1,0.2769156092438087,0.7546299926085834,-0.052908159391666994,TRUE,362,20
34,26,0.05,0.05,0.005,1,2.5751624005133027,0.9803836539438477,-0.06432233685174357,TRUE,363,20
35,26,0.05,0.05,0.005,1,NA,NA,NA,FALSE,349,20
36,26,0.05,0.05,0.005,1,NA,NA,NA,FALSE,359,20
37,26,0.05,0.05,0.005,1,0.3342436159545162,0.7042573713094099,-0.08733679435142226,TRUE,376,20
38,26,0.05,0.05,0.005,1,NA,NA,NA,FALSE,353,20
39,26,0.05,0.05,0.005,1,1.273362486217582,1.1428116875506196,-0.06585393155941376,TRUE,384,20
40,26,0.05,0.05,0.005,1,NA,NA,NA,FALSE,360,20
41,26,0.05,0.05,0.005,1,NA,NA,NA,FALSE,368,20
42,26,0.05,0.05,0.005,1,0.3804637774600316,0.8757727404609559,-0.08513371358409524,TRUE,332,20
43,26,0.05,0.05,0.005,1,0.11432851837637786,0.8230632215717769,-0.08382496687338653,TRUE,375,20
44,26,0.05,0.05,0.005,1,NA,NA,NA,FALSE,359,20
45,26,0.05,0.05,0.005,1,NA,NA,NA,FALSE,354,20
46,26,0.05,0.05,0.005,1,1.2363224691877115,1.0280937184244565,-0.06341972290315402,TRUE,336,20
47,26,0.05,0.05,0.005,1,NA,NA,NA,FALSE,341,20
48,26,0.05,0.05,0.005,1,NA,NA,NA,FALSE,345,20
49,26,0.05,0.05,0.005,1,0.19777428324680518,0.9273129571037242,-0.0857991961493646,TRUE,347,20
50,26,0.05,0.05,0.005,1,NA,NA,NA,FALSE,369,20
1,27,0.05,0.09,0.005,1,NA,NA,NA,FALSE,377,20
2,27,0.05,0.09,0.005,1,0.45808511577195227,0.5710836121132699,-0.063939358715785,TRUE,346,20
3,27,0.05,0.09,0.005,1,0.6415727109472612,0.7349623250323165,-0.05913280203096336,TRUE,342,20
4,27,0.05,0.09,0.005,1,NA,NA,NA,FALSE,359,20
5,27,0.05,0.09,0.005,1,1.5370246244799226,0.8103949891743181,-0.08158493933456105,TRUE,354,20
6,27,0.05,0.09,0.005,1,NA,NA,NA,FALSE,345,20
7,27,0.05,0.09,0.005,1,0.6127118069735646,0.7806016502784368,-0.08248618762994923,TRUE,324,20
8,27,0.05,0.09,0.005,1,0.30961209251810723,0.4379277445063332,-0.08305688410570107,TRUE,358,20
9,27,0.05,0.09,0.005,1,0.5148746763051703,0.6048209776504482,-0.06225028944129203,TRUE,347,20
10,27,0.05,0.09,0.005,1,0.17442209383380816,0.5256415882562738,-0.08352199290319956,TRUE,341,20
11,27,0.05,0.09,0.005,1,0,NA,NA,FALSE,347,20
12,27,0.05,0.09,0.005,1,0.2766479376109863,0.7334830985093155,-0.08421781337728391,TRUE,362,20
13,27,0.05,0.09,0.005,1,0.4856330420858758,0.5458307701814952,-0.07674631803472746,TRUE,377,20
14,27,0.05,0.09,0.005,1,0.35337676594028194,0.8105904377537946,-0.10452689949619429,TRUE,364,20
15,27,0.05,0.09,0.005,1,0.25340610258397805,0.6540638333208997,-0.08025956063348393,TRUE,355,20
16,27,0.05,0.09,0.005,1,1.2170580696802864,0.6477501791831541,-0.08831772998463369,TRUE,377,20
17,27,0.05,0.09,0.005,1,0.8797503489355668,0.685147266088255,-0.0667111581286349,TRUE,318,20
18,27,0.05,0.09,0.005,1,NA,NA,NA,FALSE,375,20
19,27,0.05,0.09,0.005,1,NA,NA,NA,FALSE,346,20
20,27,0.05,0.09,0.005,1,0.736817771302167,0.6146565127271637,-0.08488474063085236,TRUE,342,20
21,27,0.05,0.09,0.005,1,0.17490898374150624,0.6294800540455717,-0.0691044605408046,TRUE,373,20
22,27,0.05,0.09,0.005,1,1.3893517834685816,0.6362016993990611,-0.06512886205894713,TRUE,377,20
23,27,0.05,0.09,0.005,1,NA,NA,NA,FALSE,365,20
24,27,0.05,0.09,0.005,1,NA,NA,NA,FALSE,400,20
25,27,0.05,0.09,0.005,1,0.2924329389340707,0.6459904602919179,-0.069565145328841907,TRUE,350,20
26,27,0.05,0.09,0.005,1,1.1447170022461455,0.792586667319368,-0.07266148920857092,TRUE,341,20
27,27,0.05,0.09,0.005,1,0.10029276940981244,0.675882521336396,-0.05765920133670728,TRUE,368,20
28,27,0.05,0.09,0.005,1,NA,NA,NA,FALSE,389,20
29,27,0.05,0.09,0.005,1,0.2574696955740706,0.6708061315274997,-0.07572522057313724,TRUE,358,20
30,27,0.05,0.09,0.005,1,0.7195950046168332,0.7315936399824514,-0.08752134124604968,TRUE,383,20
31,27,0.05,0.09,0.005,1,NA,NA,NA,FALSE,343,20
32,27,0.05,0.09,0.005,1,1.3060957990661168,0.7671736696786722,-0.07761439563139237,TRUE,362,20
33,27,0.05,0.09,0.005,1,NA,NA,NA,FALSE,356,20
34,27,0.05,0.09,0.005,1,0,0,-0.07248452141537665,TRUE,365,20
35,27,0.05,0.09,0.005,1,0.6426252991167751,0.7753485440207424,-0.07920243846629116,TRUE,393,20
36,27,0.05,0.09,0.005,1,1.3916399594756925,0.8485750030704003,-0.07987962525110516,TRUE,343,20
37,27,0.05,0.09,0.005,1,NA,NA,NA,FALSE,334,20
38,27,0.05,0.09,0.005,1,NA,NA,NA,FALSE,340,20
39,27,0.05,0.09,0.005,1,NA,NA,NA,FALSE,342,20
40,27,0.05,0.09,0.005,1,NA,NA,NA,FALSE,359,20
41,27,0.05,0.09,0.005,1,NA,NA,NA,FALSE,360,20
42,27,0.05,0.09,0.005,1,0,NA,NA,FALSE,392,20
43,27,0.05,0.09,0.005,1,NA,NA,NA,FALSE,357,20
44,27,0.05,0.09,0.005,1,0.1628125688329309,0.6269087680015011,-0.07386395362522613,TRUE,381,20
45,27,0.05,0.09,0.005,1,0.1722139295889959,0.7598339752048073,-0.07609222082500341,TRUE,337,20
46,27,0.05,0.09,0.005,1,NA,NA,NA,FALSE,396,20
47,27,0.05,0.09,0.005,1,0,0,-0.08747592416295921,TRUE,350,20
48,27,0.05,0.09,0.005,1,0.6314115856966425,0.6698209048546416,-0.07076810033993958,TRUE,354,20
49,27,0.05,0.09,0.005,1,0.6645229573241203,0.8119058189840751,-0.0676093624361651,TRUE,360,20
50,27,0.05,0.09,0.005,1,NA,NA,NA,FALSE,336,20
1,28,0.05,0.15,0.005,1,0.26920883104457544,0.5232623643943185,-0.08878988713673468,TRUE,411,20
2,28,0.05,0.15,0.005,1,0.3605110127236391,0.5070782741729412,-0.06441269147734296,TRUE,366,20
3,28,0.05,0.15,0.005,1,0.08813699862035461,0.5252277547691697,-0.07705906870471098,TRUE,400,20
4,28,0.05,0.15,0.005,1,0.24567107907038307,0.43996984714084114,-0.07838424222943352,TRUE,357,20
5,28,0.05,0.15,0.005,1,0.3143164161217565,0.5586054961442442,-0.06793652021741863,TRUE,358,20
6,28,0.05,0.15,0.005,1,NA,NA,NA,FALSE,387,20
7,28,0.05,0.15,0.005,1,0.9331740525574683,0.5343782071432764,-0.06493389699650579,TRUE,355,20
8,28,0.05,0.15,0.005,1,NA,NA,NA,FALSE,387,20
9,28,0.05,0.15,0.005,1,0.8240879652210344,0.6423569481368813,-0.07695217003317598,TRUE,373,20
10,28,0.05,0.15,0.005,1,NA,NA,NA,FALSE,396,20
11,28,0.05,0.15,0.005,1,NA,NA,NA,FALSE,377,20
12,28,0.05,0.15,0.005,1,0,NA,NA,FALSE,390,20
13,28,0.05,0.15,0.005,1,0.5926897203592233,0.6030872702318221,-0.07408759446655522,TRUE,362,20
14,28,0.05,0.15,0.005,1,0.30202918781235977,0.5940094907830269,-0.07209526872571217,TRUE,368,20
15,28,0.05,0.15,0.005,1,NA,NA,NA,FALSE,338,20
16,28,0.05,0.15,0.005,1,NA,NA,NA,FALSE,345,20
17,28,0.05,0.15,0.005,1,0.11674152972271638,0.49396249813292015,-0.07396974292560342,TRUE,379,20
18,28,0.05,0.15,0.005,1,0.09630136139679044,0.44997181763044125,-0.06829997164013184,TRUE,325,20
19,28,0.05,0.15,0.005,1,NA,NA,NA,FALSE,347,20
20,28,0.05,0.15,0.005,1,NA,NA,NA,FALSE,339,20
21,28,0.05,0.15,0.005,1,0.015092237257827198,0.5366536596454822,-0.07252881000814118,TRUE,364,20
22,28,0.05,0.15,0.005,1,NA,NA,NA,FALSE,371,20
23,28,0.05,0.15,0.005,1,NA,NA,NA,FALSE,341,20
24,28,0.05,0.15,0.005,1,0,0,-0.06434526227621676,TRUE,350,20
25,28,0.05,0.15,0.005,1,NA,NA,NA,FALSE,359,20
26,28,0.05,0.15,0.005,1,0.15890607238184273,0.488837327950448,-0.07443124129902941,TRUE,395,20
27,28,0.05,0.15,0.005,1,NA,NA,NA,FALSE,374,20
28,28,0.05,0.15,0.005,1,NA,NA,NA,FALSE,356,20
29,28,0.05,0.15,0.005,1,NA,NA,NA,FALSE,349,20
30,28,0.05,0.15,0.005,1,NA,NA,NA,FALSE,355,20
31,28,0.05,0.15,0.005,1,NA,NA,NA,FALSE,359,20
32,28,0.05,0.15,0.005,1,0.3629290254987529,0.49723542075147265,-0.07360228885361962,TRUE,371,20
33,28,0.05,0.15,0.005,1,NA,NA,NA,FALSE,372,20
34,28,0.05,0.15,0.005,1,0,NA,NA,FALSE,364,20
35,28,0.05,0.15,0.005,1,NA,NA,NA,FALSE,347,20
36,28,0.05,0.15,0.005,1,0.4366733296945028,0.5477588274911889,-0.07261966192733664,TRUE,374,20
37,28,0.05,0.15,0.005,1,1.148967653284225,0.5109067727827936,-0.07411716165303187,TRUE,344,20
38,28,0.05,0.15,0.005,1,0.1433398684752353,0.6248197399178184,-0.07791800048960422,TRUE,357,20
39,28,0.05,0.15,0.005,1,NA,NA,NA,FALSE,351,20
40,28,0.05,0.15,0.005,1,NA,NA,NA,FALSE,337,20
41,28,0.05,0.15,0.005,1,0.1900837094420796,0.48035074225762026,-0.07088983166755,TRUE,375,20
42,28,0.05,0.15,0.005,1,NA,NA,NA,FALSE,342,20
43,28,0.05,0.15,0.005,1,NA,NA,NA,FALSE,404,20
44,28,0.05,0.15,0.005,1,NA,NA,NA,FALSE,372,20
45,28,0.05,0.15,0.005,1,0.6406357848698153,0.6153491702509918,-0.07484965224833816,TRUE,362,20
46,28,0.05,0.15,0.005,1,NA,NA,NA,FALSE,332,20
47,28,0.05,0.15,0.005,1,0.5334146501547894,0.4635358181174402,-0.06973515048425488,TRUE,342,20
48,28,0.05,0.15,0.005,1,1.236642659867404,0.637203477497735,-0.05819966982437045,TRUE,360,20
49,28,0.05,0.15,0.005,1,0.48778189468522504,0.5870782393252508,-0.057443472264884964,TRUE,381,20
50,28,0.05,0.15,0.005,1,1.091941403118286,0.6017458093550744,-0.0738251265173699,TRUE,356,20
1,29,0.05,0.2,0.005,1,0.6222233020351416,0.4649088311537809,-0.07538594594391501,TRUE,389,20
2,29,0.05,0.2,0.005,1,0.14604976816645304,0.5264026242131825,-0.08367917569113857,TRUE,371,20
3,29,0.05,0.2,0.005,1,NA,NA,NA,FALSE,341,20
4,29,0.05,0.2,0.005,1,0.0944262273186952,0.46144909211313156,-0.0725609311500895,TRUE,384,20
5,29,0.05,0.2,0.005,1,0.41656278562191607,0.47685296843934216,-0.062115796229845026,TRUE,348,20
6,29,0.05,0.2,0.005,1,NA,NA,NA,FALSE,380,20
7,29,0.05,0.2,0.005,1,0.37945624239810366,0.5043086534293258,-0.05956458540319256,TRUE,340,20
8,29,0.05,0.2,0.005,1,NA,NA,NA,FALSE,370,20
9,29,0.05,0.2,0.005,1,NA,NA,NA,FALSE,360,20
10,29,0.05,0.2,0.005,1,0.41555931198007057,0.505001226012125,-0.07064949514464518,TRUE,330,20
11,29,0.05,0.2,0.005,1,NA,NA,NA,FALSE,375,20
12,29,0.05,0.2,0.005,1,1.0971641664809972,0.5599305499306819,-0.0807868519449896,TRUE,353,20
13,29,0.05,0.2,0.005,1,0.0019783524965926876,0.4701147977328748,-0.08681581872791407,TRUE,316,20
14,29,0.05,0.2,0.005,1,0,0,-0.070040237041644,TRUE,315,20
15,29,0.05,0.2,0.005,1,0.10370113102281123,0.38170490591964007,-0.08390628373892656,TRUE,363,20
16,29,0.05,0.2,0.005,1,NA,NA,NA,FALSE,378,20
17,29,0.05,0.2,0.005,1,0.14548353897154145,0.3974075477650663,-0.05648442732291085,TRUE,350,20
18,29,0.05,0.2,0.005,1,0,0,-0.07259536943433312,TRUE,338,20
19,29,0.05,0.2,0.005,1,0.8492719838479664,0.4902632052548435,-0.06564794661327941,TRUE,366,20
20,29,0.05,0.2,0.005,1,0.4476515560496878,0.44222623257470484,-0.0852446867532767,TRUE,347,20
21,29,0.05,0.2,0.005,1,NA,NA,NA,FALSE,401,20
22,29,0.05,0.2,0.005,1,NA,NA,NA,FALSE,336,20
23,29,0.05,0.2,0.005,1,0.5034097155229985,0.45259735744976776,-0.07466417829561622,TRUE,342,20
24,29,0.05,0.2,0.005,1,0.5223122722197341,0.5418709193058503,-0.08119742601609899,TRUE,346,20
25,29,0.05,0.2,0.005,1,0.14391838200336973,0.442656241303987,-0.06597299314366065,TRUE,389,20
26,29,0.05,0.2,0.005,1,1.091803248375735,0.4321240357955838,-0.07582797905331597,TRUE,381,20
27,29,0.05,0.2,0.005,1,NA,NA,NA,FALSE,369,20
28,29,0.05,0.2,0.005,1,1.174524915826524,0.4522235365659132,-0.058827109981095985,TRUE,349,20
29,29,0.05,0.2,0.005,1,0.82566396635925,0.48593263770152234,-0.07700195326284337,TRUE,356,20
30,29,0.05,0.2,0.005,1,0.1352564534869513,0.5380694866176114,-0.06883763582194971,TRUE,355,20
31,29,0.05,0.2,0.005,1,NA,NA,NA,FALSE,387,20
32,29,0.05,0.2,0.005,1,NA,NA,NA,FALSE,347,20
33,29,0.05,0.2,0.005,1,NA,NA,NA,FALSE,338,20
34,29,0.05,0.2,0.005,1,0.3264683502048329,0.45187329895703277,-0.08986464809564657,TRUE,357,20
35,29,0.05,0.2,0.005,1,0.282064588331656,0.44440422254958417,-0.06592285897871637,TRUE,349,20
36,29,0.05,0.2,0.005,1,NA,NA,NA,FALSE,349,20
37,29,0.05,0.2,0.005,1,0.02437008285173803,0.43655284118047316,-0.0948652120553945,TRUE,348,20
38,29,0.05,0.2,0.005,1,NA,NA,NA,FALSE,336,20
39,29,0.05,0.2,0.005,1,0.03421804087221619,0.42646398837161864,-0.07308156041489872,TRUE,337,20
40,29,0.05,0.2,0.005,1,0.45759189972517594,0.6386950252289925,-0.0739694049536204,TRUE,329,20
41,29,0.05,0.2,0.005,1,0.011631090615513758,0.435521014375271,-0.06402579879536549,TRUE,349,20
42,29,0.05,0.2,0.005,1,0.3122635368230608,0.4851801141479302,-0.06334881374690678,TRUE,320,20
43,29,0.05,0.2,0.005,1,0.21055852302166617,0.4538511279529229,-0.08655448230984936,TRUE,371,20
44,29,0.05,0.2,0.005,1,0.5437119161286768,0.4370876188845598,-0.0658387171774528,TRUE,363,20
45,29,0.05,0.2,0.005,1,0.16287214020637406,0.4512573682307159,-0.056354539494155365,TRUE,346,20
46,29,0.05,0.2,0.005,1,NA,NA,NA,FALSE,367,20
47,29,0.05,0.2,0.005,1,NA,NA,NA,FALSE,326,20
48,29,0.05,0.2,0.005,1,NA,NA,NA,FALSE,387,20
49,29,0.05,0.2,0.005,1,NA,NA,NA,FALSE,352,20
50,29,0.05,0.2,0.005,1,0.025336904157454848,0.4271319347385527,-0.06366837417910516,TRUE,373,20
1,30,0.05,0.02,0.01,1,NA,NA,NA,FALSE,351,20
2,30,0.05,0.02,0.01,1,3.7526440416000604,2.051404759930286,-0.07073216588133664,TRUE,337,20
3,30,0.05,0.02,0.01,1,1.385813282955815,1.401666609204244,-0.09394893253717575,TRUE,318,20
4,30,0.05,0.02,0.01,1,NA,NA,NA,FALSE,349,20
5,30,0.05,0.02,0.01,1,6.176246664529537,3.0668718151166274,-0.0657249703098682,TRUE,355,20
6,30,0.05,0.02,0.01,1,NA,NA,NA,FALSE,355,20
7,30,0.05,0.02,0.01,1,NA,NA,NA,FALSE,359,20
8,30,0.05,0.02,0.01,1,NA,NA,NA,FALSE,337,20
9,30,0.05,0.02,0.01,1,NA,NA,NA,FALSE,349,20
10,30,0.05,0.02,0.01,1,NA,NA,NA,FALSE,382,20
11,30,0.05,0.02,0.01,1,NA,NA,NA,FALSE,366,20
12,30,0.05,0.02,0.01,1,0.6052037714854195,1.037330677010075,-0.09127073686880392,TRUE,388,20
13,30,0.05,0.02,0.01,1,NA,NA,NA,FALSE,365,20
14,30,0.05,0.02,0.01,1,NA,NA,NA,FALSE,330,20
15,30,0.05,0.02,0.01,1,NA,NA,NA,FALSE,350,20
16,30,0.05,0.02,0.01,1,1.2337098650667073,1.4496283402379095,-0.07782667920749703,TRUE,351,20
17,30,0.05,0.02,0.01,1,NA,NA,NA,FALSE,374,20
18,30,0.05,0.02,0.01,1,0.6065995745563709,1.3383364568885847,-0.06278624534442047,TRUE,364,20
19,30,0.05,0.02,0.01,1,0.6779557827834022,1.051403411281482,-0.06974064478115934,TRUE,367,20
20,30,0.05,0.02,0.01,1,NA,NA,NA,FALSE,344,20
21,30,0.05,0.02,0.01,1,NA,NA,NA,FALSE,337,20
22,30,0.05,0.02,0.01,1,0.15929953276475844,2.8361737966475538,-0.09357409086702276,TRUE,334,20
23,30,0.05,0.02,0.01,1,NA,NA,NA,FALSE,351,20
24,30,0.05,0.02,0.01,1,2.164631172214974,1.2286216885708743,-0.08021079222627293,TRUE,386,20
25,30,0.05,0.02,0.01,1,NA,NA,NA,FALSE,320,20
26,30,0.05,0.02,0.01,1,NA,NA,NA,FALSE,368,20
27,30,0.05,0.02,0.01,1,1.9910670922249083,1.589636078142215,-0.0834196101851569,TRUE,361,20
28,30,0.05,0.02,0.01,1,NA,NA,NA,FALSE,350,20
29,30,0.05,0.02,0.01,1,0.22429296589082726,1.732823004545407,-0.06070046592944733,TRUE,356,20
30,30,0.05,0.02,0.01,1,1.1734232828444557,2.1363007209211125,-0.0636163253910806,TRUE,336,20
31,30,0.05,0.02,0.01,1,NA,NA,NA,FALSE,346,20
32,30,0.05,0.02,0.01,1,1.466123344287448,2.013834431141374,-0.08297896796805818,TRUE,360,20
33,30,0.05,0.02,0.01,1,NA,NA,NA,FALSE,367,20
34,30,0.05,0.02,0.01,1,0.1060390820206344,1.610137375020015,-0.07857022292407713,TRUE,320,20
35,30,0.05,0.02,0.01,1,1.700256214892126,1.3100884626020504,-0.06817834901538881,TRUE,349,20
36,30,0.05,0.02,0.01,1,NA,NA,NA,FALSE,358,20
37,30,0.05,0.02,0.01,1,NA,NA,NA,FALSE,374,20
38,30,0.05,0.02,0.01,1,NA,NA,NA,FALSE,337,20
39,30,0.05,0.02,0.01,1,1.0961251208592473,1.0070294188683713,-0.07151821038817095,TRUE,359,20
40,30,0.05,0.02,0.01,1,NA,NA,NA,FALSE,361,20
41,30,0.05,0.02,0.01,1,NA,NA,NA,FALSE,342,20
42,30,0.05,0.02,0.01,1,3.880263912630273,2.9380035340789785,-0.07611880281047995,TRUE,388,20
43,30,0.05,0.02,0.01,1,0.6152581811302145,1.1431367664590413,-0.07344784353086006,TRUE,347,20
44,30,0.05,0.02,0.01,1,NA,NA,NA,FALSE,375,20
45,30,0.05,0.02,0.01,1,NA,NA,NA,FALSE,388,20
46,30,0.05,0.02,0.01,1,1.9574050510459369,1.6895116187649528,-0.08788758863775369,TRUE,377,20
47,30,0.05,0.02,0.01,1,NA,NA,NA,FALSE,355,20
48,30,0.05,0.02,0.01,1,7126249766831414e68,NA,NA,FALSE,339,20
49,30,0.05,0.02,0.01,1,NA,NA,NA,FALSE,338,20
50,30,0.05,0.02,0.01,1,NA,NA,NA,FALSE,341,20
1,31,0.05,0.05,0.01,1,0.8886912046875303,0.6652715110870423,-0.06764494176555762,TRUE,349,20
2,31,0.05,0.05,0.01,1,0.4494505830670305,1.0090761352125852,-0.07172684432762437,TRUE,364,20
3,31,0.05,0.05,0.01,1,NA,NA,NA,FALSE,348,20
4,31,0.05,0.05,0.01,1,NA,NA,NA,FALSE,360,20
5,31,0.05,0.05,0.01,1,1.5799476571564794,1.0252282542873825,-0.07570167183751969,TRUE,352,20
6,31,0.05,0.05,0.01,1,0.008193310580985776,0.8142998037171997,-0.08499494659948333,TRUE,374,20
7,31,0.05,0.05,0.01,1,0,NA,NA,FALSE,333,20
8,31,0.05,0.05,0.01,1,2.091161377159995,0.9616753900046785,-0.0733440469352446,TRUE,346,20
9,31,0.05,0.05,0.01,1,NA,NA,NA,FALSE,340,20
10,31,0.05,0.05,0.01,1,NA,NA,NA,FALSE,374,20
11,31,0.05,0.05,0.01,1,NA,NA,NA,FALSE,348,20
12,31,0.05,0.05,0.01,1,NA,NA,NA,FALSE,348,20
13,31,0.05,0.05,0.01,1,NA,NA,NA,FALSE,333,20
14,31,0.05,0.05,0.01,1,1.7276411938759644,1.0723065134301895,-0.06667920212312468,TRUE,395,20
15,31,0.05,0.05,0.01,1,0.37013589454983564,0.8055178186021702,-0.06992695555200307,TRUE,375,20
16,31,0.05,0.05,0.01,1,0.8063464643542266,0.8149923345598459,-0.08130363749634355,TRUE,357,20
17,31,0.05,0.05,0.01,1,0.2144518311691445,0.8149760656100964,-0.06825125307095038,TRUE,352,20
18,31,0.05,0.05,0.01,1,1.2108981405591301,0.7815643703575891,-0.07373178336182953,TRUE,359,20
19,31,0.05,0.05,0.01,1,1.466265981948066,1.2292736254945358,-0.06916258100844924,TRUE,329,20
20,31,0.05,0.05,0.01,1,0.8431742512160143,0.9435303667787014,-0.06296338623878761,TRUE,336,20
21,31,0.05,0.05,0.01,1,1.0177442591791883,1.0777175499471536,-0.07289951383962624,TRUE,376,20
22,31,0.05,0.05,0.01,1,0.3643847847310169,1.0413033603617927,-0.08259252276255034,TRUE,326,20
23,31,0.05,0.05,0.01,1,NA,NA,NA,FALSE,389,20
24,31,0.05,0.05,0.01,1,0.5632633990801048,0.6814881251940038,-0.07168319690794292,TRUE,342,20
25,31,0.05,0.05,0.01,1,NA,NA,NA,FALSE,334,20
26,31,0.05,0.05,0.01,1,0.7444785444424936,0.8154650783186159,-0.08005364375009967,TRUE,365,20
27,31,0.05,0.05,0.01,1,1.1246371642654314,0.6241133725505382,-0.080444312031815,TRUE,365,20
28,31,0.05,0.05,0.01,1,0.33458560705140333,1.0947067837933075,-0.07646132142797854,TRUE,344,20
29,31,0.05,0.05,0.01,1,NA,NA,NA,FALSE,336,20
30,31,0.05,0.05,0.01,1,0.18629122301394674,0.9510615046022641,-0.07966961874417237,TRUE,355,20
31,31,0.05,0.05,0.01,1,0.32098648969424504,0.7004430277070297,-0.0726331745755828,TRUE,373,20
32,31,0.05,0.05,0.01,1,NA,NA,NA,FALSE,366,20
33,31,0.05,0.05,0.01,1,1.621641515825279,0.9452030297578738,-0.06288021438227433,TRUE,345,20
34,31,0.05,0.05,0.01,1,NA,NA,NA,FALSE,362,20
35,31,0.05,0.05,0.01,1,NA,NA,NA,FALSE,361,20
36,31,0.05,0.05,0.01,1,0.06970128958594408,0.8014512685708893,-0.06408024097637653,TRUE,387,20
37,31,0.05,0.05,0.01,1,NA,NA,NA,FALSE,369,20
38,31,0.05,0.05,0.01,1,1.2544213309651426,1.1016116499848525,-0.05357281407159878,TRUE,363,20
39,31,0.05,0.05,0.01,1,2.4559553622694597,1.0446587368682232,-0.06576281705001463,TRUE,373,20
40,31,0.05,0.05,0.01,1,0.26220786300496185,0.7868013631587865,-0.08074490160775188,TRUE,356,20
41,31,0.05,0.05,0.01,1,NA,NA,NA,FALSE,369,20
42,31,0.05,0.05,0.01,1,0.17360611753431204,0.8035463856624764,-0.07528988708858964,TRUE,345,20
43,31,0.05,0.05,0.01,1,0.6244035565865059,0.7321470796474626,-0.06905199242151461,TRUE,378,20
44,31,0.05,0.05,0.01,1,0.6206797028256132,0.9709836013403778,-0.07250742588988597,TRUE,350,20
45,31,0.05,0.05,0.01,1,0.4869428773426871,0.853896017042508,-0.06711376779844558,TRUE,383,20
46,31,0.05,0.05,0.01,1,NA,NA,NA,FALSE,347,20
47,31,0.05,0.05,0.01,1,1.2967424567204888,0.7054617523622797,-0.06905319490751102,TRUE,374,20
48,31,0.05,0.05,0.01,1,NA,NA,NA,FALSE,350,20
49,31,0.05,0.05,0.01,1,0.3068760021182858,0.7682304053592478,-0.07255930368776069,TRUE,357,20
50,31,0.05,0.05,0.01,1,NA,NA,NA,FALSE,355,20
1,32,0.05,0.09,0.01,1,0.31918286920563915,0.6330105975398539,-0.07578104277144446,TRUE,347,20
2,32,0.05,0.09,0.01,1,0.4902454598553697,0.6640624194927093,-0.07534224827244056,TRUE,373,20
3,32,0.05,0.09,0.01,1,0.35912517133329036,0.8883170197743288,-0.07883261840676331,TRUE,363,20
4,32,0.05,0.09,0.01,1,0.14971625140666536,0.6150905414155989,-0.07069246021993618,TRUE,386,20
5,32,0.05,0.09,0.01,1,0.6362138746255459,0.5967309062244425,-0.06093628911963175,TRUE,369,20
6,32,0.05,0.09,0.01,1,NA,NA,NA,FALSE,330,20
7,32,0.05,0.09,0.01,1,NA,NA,NA,FALSE,332,20
8,32,0.05,0.09,0.01,1,NA,NA,NA,FALSE,370,20
9,32,0.05,0.09,0.01,1,NA,NA,NA,FALSE,389,20
10,32,0.05,0.09,0.01,1,NA,NA,NA,FALSE,362,20
11,32,0.05,0.09,0.01,1,NA,NA,NA,FALSE,366,20
12,32,0.05,0.09,0.01,1,NA,NA,NA,FALSE,354,20
13,32,0.05,0.09,0.01,1,NA,NA,NA,FALSE,332,20
14,32,0.05,0.09,0.01,1,0.9125084901701003,0.6438278381857365,-0.07654759220945995,TRUE,357,20
15,32,0.05,0.09,0.01,1,NA,NA,NA,FALSE,347,20
16,32,0.05,0.09,0.01,1,0.3169873903763813,0.89547180813425,-0.07537889100662166,TRUE,356,20
17,32,0.05,0.09,0.01,1,NA,NA,NA,FALSE,338,20
18,32,0.05,0.09,0.01,1,NA,NA,NA,FALSE,331,20
19,32,0.05,0.09,0.01,1,NA,NA,NA,FALSE,380,20
20,32,0.05,0.09,0.01,1,NA,NA,NA,FALSE,363,20
21,32,0.05,0.09,0.01,1,0.5325393769536569,0.7161662985867061,-0.08855952693886972,TRUE,369,20
22,32,0.05,0.09,0.01,1,0.07093632998931047,0.6840083835527466,-0.061644363867337806,TRUE,349,20
23,32,0.05,0.09,0.01,1,NA,NA,NA,FALSE,353,20
24,32,0.05,0.09,0.01,1,NA,NA,NA,FALSE,356,20
25,32,0.05,0.09,0.01,1,NA,NA,NA,FALSE,364,20
26,32,0.05,0.09,0.01,1,NA,NA,NA,FALSE,336,20
27,32,0.05,0.09,0.01,1,1.266596792639449,0.8653756983456867,-0.0808768294052399,TRUE,363,20
28,32,0.05,0.09,0.01,1,1.4985464703354239,1.334688312571578,-0.060198666773628076,TRUE,329,20
29,32,0.05,0.09,0.01,1,NA,NA,NA,FALSE,346,20
30,32,0.05,0.09,0.01,1,NA,NA,NA,FALSE,375,20
31,32,0.05,0.09,0.01,1,NA,NA,NA,FALSE,355,20
32,32,0.05,0.09,0.01,1,NA,NA,NA,FALSE,377,20
33,32,0.05,0.09,0.01,1,NA,NA,NA,FALSE,358,20
34,32,0.05,0.09,0.01,1,0.15895257361105228,0.591404667502243,-0.06309051090253774,TRUE,358,20
35,32,0.05,0.09,0.01,1,0.3511976219298139,0.7138705364294257,-0.06370464641918805,TRUE,365,20
36,32,0.05,0.09,0.01,1,NA,NA,NA,FALSE,378,20
37,32,0.05,0.09,0.01,1,0.3739547065089758,0.6650611565344425,-0.07469548211581238,TRUE,326,20
38,32,0.05,0.09,0.01,1,NA,NA,NA,FALSE,361,20
39,32,0.05,0.09,0.01,1,0.9530482643138137,0.5883887408068629,-0.06185209041560784,TRUE,372,20
40,32,0.05,0.09,0.01,1,0.2459210507438824,0.7831656308694269,-0.08057776996383155,TRUE,345,20
41,32,0.05,0.09,0.01,1,0.7469897060771002,0.6737099789707932,-0.06941968215337496,TRUE,391,20
42,32,0.05,0.09,0.01,1,0.033449853668982676,0.6037470044828391,-0.08485190631672487,TRUE,361,20
43,32,0.05,0.09,0.01,1,0.4355238380660839,0.7149996772031335,-0.07841692645871777,TRUE,333,20
44,32,0.05,0.09,0.01,1,NA,NA,NA,FALSE,357,20
45,32,0.05,0.09,0.01,1,0.33854109720096437,0.787780898887598,-0.06808174839651647,TRUE,343,20
46,32,0.05,0.09,0.01,1,1.1345423623713546,0.7058573280168156,-0.07557200514564472,TRUE,367,20
47,32,0.05,0.09,0.01,1,0.8659370210572129,0.6089935123578497,-0.07561970347240632,TRUE,344,20
48,32,0.05,0.09,0.01,1,0.04357647799480742,0.7330180517005981,-0.06876902414423366,TRUE,334,20
49,32,0.05,0.09,0.01,1,0.7843280046272789,0.8184135718534347,-0.07010475786732691,TRUE,346,20
50,32,0.05,0.09,0.01,1,NA,NA,NA,FALSE,357,20
1,33,0.05,0.15,0.01,1,NA,NA,NA,FALSE,346,20
2,33,0.05,0.15,0.01,1,NA,NA,NA,FALSE,388,20
3,33,0.05,0.15,0.01,1,NA,NA,NA,FALSE,341,20
4,33,0.05,0.15,0.01,1,0,NA,NA,FALSE,316,20
5,33,0.05,0.15,0.01,1,NA,NA,NA,FALSE,337,20
6,33,0.05,0.15,0.01,1,NA,NA,NA,FALSE,345,20
7,33,0.05,0.15,0.01,1,0.5813891393070114,0.5561823312004341,-0.07618696425209576,TRUE,395,20
8,33,0.05,0.15,0.01,1,0.33091497074352,0.5098389113285664,-0.06895482097071882,TRUE,366,20
9,33,0.05,0.15,0.01,1,NA,NA,NA,FALSE,381,20
10,33,0.05,0.15,0.01,1,0.4069177689408881,0.9544923021036493,-0.0742760227993088,TRUE,380,20
11,33,0.05,0.15,0.01,1,NA,NA,NA,FALSE,384,20
12,33,0.05,0.15,0.01,1,NA,NA,NA,FALSE,368,20
13,33,0.05,0.15,0.01,1,NA,NA,NA,FALSE,347,20
14,33,0.05,0.15,0.01,1,NA,NA,NA,FALSE,360,20
15,33,0.05,0.15,0.01,1,0.031025085244590786,0.4927305717129166,-0.08892437808697208,TRUE,359,20
16,33,0.05,0.15,0.01,1,NA,NA,NA,FALSE,385,20
17,33,0.05,0.15,0.01,1,0.2767560827465451,0.5961331351576843,-0.06984962194773355,TRUE,366,20
18,33,0.05,0.15,0.01,1,0.022738310465002885,0.49365874936914783,-0.10021794486847922,TRUE,349,20
19,33,0.05,0.15,0.01,1,0.3378406941874558,0.4384434644355102,-0.06886003830562382,TRUE,365,20
20,33,0.05,0.15,0.01,1,0.8625675364788141,0.5461179341786995,-0.07345688643590595,TRUE,336,20
21,33,0.05,0.15,0.01,1,0.1475586903227129,0.5356421058323865,-0.0800789040411462,TRUE,368,20
22,33,0.05,0.15,0.01,1,0.6418730226138262,0.6110333775926049,-0.059908389807343,TRUE,338,20
23,33,0.05,0.15,0.01,1,NA,NA,NA,FALSE,368,20
24,33,0.05,0.15,0.01,1,0.21738400567521732,0.49078391027118246,-0.0713167933522151,TRUE,372,20
25,33,0.05,0.15,0.01,1,NA,NA,NA,FALSE,349,20
26,33,0.05,0.15,0.01,1,NA,NA,NA,FALSE,379,20
27,33,0.05,0.15,0.01,1,0.7556313632416171,0.44072311006483395,-0.07371415051198263,TRUE,397,20
28,33,0.05,0.15,0.01,1,NA,NA,NA,FALSE,367,20
29,33,0.05,0.15,0.01,1,NA,NA,NA,FALSE,345,20
30,33,0.05,0.15,0.01,1,0.45558965893843895,0.556495764026522,-0.084370831216632,TRUE,360,20
31,33,0.05,0.15,0.01,1,NA,NA,NA,FALSE,356,20
32,33,0.05,0.15,0.01,1,0.30967009070476903,0.5616498502333126,-0.0632439596794826,TRUE,355,20
33,33,0.05,0.15,0.01,1,NA,NA,NA,FALSE,349,20
34,33,0.05,0.15,0.01,1,0.3252123619439894,0.4934528586342324,-0.0694152179303659,TRUE,402,20
35,33,0.05,0.15,0.01,1,NA,NA,NA,FALSE,378,20
36,33,0.05,0.15,0.01,1,0.6002101450993937,0.5096179713219612,-0.09603669044436734,TRUE,352,20
37,33,0.05,0.15,0.01,1,NA,NA,NA,FALSE,348,20
38,33,0.05,0.15,0.01,1,0,NA,NA,FALSE,363,20
39,33,0.05,0.15,0.01,1,0,NA,NA,FALSE,337,20
40,33,0.05,0.15,0.01,1,1.3138807415406515,0.5675004226166332,-0.06902282122787626,TRUE,318,20
41,33,0.05,0.15,0.01,1,0.6099471018199784,0.6269727798515332,-0.07949069061907132,TRUE,380,20
42,33,0.05,0.15,0.01,1,0.15670659509446255,0.559961665390255,-0.0755482800908884,TRUE,352,20
43,33,0.05,0.15,0.01,1,NA,NA,NA,FALSE,335,20
44,33,0.05,0.15,0.01,1,0.8867923838212554,0.4648053985198905,-0.08708011484620898,TRUE,338,20
45,33,0.05,0.15,0.01,1,0.6119907401871728,0.6654311930982139,-0.09368979122732539,TRUE,335,20
46,33,0.05,0.15,0.01,1,0.46685279924460144,0.5406635635259097,-0.06301755712086494,TRUE,397,20
47,33,0.05,0.15,0.01,1,0.4813011163882968,0.5177523397826569,-0.08137426524638772,TRUE,409,20
48,33,0.05,0.15,0.01,1,NA,NA,NA,FALSE,364,20
49,33,0.05,0.15,0.01,1,NA,NA,NA,FALSE,336,20
50,33,0.05,0.15,0.01,1,0.14409232174729356,0.4975173264813655,-0.07875579878877204,TRUE,414,20
1,34,0.05,0.2,0.01,1,NA,NA,NA,FALSE,349,20
2,34,0.05,0.2,0.01,1,NA,NA,NA,FALSE,347,20
3,34,0.05,0.2,0.01,1,NA,NA,NA,FALSE,382,20
4,34,0.05,0.2,0.01,1,NA,NA,NA,FALSE,354,20
5,34,0.05,0.2,0.01,1,NA,NA,NA,FALSE,372,20
6,34,0.05,0.2,0.01,1,0.10348584498445194,0.47555756957531076,-0.07655806592144812,TRUE,377,20
7,34,0.05,0.2,0.01,1,NA,NA,NA,FALSE,307,20
8,34,0.05,0.2,0.01,1,0.6872959092050341,0.4416826227049791,-0.08601898081480076,TRUE,360,20
9,34,0.05,0.2,0.01,1,0.521926909854543,0.467225711010386,-0.07768510539426042,TRUE,356,20
10,34,0.05,0.2,0.01,1,0.9090246413974827,0.5531294637142152,-0.06864724461216937,TRUE,357,20
11,34,0.05,0.2,0.01,1,0.32520833682764866,0.46500343861535554,-0.07718262392329993,TRUE,351,20
12,34,0.05,0.2,0.01,1,NA,NA,NA,FALSE,369,20
13,34,0.05,0.2,0.01,1,0.33481633291482626,0.5365222509208598,-0.06972399421556447,TRUE,367,20
14,34,0.05,0.2,0.01,1,NA,NA,NA,FALSE,379,20
15,34,0.05,0.2,0.01,1,0.17107949721253024,0.46200585137597855,-0.06917625605801406,TRUE,353,20
16,34,0.05,0.2,0.01,1,1.2773352986558508,0.6182313189536118,-0.06700344861479568,TRUE,348,20
17,34,0.05,0.2,0.01,1,0.16370171363448102,0.5270708089360898,-0.0758391014962286,TRUE,359,20
18,34,0.05,0.2,0.01,1,NA,NA,NA,FALSE,376,20
19,34,0.05,0.2,0.01,1,NA,NA,NA,FALSE,346,20
20,34,0.05,0.2,0.01,1,0.6319249161469148,0.528209375780815,-0.09185035277890698,TRUE,396,20
21,34,0.05,0.2,0.01,1,NA,NA,NA,FALSE,381,20
22,34,0.05,0.2,0.01,1,0.5946048174451638,0.44006972188448645,-0.07800800968032967,TRUE,383,20
23,34,0.05,0.2,0.01,1,NA,NA,NA,FALSE,368,20
24,34,0.05,0.2,0.01,1,0.3546195083599543,0.4375337984976438,-0.07271080374920846,TRUE,360,20
25,34,0.05,0.2,0.01,1,NA,NA,NA,FALSE,361,20
26,34,0.05,0.2,0.01,1,0.4926197933555891,0.47097663875785534,-0.06262533234492569,TRUE,341,20
27,34,0.05,0.2,0.01,1,0.402500929699518,0.5125549532348497,-0.07660726212954928,TRUE,357,20
28,34,0.05,0.2,0.01,1,NA,NA,NA,FALSE,358,20
29,34,0.05,0.2,0.01,1,NA,NA,NA,FALSE,328,20
30,34,0.05,0.2,0.01,1,0.23195895665685923,0.5000841224889938,-0.06745900685947236,TRUE,350,20
31,34,0.05,0.2,0.01,1,NA,NA,NA,FALSE,358,20
32,34,0.05,0.2,0.01,1,0.41316618873508953,0.4518035495655844,-0.07586317025699318,TRUE,342,20
33,34,0.05,0.2,0.01,1,0.8082493086942534,0.43792185468038314,-0.06513841207045387,TRUE,367,20
34,34,0.05,0.2,0.01,1,NA,NA,NA,FALSE,363,20
35,34,0.05,0.2,0.01,1,NA,NA,NA,FALSE,357,20
36,34,0.05,0.2,0.01,1,0.6502023227208797,0.4291866994905794,-0.07937055439390701,TRUE,376,20
37,34,0.05,0.2,0.01,1,0,0,-0.08677350944862403,TRUE,364,20
38,34,0.05,0.2,0.01,1,0.39064945880944935,0.4894574208816062,-0.0684191296838451,TRUE,404,20
39,34,0.05,0.2,0.01,1,0.01200784480255171,0.4358117934252931,-0.06801307996814154,TRUE,378,20
40,34,0.05,0.2,0.01,1,0.31382000617662276,0.6264797639482601,-0.08165363291105235,TRUE,355,20
41,34,0.05,0.2,0.01,1,1.0994299206634504,0.47746139245678487,-0.06222804792793753,TRUE,357,20
42,34,0.05,0.2,0.01,1,0.357519757036872,0.4797063484520978,-0.0893764228628357,TRUE,359,20
43,34,0.05,0.2,0.01,1,NA,NA,NA,FALSE,391,20
44,34,0.05,0.2,0.01,1,NA,NA,NA,FALSE,343,20
45,34,0.05,0.2,0.01,1,0.36532202146853276,0.49440110618960365,-0.06460604225269764,TRUE,336,20
46,34,0.05,0.2,0.01,1,0.24881120326661763,0.4565986445913372,-0.06604601176605364,TRUE,358,20
47,34,0.05,0.2,0.01,1,NA,NA,NA,FALSE,353,20
48,34,0.05,0.2,0.01,1,NA,NA,NA,FALSE,371,20
49,34,0.05,0.2,0.01,1,NA,NA,NA,FALSE,373,20
50,34,0.05,0.2,0.01,1,0.04536389029920857,0.5639636082534025,-0.07349344136131528,TRUE,382,20
1,35,0.05,0.05,0.02,1,NA,NA,NA,FALSE,383,20
2,35,0.05,0.05,0.02,1,NA,NA,NA,FALSE,383,20
3,35,0.05,0.05,0.02,1,NA,NA,NA,FALSE,360,20
4,35,0.05,0.05,0.02,1,1.0339189858138806,0.8030937922018698,-0.07665309925133415,TRUE,344,20
5,35,0.05,0.05,0.02,1,0.5474310111090053,1.2977119473440166,-0.07800946672815341,TRUE,335,20
6,35,0.05,0.05,0.02,1,2.2232721859016076,1.1842276307701067,-0.08510456174814865,TRUE,375,20
7,35,0.05,0.05,0.02,1,0.7556627994773752,0.7862064962003663,-0.07357978215724668,TRUE,320,20
8,35,0.05,0.05,0.02,1,NA,NA,NA,FALSE,352,20
9,35,0.05,0.05,0.02,1,NA,NA,NA,FALSE,380,20
10,35,0.05,0.05,0.02,1,0.1275448666310515,0.8556389317945893,-0.06671171047743764,TRUE,366,20
11,35,0.05,0.05,0.02,1,0.20745612486972884,0.7840761958846503,-0.06676337215645373,TRUE,364,20
12,35,0.05,0.05,0.02,1,0.08045060835789573,0.722070683951633,-0.06038447124630541,TRUE,362,20
13,35,0.05,0.05,0.02,1,1.4305053189243504,1.6681121185235206,-0.07148791874611707,TRUE,341,20
14,35,0.05,0.05,0.02,1,0.304598185688451,0.9937309522935406,-0.06868075406978133,TRUE,371,20
15,35,0.05,0.05,0.02,1,0.5788033336247776,0.9628747488980446,-0.07587474751442475,TRUE,356,20
16,35,0.05,0.05,0.02,1,1.683788287291428,1.3349114724279296,-0.07128032980372712,TRUE,376,20
17,35,0.05,0.05,0.02,1,NA,NA,NA,FALSE,328,20
18,35,0.05,0.05,0.02,1,1.3262378794358827,1.668355768807467,-0.06984326834960515,TRUE,386,20
19,35,0.05,0.05,0.02,1,NA,NA,NA,FALSE,336,20
20,35,0.05,0.05,0.02,1,0.34083034152733344,1.0274672767296604,-0.0851884566895971,TRUE,415,20
21,35,0.05,0.05,0.02,1,NA,NA,NA,FALSE,401,20
22,35,0.05,0.05,0.02,1,NA,NA,NA,FALSE,362,20
23,35,0.05,0.05,0.02,1,0.7529462090239843,1.0782010715645796,-0.07242495005688711,TRUE,349,20
24,35,0.05,0.05,0.02,1,NA,NA,NA,FALSE,351,20
25,35,0.05,0.05,0.02,1,NA,NA,NA,FALSE,341,20
26,35,0.05,0.05,0.02,1,1.5633642645082866,0.9944199224853405,-0.07851296718100156,TRUE,337,20
27,35,0.05,0.05,0.02,1,0.011754493031273145,0.7303036199147749,-0.07803703669553946,TRUE,376,20
28,35,0.05,0.05,0.02,1,0.7060948785770629,0.8043633155033364,-0.08832743962113271,TRUE,349,20
29,35,0.05,0.05,0.02,1,1.2520099475306832,1.1953875939654282,-0.07452857329302272,TRUE,339,20
30,35,0.05,0.05,0.02,1,NA,NA,NA,FALSE,378,20
31,35,0.05,0.05,0.02,1,0.010317914624066097,0.7508835470482298,-0.06812233281945514,TRUE,343,20
32,35,0.05,0.05,0.02,1,0.44557382024776815,0.7568510740064707,-0.06829260709223729,TRUE,373,20
33,35,0.05,0.05,0.02,1,0.2888744285742395,0.9234018961703209,-0.0672873160003584,TRUE,378,20
34,35,0.05,0.05,0.02,1,NA,NA,NA,FALSE,416,20
35,35,0.05,0.05,0.02,1,NA,NA,NA,FALSE,349,20
36,35,0.05,0.05,0.02,1,1.3265395773159598,0.8729212187901115,-0.07033354814728951,TRUE,373,20
37,35,0.05,0.05,0.02,1,0.6010719881659439,1.322178546307542,-0.06737700939426486,TRUE,368,20
38,35,0.05,0.05,0.02,1,1.133708713578675,1.1350555963401194,-0.06562511381239514,TRUE,340,20
39,35,0.05,0.05,0.02,1,NA,NA,NA,FALSE,375,20
40,35,0.05,0.05,0.02,1,0.820350673091754,0.833593965006393,-0.06296752328343487,TRUE,365,20
41,35,0.05,0.05,0.02,1,NA,NA,NA,FALSE,373,20
42,35,0.05,0.05,0.02,1,3.5509637118155934,1.5759143575971595,-0.0649911639739699,TRUE,372,20
43,35,0.05,0.05,0.02,1,0.8976099917390064,0.7491557953833226,-0.06776564282082341,TRUE,381,20
44,35,0.05,0.05,0.02,1,0.3382082545056377,0.8973540061488153,-0.07173130512883483,TRUE,370,20
45,35,0.05,0.05,0.02,1,1.2320498110843634,0.8053226760812722,-0.0861706299483645,TRUE,314,20
46,35,0.05,0.05,0.02,1,NA,NA,NA,FALSE,338,20
47,35,0.05,0.05,0.02,1,NA,NA,NA,FALSE,373,20
48,35,0.05,0.05,0.02,1,NA,NA,NA,FALSE,367,20
49,35,0.05,0.05,0.02,1,NA,NA,NA,FALSE,370,20
50,35,0.05,0.05,0.02,1,NA,NA,NA,FALSE,356,20
1,36,0.05,0.09,0.02,1,0.9837507472771604,0.7655935077042919,-0.08297591480180477,TRUE,382,20
2,36,0.05,0.09,0.02,1,NA,NA,NA,FALSE,326,20
3,36,0.05,0.09,0.02,1,1.3193675593146188,0.6436584742582068,-0.07804384450944012,TRUE,363,20
4,36,0.05,0.09,0.02,1,0.11534082520026599,0.6679001599513262,-0.07663180526199959,TRUE,348,20
5,36,0.05,0.09,0.02,1,0.6552427492661189,0.6505633826503309,-0.0782776688352442,TRUE,360,20
6,36,0.05,0.09,0.02,1,0.16052259910585928,0.67911578613450585,-0.08146338830466095,TRUE,356,20
7,36,0.05,0.09,0.02,1,NA,NA,NA,FALSE,339,20
8,36,0.05,0.09,0.02,1,0.4115950364619167,0.8540418100868524,-0.08149065534620954,TRUE,354,20
9,36,0.05,0.09,0.02,1,0.20534236314728993,0.6064612378059249,-0.07957337863160518,TRUE,370,20
10,36,0.05,0.09,0.02,1,NA,NA,NA,FALSE,340,20
11,36,0.05,0.09,0.02,1,0.5823452632921484,0.6545370156285032,-0.08656469645729652,TRUE,382,20
12,36,0.05,0.09,0.02,1,NA,NA,NA,FALSE,377,20
13,36,0.05,0.09,0.02,1,NA,NA,NA,FALSE,373,20
14,36,0.05,0.09,0.02,1,NA,NA,NA,FALSE,329,20
15,36,0.05,0.09,0.02,1,NA,NA,NA,FALSE,342,20
16,36,0.05,0.09,0.02,1,0.379450582391304,0.6763344820792461,-0.08965361919948525,TRUE,377,20
17,36,0.05,0.09,0.02,1,NA,NA,NA,FALSE,326,20
18,36,0.05,0.09,0.02,1,0.37128482397418416,0.7296234641326136,-0.07538145549162843,TRUE,346,20
19,36,0.05,0.09,0.02,1,1.1141910700137414,0.6525718886973925,-0.08361704026188942,TRUE,345,20
20,36,0.05,0.09,0.02,1,1.192029120491161,0.8435582409948902,-0.06953657905103335,TRUE,363,20
21,36,0.05,0.09,0.02,1,NA,NA,NA,FALSE,354,20
22,36,0.05,0.09,0.02,1,0.48083035727467865,0.6835438762910037,-0.06871121351877872,TRUE,371,20
23,36,0.05,0.09,0.02,1,0.09310762027551306,0.646592689273082,-0.06666911805617279,TRUE,378,20
24,36,0.05,0.09,0.02,1,0.24162862103432528,0.6588280254735729,-0.06981623353158327,TRUE,367,20
25,36,0.05,0.09,0.02,1,NA,NA,NA,FALSE,359,20
26,36,0.05,0.09,0.02,1,NA,NA,NA,FALSE,353,20
27,36,0.05,0.09,0.02,1,0.24100487169561208,0.7647471494276933,-0.06408527798444394,TRUE,358,20
28,36,0.05,0.09,0.02,1,NA,NA,NA,FALSE,318,20
29,36,0.05,0.09,0.02,1,NA,NA,NA,FALSE,376,20
30,36,0.05,0.09,0.02,1,0.3390357273397889,0.69224917693881,-0.10411631076626605,TRUE,376,20
31,36,0.05,0.09,0.02,1,0.5209739525022143,0.6762620647346758,-0.0611938239063297,TRUE,368,20
32,36,0.05,0.09,0.02,1,NA,NA,NA,FALSE,363,20
33,36,0.05,0.09,0.02,1,1.3419795425506509,0.8136251576414317,-0.05566021428814165,TRUE,358,20
34,36,0.05,0.09,0.02,1,1.892982786523015,0.8859241562544855,-0.06813713785320656,TRUE,347,20
35,36,0.05,0.09,0.02,1,NA,NA,NA,FALSE,367,20
36,36,0.05,0.09,0.02,1,NA,NA,NA,FALSE,364,20
37,36,0.05,0.09,0.02,1,0.4412649325082351,0.8243856960607637,-0.08219709475538212,TRUE,357,20
38,36,0.05,0.09,0.02,1,0.31866391976853137,0.6942229376596027,-0.062187093491581955,TRUE,381,20
39,36,0.05,0.09,0.02,1,0.14986244577140848,0.7058597916161474,-0.08498429810805985,TRUE,356,20
40,36,0.05,0.09,0.02,1,0.9876928391537505,0.7010359754328859,-0.08425725311311816,TRUE,357,20
41,36,0.05,0.09,0.02,1,NA,NA,NA,FALSE,384,20
42,36,0.05,0.09,0.02,1,NA,NA,NA,FALSE,369,20
43,36,0.05,0.09,0.02,1,0.32587049363253556,0.6271150558348754,-0.07922552617368367,TRUE,361,20
44,36,0.05,0.09,0.02,1,NA,NA,NA,FALSE,345,20
45,36,0.05,0.09,0.02,1,NA,NA,NA,FALSE,353,20
46,36,0.05,0.09,0.02,1,NA,NA,NA,FALSE,364,20
47,36,0.05,0.09,0.02,1,1.5369131755969305,0.6599134931683764,-0.07693656109141592,TRUE,363,20
48,36,0.05,0.09,0.02,1,NA,NA,NA,FALSE,375,20
49,36,0.05,0.09,0.02,1,0.716160899514896,0.7166592369772846,-0.06888272962705837,TRUE,383,20
50,36,0.05,0.09,0.02,1,1.213323292843128,0.8674208352993406,-0.10654496360544888,TRUE,317,20
1,37,0.05,0.15,0.02,1,NA,NA,NA,FALSE,374,20
2,37,0.05,0.15,0.02,1,0.4084051986061672,0.4793877333503863,-0.08340381911188477,TRUE,393,20
3,37,0.05,0.15,0.02,1,0.16392735052139884,0.5970405856770973,-0.08590345623433916,TRUE,346,20
4,37,0.05,0.15,0.02,1,0.6269841370698039,0.4581891819609222,-0.08709184313671672,TRUE,351,20
5,37,0.05,0.15,0.02,1,0.6494242467244976,0.5377229827835063,-0.0682973320614026,TRUE,347,20
6,37,0.05,0.15,0.02,1,0.35543031191580304,0.5910931554906222,-0.07091445790127272,TRUE,338,20
7,37,0.05,0.15,0.02,1,0.23031469032365376,0.5158956878125512,-0.06069595347856931,TRUE,380,20
8,37,0.05,0.15,0.02,1,0,0,-0.08675339566101592,TRUE,371,20
9,37,0.05,0.15,0.02,1,0.2516871868596653,0.583144310574835,-0.07007110160400405,TRUE,364,20
10,37,0.05,0.15,0.02,1,NA,NA,NA,FALSE,389,20
11,37,0.05,0.15,0.02,1,NA,NA,NA,FALSE,334,20
12,37,0.05,0.15,0.02,1,0.6597042648256197,0.5574166257833616,-0.08514189056041913,TRUE,344,20
13,37,0.05,0.15,0.02,1,0.21717202117741108,0.5074605401729377,-0.07447589637838828,TRUE,367,20
14,37,0.05,0.15,0.02,1,0.1252123291261763,0.4779802220676111,-0.068384646022278,TRUE,390,20
15,37,0.05,0.15,0.02,1,NA,NA,NA,FALSE,374,20
16,37,0.05,0.15,0.02,1,0.35602874096138,0.5863396304149103,-0.07886735051306347,TRUE,380,20
17,37,0.05,0.15,0.02,1,NA,NA,NA,FALSE,366,20
18,37,0.05,0.15,0.02,1,0.04935400266556078,0.5605241684999803,-0.07343168615868395,TRUE,333,20
19,37,0.05,0.15,0.02,1,NA,NA,NA,FALSE,350,20
20,37,0.05,0.15,0.02,1,0.12047401898763303,0.4921298164414046,-0.0771722354579843,TRUE,349,20
21,37,0.05,0.15,0.02,1,0.28195197004468425,0.4805606331031589,-0.06740999266968316,TRUE,369,20
22,37,0.05,0.15,0.02,1,NA,NA,NA,FALSE,361,20
23,37,0.05,0.15,0.02,1,0.09322153831668666,0.48713618508411194,-0.06645520909585637,TRUE,347,20
24,37,0.05,0.15,0.02,1,0.4351509902283205,0.6291095751109389,-0.07807974867999101,TRUE,362,20
25,37,0.05,0.15,0.02,1,NA,NA,NA,FALSE,373,20
26,37,0.05,0.15,0.02,1,NA,NA,NA,FALSE,347,20
27,37,0.05,0.15,0.02,1,NA,NA,NA,FALSE,355,20
28,37,0.05,0.15,0.02,1,NA,NA,NA,FALSE,381,20
29,37,0.05,0.15,0.02,1,0.14698134262744864,0.6040653582868842,-0.07792483764419532,TRUE,373,20
30,37,0.05,0.15,0.02,1,0.6819832040456053,0.6096977704345106,-0.06677571023315937,TRUE,350,20
31,37,0.05,0.15,0.02,1,0.20819496166334317,0.5609929453043603,-0.07276732489628716,TRUE,332,20
32,37,0.05,0.15,0.02,1,0.526166759254487,0.5353709148218894,-0.0744254276537792,TRUE,375,20
33,37,0.05,0.15,0.02,1,NA,NA,NA,FALSE,343,20
34,37,0.05,0.15,0.02,1,NA,NA,NA,FALSE,336,20
35,37,0.05,0.15,0.02,1,0.4325471389263255,0.526709704525605,-0.06609317865706042,TRUE,365,20
36,37,0.05,0.15,0.02,1,0.58048822567054,0.59984664331503,-0.07831739638232933,TRUE,371,20
37,37,0.05,0.15,0.02,1,NA,NA,NA,FALSE,366,20
38,37,0.05,0.15,0.02,1,0.31546707176228994,0.44829950607824953,-0.07885928040637494,TRUE,390,20
39,37,0.05,0.15,0.02,1,NA,NA,NA,FALSE,380,20
40,37,0.05,0.15,0.02,1,0.31645833969398535,0.5922624100704665,-0.08074758820542129,TRUE,333,20
41,37,0.05,0.15,0.02,1,0.11931900908231803,0.5519314426339577,-0.06512527547632821,TRUE,368,20
42,37,0.05,0.15,0.02,1,0,0,-0.07255250604667175,TRUE,387,20
43,37,0.05,0.15,0.02,1,NA,NA,NA,FALSE,368,20
44,37,0.05,0.15,0.02,1,0.14611937149532303,0.542667126231131,-0.07644466807248204,TRUE,347,20
45,37,0.05,0.15,0.02,1,0.47123698235480743,0.5394529038112598,-0.0814603673273922,TRUE,348,20
46,37,0.05,0.15,0.02,1,NA,NA,NA,FALSE,332,20
47,37,0.05,0.15,0.02,1,0.45614793986586843,0.4868265393567703,-0.08500577669334447,TRUE,372,20
48,37,0.05,0.15,0.02,1,NA,NA,NA,FALSE,376,20
49,37,0.05,0.15,0.02,1,0.8286778012605773,0.5651914479879468,-0.06964779566707167,TRUE,361,20
50,37,0.05,0.15,0.02,1,0.5532901442765918,0.5569207975709778,-0.07458192649132821,TRUE,353,20
1,38,0.05,0.2,0.02,1,1.2148673701340202,0.6261566057502637,-0.09414224227355943,TRUE,356,20
2,38,0.05,0.2,0.02,1,1.1697622005276265,0.601799528850939,-0.07982062251833075,TRUE,363,20
3,38,0.05,0.2,0.02,1,NA,NA,NA,FALSE,358,20
4,38,0.05,0.2,0.02,1,NA,NA,NA,FALSE,386,20
5,38,0.05,0.2,0.02,1,0.37102369436296806,0.4333366042725118,-0.07793023909425266,TRUE,433,20
6,38,0.05,0.2,0.02,1,0.2746550369121756,0.4344954651173973,-0.08031454295631138,TRUE,358,20
7,38,0.05,0.2,0.02,1,NA,NA,NA,FALSE,336,20
8,38,0.05,0.2,0.02,1,0.6200933549180053,0.4474396460684764,-0.07121169194341115,TRUE,386,20
9,38,0.05,0.2,0.02,1,NA,NA,NA,FALSE,387,20
10,38,0.05,0.2,0.02,1,0.15371445237269055,0.4370774852308378,-0.07988436041327539,TRUE,387,20
11,38,0.05,0.2,0.02,1,0.013545838496996442,0.6535315553898667,-0.080361426151663,TRUE,321,20
12,38,0.05,0.2,0.02,1,0.6150100506506312,0.43962081825673605,-0.07903206248325231,TRUE,353,20
13,38,0.05,0.2,0.02,1,0,NA,NA,FALSE,375,20
14,38,0.05,0.2,0.02,1,NA,NA,NA,FALSE,360,20
15,38,0.05,0.2,0.02,1,NA,NA,NA,FALSE,386,20
16,38,0.05,0.2,0.02,1,NA,NA,NA,FALSE,345,20
17,38,0.05,0.2,0.02,1,1.6690115719523997,0.6629940634367986,-0.0761904257743313,TRUE,342,20
18,38,0.05,0.2,0.02,1,0.8283620169077439,0.6986179465342035,-0.07475578856819175,TRUE,363,20
19,38,0.05,0.2,0.02,1,NA,NA,NA,FALSE,370,20
20,38,0.05,0.2,0.02,1,0.32846029339076993,0.47610231257527064,-0.07017804889593163,TRUE,383,20
21,38,0.05,0.2,0.02,1,NA,NA,NA,FALSE,358,20
22,38,0.05,0.2,0.02,1,0.5672543707139295,0.5112643820681316,-0.07788922050027734,TRUE,345,20
23,38,0.05,0.2,0.02,1,1.4455284020869883,0.5429015866537771,-0.08120900689353139,TRUE,351,20
24,38,0.05,0.2,0.02,1,NA,NA,NA,FALSE,386,20
25,38,0.05,0.2,0.02,1,0,NA,NA,FALSE,359,20
26,38,0.05,0.2,0.02,1,0.22824084145821363,0.48354144710786995,-0.07529280622731527,TRUE,368,20
27,38,0.05,0.2,0.02,1,NA,NA,NA,FALSE,321,20
28,38,0.05,0.2,0.02,1,0.3601620563690407,0.39321830659363227,-0.05558311298373247,TRUE,410,20
29,38,0.05,0.2,0.02,1,NA,NA,NA,FALSE,351,20
30,38,0.05,0.2,0.02,1,NA,NA,NA,FALSE,365,20
31,38,0.05,0.2,0.02,1,0.14938436793326704,0.5064788242246321,-0.06081105947654214,TRUE,335,20
32,38,0.05,0.2,0.02,1,0.1802871071540232,0.46058354332793955,-0.0587043562517015,TRUE,349,20
33,38,0.05,0.2,0.02,1,0.06903545955406389,0.5139958361349062,-0.07099024001605989,TRUE,381,20
34,38,0.05,0.2,0.02,1,NA,NA,NA,FALSE,342,20
35,38,0.05,0.2,0.02,1,0.6397272410839998,0.5525019524703921,-0.08372821025035679,TRUE,339,20
36,38,0.05,0.2,0.02,1,0,NA,NA,FALSE,329,20
37,38,0.05,0.2,0.02,1,0.3796310863466407,0.46858314079767766,-0.07651211187710036,TRUE,331,20
38,38,0.05,0.2,0.02,1,0.3245268565553565,0.5569822023578472,-0.08641624589766209,TRUE,378,20
39,38,0.05,0.2,0.02,1,0.43937890018326436,0.4947634065388404,-0.07371332266306635,TRUE,349,20
40,38,0.05,0.2,0.02,1,NA,NA,NA,FALSE,344,20
41,38,0.05,0.2,0.02,1,NA,NA,NA,FALSE,353,20
42,38,0.05,0.2,0.02,1,0.6284033223965374,0.44247483763384093,-0.07470426441927402,TRUE,367,20
43,38,0.05,0.2,0.02,1,0.48643643572507905,0.5000853899404608,-0.07267560422986626,TRUE,353,20
44,38,0.05,0.2,0.02,1,NA,NA,NA,FALSE,345,20
45,38,0.05,0.2,0.02,1,0.32543475899545843,0.5858337125467648,-0.08099251421043184,TRUE,360,20
46,38,0.05,0.2,0.02,1,0.33756227006400713,0.4999153919510804,-0.07294773267860999,TRUE,359,20
47,38,0.05,0.2,0.02,1,NA,NA,NA,FALSE,376,20
48,38,0.05,0.2,0.02,1,NA,NA,NA,FALSE,350,20
49,38,0.05,0.2,0.02,1,0.11867816446153973,0.4257458642034945,-0.07110507376008982,TRUE,357,20
50,38,0.05,0.2,0.02,1,0.2648703073486728,0.46305463229486193,-0.10608812253955725,TRUE,371,20
1,39,0.05,0.05,0.03,1,NA,NA,NA,FALSE,339,20
2,39,0.05,0.05,0.03,1,1.9608598747882238,1.6458916283886305,-0.08401931384050876,TRUE,355,20
3,39,0.05,0.05,0.03,1,2.2274939179055937,0.7415891082829567,-0.07019773185546,TRUE,336,20
4,39,0.05,0.05,0.03,1,NA,NA,NA,FALSE,343,20
5,39,0.05,0.05,0.03,1,1.515483330709947,0.9188822652701552,-0.06858326686104133,TRUE,369,20
6,39,0.05,0.05,0.03,1,NA,NA,NA,FALSE,329,20
7,39,0.05,0.05,0.03,1,0.9475886437341989,0.9886269359604374,-0.07675408936094767,TRUE,339,20
8,39,0.05,0.05,0.03,1,0.6993001823162074,0.8052576247773491,-0.0777241936817796,TRUE,337,20
9,39,0.05,0.05,0.03,1,NA,NA,NA,FALSE,395,20
10,39,0.05,0.05,0.03,1,0.4877963208015635,0.9991968965770602,-0.08183727662689472,TRUE,351,20
11,39,0.05,0.05,0.03,1,NA,NA,NA,FALSE,346,20
12,39,0.05,0.05,0.03,1,0.4636632855713782,0.8375952798789014,-0.07944928321102936,TRUE,351,20
13,39,0.05,0.05,0.03,1,NA,NA,NA,FALSE,364,20
14,39,0.05,0.05,0.03,1,NA,NA,NA,FALSE,352,20
15,39,0.05,0.05,0.03,1,NA,NA,NA,FALSE,347,20
16,39,0.05,0.05,0.03,1,NA,NA,NA,FALSE,369,20
17,39,0.05,0.05,0.03,1,0.3510848850219512,0.6865136217780905,-0.06382368518263884,TRUE,384,20
18,39,0.05,0.05,0.03,1,NA,NA,NA,FALSE,358,20
19,39,0.05,0.05,0.03,1,0.8377557621760431,1.2388840017822857,-0.06447122513266984,TRUE,360,20
20,39,0.05,0.05,0.03,1,0.31269301711335173,0.9271333747960261,-0.07792771495595358,TRUE,372,20
21,39,0.05,0.05,0.03,1,0.16927130618256572,0.896827471651314,-0.08507492606129176,TRUE,381,20
22,39,0.05,0.05,0.03,1,0.48076013573956616,0.8197134106746031,-0.08037090667512249,TRUE,351,20
23,39,0.05,0.05,0.03,1,NA,NA,NA,FALSE,377,20
24,39,0.05,0.05,0.03,1,NA,NA,NA,FALSE,359,20
25,39,0.05,0.05,0.03,1,NA,NA,NA,FALSE,340,20
26,39,0.05,0.05,0.03,1,NA,NA,NA,FALSE,327,20
27,39,0.05,0.05,0.03,1,0.17984182844308066,0.90752298447916,-0.08591824373997296,TRUE,382,20
28,39,0.05,0.05,0.03,1,NA,NA,NA,FALSE,347,20
29,39,0.05,0.05,0.03,1,0.05200673326257293,0.7610535300460878,-0.07512471425058889,TRUE,391,20
30,39,0.05,0.05,0.03,1,0.23574228474224232,0.6811448148966903,-0.0712248533601967,TRUE,366,20
31,39,0.05,0.05,0.03,1,NA,NA,NA,FALSE,345,20
32,39,0.05,0.05,0.03,1,0.6106309052634553,1.0712911630237139,-0.08033148426631007,TRUE,345,20
33,39,0.05,0.05,0.03,1,NA,NA,NA,FALSE,354,20
34,39,0.05,0.05,0.03,1,NA,NA,NA,FALSE,413,20
35,39,0.05,0.05,0.03,1,NA,NA,NA,FALSE,345,20
36,39,0.05,0.05,0.03,1,0.2909684742672473,0.6386206490390067,-0.0575495061082486,TRUE,354,20
37,39,0.05,0.05,0.03,1,NA,NA,NA,FALSE,367,20
38,39,0.05,0.05,0.03,1,NA,NA,NA,FALSE,382,20
39,39,0.05,0.05,0.03,1,NA,NA,NA,FALSE,391,20
40,39,0.05,0.05,0.03,1,NA,NA,NA,FALSE,394,20
41,39,0.05,0.05,0.03,1,NA,NA,NA,FALSE,368,20
42,39,0.05,0.05,0.03,1,NA,NA,NA,FALSE,338,20
43,39,0.05,0.05,0.03,1,NA,NA,NA,FALSE,383,20
44,39,0.05,0.05,0.03,1,0.038692552330920296,1.287656933982443,-0.0702703926176431,TRUE,373,20
45,39,0.05,0.05,0.03,1,0.03092012933537013,0.827714110601636,-0.0667250920545161,TRUE,369,20
46,39,0.05,0.05,0.03,1,0.29926200627893473,0.9325334923157533,-0.07485890952255468,TRUE,369,20
47,39,0.05,0.05,0.03,1,NA,NA,NA,FALSE,341,20
48,39,0.05,0.05,0.03,1,NA,NA,NA,FALSE,361,20
49,39,0.05,0.05,0.03,1,NA,NA,NA,FALSE,383,20
50,39,0.05,0.05,0.03,1,0.5320396395285812,0.8362353573149244,-0.06047935251163259,TRUE,376,20
1,40,0.05,0.09,0.03,1,NA,NA,NA,FALSE,360,20
2,40,0.05,0.09,0.03,1,NA,NA,NA,FALSE,380,20
3,40,0.05,0.09,0.03,1,NA,NA,NA,FALSE,372,20
4,40,0.05,0.09,0.03,1,0.669871603513728,0.5736485633281255,-0.050521345353945694,TRUE,368,20
5,40,0.05,0.09,0.03,1,NA,NA,NA,FALSE,368,20
6,40,0.05,0.09,0.03,1,1.1785796367405337,0.7319164741815876,-0.0849587024314658,TRUE,341,20
7,40,0.05,0.09,0.03,1,1.0131049315934306,0.5723292107398128,-0.07126184991761171,TRUE,350,20
8,40,0.05,0.09,0.03,1,NA,NA,NA,FALSE,354,20
9,40,0.05,0.09,0.03,1,0.4606847971356122,0.6767109066147288,-0.06953926428774722,TRUE,329,20
10,40,0.05,0.09,0.03,1,NA,NA,NA,FALSE,366,20
11,40,0.05,0.09,0.03,1,0.23585706481587004,0.5978324171408391,-0.07843710183794063,TRUE,381,20
12,40,0.05,0.09,0.03,1,0.6663522899675965,0.8774301750850807,-0.08163759591465117,TRUE,368,20
13,40,0.05,0.09,0.03,1,0.2878212552735874,0.5645487280948555,-0.08318550808278619,TRUE,376,20
14,40,0.05,0.09,0.03,1,NA,NA,NA,FALSE,362,20
15,40,0.05,0.09,0.03,1,0.17620776374929914,0.6389159531255505,-0.06984309689762541,TRUE,360,20
16,40,0.05,0.09,0.03,1,1.331827971974087,0.6952641750894262,-0.07714677696178146,TRUE,326,20
17,40,0.05,0.09,0.03,1,NA,NA,NA,FALSE,361,20
18,40,0.05,0.09,0.03,1,0.6682386015890711,0.6161479838851852,-0.05865545305188895,TRUE,376,20
19,40,0.05,0.09,0.03,1,NA,NA,NA,FALSE,366,20
20,40,0.05,0.09,0.03,1,NA,NA,NA,FALSE,358,20
21,40,0.05,0.09,0.03,1,1.684076724541287,0.722497688031535,-0.07208778031373199,TRUE,369,20
22,40,0.05,0.09,0.03,1,NA,NA,NA,FALSE,353,20
23,40,0.05,0.09,0.03,1,0,0,-0.06492499889387976,TRUE,366,20
24,40,0.05,0.09,0.03,1,0.7766551957551163,0.7800932405366039,-0.06029033136464545,TRUE,377,20
25,40,0.05,0.09,0.03,1,NA,NA,NA,FALSE,350,20
26,40,0.05,0.09,0.03,1,NA,NA,NA,FALSE,358,20
27,40,0.05,0.09,0.03,1,1.0553855497592213,0.7225395535966348,-0.08487130984219436,TRUE,345,20
28,40,0.05,0.09,0.03,1,0.5534101973585476,0.8237313621356529,-0.08265366398314554,TRUE,364,20
29,40,0.05,0.09,0.03,1,0.8335492779523332,0.7025852168234085,-0.057324693555381695,TRUE,352,20
30,40,0.05,0.09,0.03,1,0.08436832403544943,0.7893061304943052,-0.06540417736849338,TRUE,397,20
31,40,0.05,0.09,0.03,1,NA,NA,NA,FALSE,326,20
32,40,0.05,0.09,0.03,1,0.004596839534606103,0.6155792169440155,-0.07372872143848783,TRUE,363,20
33,40,0.05,0.09,0.03,1,NA,NA,NA,FALSE,379,20
34,40,0.05,0.09,0.03,1,1.0615304414910596,0.7018148067075238,-0.06815923810971286,TRUE,331,20
35,40,0.05,0.09,0.03,1,NA,NA,NA,FALSE,347,20
36,40,0.05,0.09,0.03,1,NA,NA,NA,FALSE,355,20
37,40,0.05,0.09,0.03,1,NA,NA,NA,FALSE,331,20
38,40,0.05,0.09,0.03,1,0.39040097044178207,0.6034904794372402,-0.07376578606395696,TRUE,350,20
39,40,0.05,0.09,0.03,1,0.32866318427070446,0.5696878374593075,-0.0695748860834442,TRUE,391,20
40,40,0.05,0.09,0.03,1,0.8139525340595325,1.2014131817324742,-0.07881616493310244,TRUE,348,20
41,40,0.05,0.09,0.03,1,1.4920545097102842,0.6849279612402016,-0.08781234226479975,TRUE,339,20
42,40,0.05,0.09,0.03,1,NA,NA,NA,FALSE,374,20
43,40,0.05,0.09,0.03,1,0.583445619693263,0.8179733473251934,-0.07623626835243819,TRUE,376,20
44,40,0.05,0.09,0.03,1,NA,NA,NA,FALSE,376,20
45,40,0.05,0.09,0.03,1,1.013582754243821,0.653910282290816,-0.05994686026865445,TRUE,348,20
46,40,0.05,0.09,0.03,1,0.8390078263717303,0.9604255509807904,-0.06460426145981046,TRUE,336,20
47,40,0.05,0.09,0.03,1,NA,NA,NA,FALSE,347,20
48,40,0.05,0.09,0.03,1,0.8043970535557858,0.7121374191843104,-0.06184222851014112,TRUE,319,20
49,40,0.05,0.09,0.03,1,NA,NA,NA,FALSE,332,20
50,40,0.05,0.09,0.03,1,NA,NA,NA,FALSE,378,20
1,41,0.05,0.15,0.03,1,0,NA,NA,FALSE,349,20
2,41,0.05,0.15,0.03,1,0.06482915324979151,0.5070423307776801,-0.07630983881757199,TRUE,350,20
3,41,0.05,0.15,0.03,1,NA,NA,NA,FALSE,393,20
4,41,0.05,0.15,0.03,1,NA,NA,NA,FALSE,319,20
5,41,0.05,0.15,0.03,1,0.011421856418447209,0.5002408140967859,-0.07290583012066731,TRUE,363,20
6,41,0.05,0.15,0.03,1,0.4070302970835341,0.48364514203713876,-0.07509493425956985,TRUE,340,20
7,41,0.05,0.15,0.03,1,0,0,-0.057790921878799514,TRUE,364,20
8,41,0.05,0.15,0.03,1,NA,NA,NA,FALSE,362,20
9,41,0.05,0.15,0.03,1,0.21185130192151944,0.5590247304829613,-0.06109528094014723,TRUE,376,20
10,41,0.05,0.15,0.03,1,NA,NA,NA,FALSE,352,20
11,41,0.05,0.15,0.03,1,NA,NA,NA,FALSE,363,20
12,41,0.05,0.15,0.03,1,0.06408708505839075,0.5719150884887436,-0.07396489716109499,TRUE,364,20
13,41,0.05,0.15,0.03,1,0.27842434179303355,0.5104462558737789,-0.09229356934597938,TRUE,365,20
14,41,0.05,0.15,0.03,1,NA,NA,NA,FALSE,352,20
15,41,0.05,0.15,0.03,1,NA,NA,NA,FALSE,331,20
16,41,0.05,0.15,0.03,1,0.5933373638074398,0.5081015257082109,-0.0865806675746377,TRUE,356,20
17,41,0.05,0.15,0.03,1,NA,NA,NA,FALSE,367,20
18,41,0.05,0.15,0.03,1,NA,NA,NA,FALSE,356,20
19,41,0.05,0.15,0.03,1,0.13141350958245887,0.4803853305305494,-0.08459885506075934,TRUE,345,20
20,41,0.05,0.15,0.03,1,0.16465032304710359,0.5813719679519366,-0.07174844998938461,TRUE,353,20
21,41,0.05,0.15,0.03,1,0.303865137703094,0.5404796568396931,-0.07257895907554203,TRUE,343,20
22,41,0.05,0.15,0.03,1,NA,NA,NA,FALSE,377,20
23,41,0.05,0.15,0.03,1,0.33866124640250445,0.558917234306589,-0.08051676880495319,TRUE,338,20
24,41,0.05,0.15,0.03,1,NA,NA,NA,FALSE,322,20
25,41,0.05,0.15,0.03,1,NA,NA,NA,FALSE,347,20
26,41,0.05,0.15,0.03,1,NA,NA,NA,FALSE,369,20
27,41,0.05,0.15,0.03,1,0.4244326082792545,0.4903506570336062,-0.07014795521450874,TRUE,394,20
28,41,0.05,0.15,0.03,1,NA,NA,NA,FALSE,358,20
29,41,0.05,0.15,0.03,1,NA,NA,NA,FALSE,371,20
30,41,0.05,0.15,0.03,1,0.30526838292413305,0.6131814077434419,-0.0920641527509391,TRUE,357,20
31,41,0.05,0.15,0.03,1,0.9021101449417546,0.5335038719609282,-0.0840536417784143,TRUE,369,20
32,41,0.05,0.15,0.03,1,NA,NA,NA,FALSE,363,20
33,41,0.05,0.15,0.03,1,0,NA,NA,FALSE,369,20
34,41,0.05,0.15,0.03,1,0.30035529850938797,0.5134090424943416,-0.0640717623738032,TRUE,353,20
35,41,0.05,0.15,0.03,1,0.07434265191627827,0.48150908442102724,-0.06920042960408772,TRUE,372,20
36,41,0.05,0.15,0.03,1,NA,NA,NA,FALSE,325,20
37,41,0.05,0.15,0.03,1,0.9767348459150731,0.6950751239188993,-0.07045502038572936,TRUE,380,20
38,41,0.05,0.15,0.03,1,0.16093988530704403,0.5074665153923652,-0.06985656859226012,TRUE,391,20
39,41,0.05,0.15,0.03,1,0.29221957055803927,0.5802363189987133,-0.08078312956336924,TRUE,334,20
40,41,0.05,0.15,0.03,1,NA,NA,NA,FALSE,391,20
41,41,0.05,0.15,0.03,1,0.2396428761886017,0.5406875050538731,-0.05964530432105905,TRUE,332,20
42,41,0.05,0.15,0.03,1,NA,NA,NA,FALSE,356,20
43,41,0.05,0.15,0.03,1,0.372142908343318,0.559398307733102,-0.060124535878135515,TRUE,327,20
44,41,0.05,0.15,0.03,1,0.7436627683086493,0.5534063857330089,-0.07503896331363076,TRUE,343,20
45,41,0.05,0.15,0.03,1,NA,NA,NA,FALSE,365,20
46,41,0.05,0.15,0.03,1,0.3370945355473638,0.44182978843681386,-0.07239871363492881,TRUE,365,20
47,41,0.05,0.15,0.03,1,NA,NA,NA,FALSE,332,20
48,41,0.05,0.15,0.03,1,0.5444529148120301,0.5373514204835842,-0.10705517530448931,TRUE,368,20
49,41,0.05,0.15,0.03,1,NA,NA,NA,FALSE,375,20
50,41,0.05,0.15,0.03,1,NA,NA,NA,FALSE,370,20
1,42,0.05,0.2,0.03,1,0,NA,NA,FALSE,343,20
2,42,0.05,0.2,0.03,1,NA,NA,NA,FALSE,346,20
3,42,0.05,0.2,0.03,1,0.3474956231658259,0.4325197893802955,-0.07216740929924183,TRUE,377,20
4,42,0.05,0.2,0.03,1,0.13314197519364124,0.390027512273076,-0.07962094373697226,TRUE,381,20
5,42,0.05,0.2,0.03,1,0.6479681544465696,0.49914012816442027,-0.05340685712542494,TRUE,378,20
6,42,0.05,0.2,0.03,1,0.37789668805881793,0.5034845233275965,-0.07432519991455813,TRUE,340,20
7,42,0.05,0.2,0.03,1,NA,NA,NA,FALSE,357,20
8,42,0.05,0.2,0.03,1,0.32070361485699156,0.4731921430487164,-0.07727863572157692,TRUE,363,20
9,42,0.05,0.2,0.03,1,0.5822652967753469,0.4485745157236992,-0.08687662976587884,TRUE,362,20
10,42,0.05,0.2,0.03,1,0.19972506070427654,0.4838428807742504,-0.0698658218842552,TRUE,361,20
11,42,0.05,0.2,0.03,1,NA,NA,NA,FALSE,347,20
12,42,0.05,0.2,0.03,1,NA,NA,NA,FALSE,388,20
13,42,0.05,0.2,0.03,1,0.28323034176397804,0.4601717961058115,-0.07219843012913807,TRUE,393,20
14,42,0.05,0.2,0.03,1,0.25460623901948,0.5653436439566383,-0.06645461742498164,TRUE,343,20
15,42,0.05,0.2,0.03,1,0.3800901498327282,0.41034808068196243,-0.06891564752819604,TRUE,391,20
16,42,0.05,0.2,0.03,1,NA,NA,NA,FALSE,333,20
17,42,0.05,0.2,0.03,1,0.7192817616243273,0.4432636777256009,-0.05927965502437282,TRUE,384,20
18,42,0.05,0.2,0.03,1,0.0167986535631763,0.5010787539586117,-0.07817939587131677,TRUE,347,20
19,42,0.05,0.2,0.03,1,NA,NA,NA,FALSE,343,20
20,42,0.05,0.2,0.03,1,0.6913781844041585,0.44944013462357446,-0.0790788382869854,TRUE,368,20
21,42,0.05,0.2,0.03,1,0.30178271992955535,0.43929567636919015,-0.07712720600641311,TRUE,395,20
22,42,0.05,0.2,0.03,1,NA,NA,NA,FALSE,369,20
23,42,0.05,0.2,0.03,1,NA,NA,NA,FALSE,339,20
24,42,0.05,0.2,0.03,1,NA,NA,NA,FALSE,356,20
25,42,0.05,0.2,0.03,1,0.4295106488784795,0.45498188758843544,-0.06369322067346529,TRUE,382,20
26,42,0.05,0.2,0.03,1,0.592698279137932,0.4868905462920505,-0.0594862304039055,TRUE,365,20
27,42,0.05,0.2,0.03,1,NA,NA,NA,FALSE,339,20
28,42,0.05,0.2,0.03,1,0.7329361502363159,0.40782938260488383,-0.07226117553750684,TRUE,361,20
29,42,0.05,0.2,0.03,1,0.1328838342558668,0.4280420328249271,-0.08736829003178094,TRUE,376,20
30,42,0.05,0.2,0.03,1,0.31687587004717105,0.5358673587150568,-0.06876238312970927,TRUE,340,20
31,42,0.05,0.2,0.03,1,0.714509628374813,0.5234537482443135,-0.0759544323888616,TRUE,338,20
32,42,0.05,0.2,0.03,1,NA,NA,NA,FALSE,382,20
33,42,0.05,0.2,0.03,1,0,0,-0.0893988434454768,TRUE,359,20
34,42,0.05,0.2,0.03,1,NA,NA,NA,FALSE,409,20
35,42,0.05,0.2,0.03,1,0.16456907962206682,0.4205591027533065,-0.07239741977537148,TRUE,398,20
36,42,0.05,0.2,0.03,1,NA,NA,NA,FALSE,389,20
37,42,0.05,0.2,0.03,1,0.05485499837125518,0.4189226924598846,-0.09026383485962251,TRUE,357,20
38,42,0.05,0.2,0.03,1,NA,NA,NA,FALSE,370,20
39,42,0.05,0.2,0.03,1,NA,NA,NA,FALSE,383,20
40,42,0.05,0.2,0.03,1,NA,NA,NA,FALSE,363,20
41,42,0.05,0.2,0.03,1,0.06385046479011573,0.4883102032042459,-0.06770330693564651,TRUE,373,20
42,42,0.05,0.2,0.03,1,NA,NA,NA,FALSE,365,20
43,42,0.05,0.2,0.03,1,NA,NA,NA,FALSE,372,20
44,42,0.05,0.2,0.03,1,0.8569073308784868,0.5040946878561792,-0.06763174687574681,TRUE,345,20
45,42,0.05,0.2,0.03,1,NA,NA,NA,FALSE,341,20
46,42,0.05,0.2,0.03,1,0.41533447113163147,0.5138575584300478,-0.06082035251662154,TRUE,388,20
47,42,0.05,0.2,0.03,1,0,NA,NA,FALSE,365,20
48,42,0.05,0.2,0.03,1,NA,NA,NA,FALSE,376,20
49,42,0.05,0.2,0.03,1,NA,NA,NA,FALSE,336,20
50,42,0.05,0.2,0.03,1,NA,NA,NA,FALSE,379,20
1,43,0.05,0.09,0.05,1,NA,NA,NA,FALSE,343,20
2,43,0.05,0.09,0.05,1,0.31621486134829707,0.5492362520007421,-0.09192126051326556,TRUE,359,20
3,43,0.05,0.09,0.05,1,0.38838644985993287,0.8009713577303672,-0.08094200034640395,TRUE,370,20
4,43,0.05,0.09,0.05,1,0.5237500064622377,0.6685931307880388,-0.07484465853901599,TRUE,361,20
5,43,0.05,0.09,0.05,1,NA,NA,NA,FALSE,368,20
6,43,0.05,0.09,0.05,1,NA,NA,NA,FALSE,368,20
7,43,0.05,0.09,0.05,1,0.06952921943283501,0.6450031571084518,-0.07886209775812532,TRUE,377,20
8,43,0.05,0.09,0.05,1,NA,NA,NA,FALSE,379,20
9,43,0.05,0.09,0.05,1,0.73278387709572,0.6494014913722567,-0.08005979697081372,TRUE,352,20
10,43,0.05,0.09,0.05,1,0.04933678034627691,0.8016608841156866,-0.06965947416029793,TRUE,372,20
11,43,0.05,0.09,0.05,1,0.9496173804576152,0.7232476770553409,-0.088737364878908,TRUE,366,20
12,43,0.05,0.09,0.05,1,NA,NA,NA,FALSE,322,20
13,43,0.05,0.09,0.05,1,0,NA,NA,FALSE,339,20
14,43,0.05,0.09,0.05,1,0.6454629017497392,0.6686062303639001,-0.07596157552784746,TRUE,401,20
15,43,0.05,0.09,0.05,1,1.6122104518714637,0.7184902452081077,-0.07595875150642734,TRUE,356,20
16,43,0.05,0.09,0.05,1,0.07760062303321807,0.5862665494475108,-0.08118543585164377,TRUE,349,20
17,43,0.05,0.09,0.05,1,0.6868429632922378,0.7037260497936922,-0.07033249569469509,TRUE,352,20
18,43,0.05,0.09,0.05,1,0,0,-0.07584285979813843,TRUE,378,20
19,43,0.05,0.09,0.05,1,0.4985868731525283,0.764255546404186,-0.07178743142929757,TRUE,390,20
20,43,0.05,0.09,0.05,1,1.9005564188255026,0.8752376480947893,-0.07586091939301579,TRUE,384,20
21,43,0.05,0.09,0.05,1,NA,NA,NA,FALSE,355,20
22,43,0.05,0.09,0.05,1,3.060919002620222e-4,0.6555209373340577,-0.06458157465859896,TRUE,340,20
23,43,0.05,0.09,0.05,1,0.6307265427007379,0.6756552833139657,-0.07490046384617118,TRUE,344,20
24,43,0.05,0.09,0.05,1,0,NA,NA,FALSE,384,20
25,43,0.05,0.09,0.05,1,0.5904634449682897,0.7646194663656587,-0.07147091644776528,TRUE,358,20
26,43,0.05,0.09,0.05,1,0.24330434162050454,0.6874780927878201,-0.06854971271118873,TRUE,383,20
27,43,0.05,0.09,0.05,1,0.8407113454916347,0.7582768506408928,-0.06310917302608715,TRUE,344,20
28,43,0.05,0.09,0.05,1,1.120437645283246,0.6142009028700768,-0.07189675882127669,TRUE,380,20
29,43,0.05,0.09,0.05,1,NA,NA,NA,FALSE,366,20
30,43,0.05,0.09,0.05,1,0.18624985146725806,0.6593296466905941,-0.05562067255055544,TRUE,370,20
31,43,0.05,0.09,0.05,1,NA,NA,NA,FALSE,343,20
32,43,0.05,0.09,0.05,1,0,0,-0.08341790865027694,TRUE,372,20
33,43,0.05,0.09,0.05,1,0.3763332270829952,0.6025151843873658,-0.08094881127282565,TRUE,381,20
34,43,0.05,0.09,0.05,1,NA,NA,NA,FALSE,342,20
35,43,0.05,0.09,0.05,1,0.5682901497305486,0.6162701894678764,-0.07506981036089966,TRUE,367,20
36,43,0.05,0.09,0.05,1,NA,NA,NA,FALSE,387,20
37,43,0.05,0.09,0.05,1,NA,NA,NA,FALSE,348,20
38,43,0.05,0.09,0.05,1,0.34672396629450736,0.8634736610459626,-0.06485287883781148,TRUE,343,20
39,43,0.05,0.09,0.05,1,NA,NA,NA,FALSE,365,20
40,43,0.05,0.09,0.05,1,0.4311565718424362,0.8556761668602596,-0.06064363684364322,TRUE,358,20
41,43,0.05,0.09,0.05,1,0.6088795770493876,0.5968951536456926,-0.07359340367874968,TRUE,386,20
42,43,0.05,0.09,0.05,1,NA,NA,NA,FALSE,353,20
43,43,0.05,0.09,0.05,1,0.28710172071903134,0.8633878630736495,-0.08733756576531436,TRUE,356,20
44,43,0.05,0.09,0.05,1,NA,NA,NA,FALSE,377,20
45,43,0.05,0.09,0.05,1,0.21728986677919054,0.6764255238318619,-0.08344177905854193,TRUE,360,20
46,43,0.05,0.09,0.05,1,NA,NA,NA,FALSE,350,20
47,43,0.05,0.09,0.05,1,NA,NA,NA,FALSE,361,20
48,43,0.05,0.09,0.05,1,0.14185380305174175,0.7962227059406953,-0.07473285051892353,TRUE,389,20
49,43,0.05,0.09,0.05,1,NA,NA,NA,FALSE,348,20
50,43,0.05,0.09,0.05,1,0.40432503281970866,1.0244868665467128,-0.08037762077458234,TRUE,331,20
1,44,0.05,0.15,0.05,1,NA,NA,NA,FALSE,373,20
2,44,0.05,0.15,0.05,1,NA,NA,NA,FALSE,361,20
3,44,0.05,0.15,0.05,1,0.6809418359994889,0.5606293225488036,-0.0747720143263212,TRUE,329,20
4,44,0.05,0.15,0.05,1,NA,NA,NA,FALSE,398,20
5,44,0.05,0.15,0.05,1,0.6551256045583812,0.5026443793256915,-0.07538949973213177,TRUE,397,20
6,44,0.05,0.15,0.05,1,0.6997943855271144,0.5878605444628793,-0.07591735453231548,TRUE,383,20
7,44,0.05,0.15,0.05,1,0.6681274868624039,0.515821786454809,-0.06554120571605568,TRUE,375,20
8,44,0.05,0.15,0.05,1,NA,NA,NA,FALSE,356,20
9,44,0.05,0.15,0.05,1,NA,NA,NA,FALSE,388,20
10,44,0.05,0.15,0.05,1,NA,NA,NA,FALSE,350,20
11,44,0.05,0.15,0.05,1,0.6611661517214843,0.6290927915526726,-0.06877706554971787,TRUE,355,20
12,44,0.05,0.15,0.05,1,NA,NA,NA,FALSE,350,20
13,44,0.05,0.15,0.05,1,0.14883361802489903,0.541239613727601,-0.07140735960338486,TRUE,336,20
14,44,0.05,0.15,0.05,1,NA,NA,NA,FALSE,338,20
15,44,0.05,0.15,0.05,1,NA,NA,NA,FALSE,364,20
16,44,0.05,0.15,0.05,1,0,NA,NA,FALSE,332,20
17,44,0.05,0.15,0.05,1,NA,NA,NA,FALSE,409,20
18,44,0.05,0.15,0.05,1,NA,NA,NA,FALSE,394,20
19,44,0.05,0.15,0.05,1,0.9106471630062476,0.5884075156246292,-0.060069941378515,TRUE,352,20
20,44,0.05,0.15,0.05,1,NA,NA,NA,FALSE,357,20
21,44,0.05,0.15,0.05,1,NA,NA,NA,FALSE,370,20
22,44,0.05,0.15,0.05,1,0,NA,NA,FALSE,352,20
23,44,0.05,0.15,0.05,1,0.18244725661472497,0.7241238607803009,-0.08860594569812441,TRUE,350,20
24,44,0.05,0.15,0.05,1,0.1390415463122508,0.5364423198436443,-0.05304154370042,TRUE,350,20
25,44,0.05,0.15,0.05,1,0.04775788447989583,0.5184299495717196,-0.07311096173420922,TRUE,358,20
26,44,0.05,0.15,0.05,1,0.23632875042780271,0.5689538032009871,-0.08238700468475257,TRUE,350,20
27,44,0.05,0.15,0.05,1,0.3597474593709156,0.6191102267097999,-0.07162007707579794,TRUE,369,20
28,44,0.05,0.15,0.05,1,0.23715559970997563,0.5394943912281783,-0.06971718271571592,TRUE,372,20
29,44,0.05,0.15,0.05,1,0.7195244341322641,0.49576692985625676,-0.06948118750432863,TRUE,361,20
30,44,0.05,0.15,0.05,1,0.22255435478620447,0.4535640089232118,-0.09960497191620102,TRUE,334,20
31,44,0.05,0.15,0.05,1,NA,NA,NA,FALSE,355,20
32,44,0.05,0.15,0.05,1,NA,NA,NA,FALSE,351,20
33,44,0.05,0.15,0.05,1,NA,NA,NA,FALSE,328,20
34,44,0.05,0.15,0.05,1,0.48678279954408615,0.5256030852226876,-0.07715973956972536,TRUE,363,20
35,44,0.05,0.15,0.05,1,0.8156446206678951,0.5950445746677586,-0.061037215559434345,TRUE,346,20
36,44,0.05,0.15,0.05,1,NA,NA,NA,FALSE,358,20
37,44,0.05,0.15,0.05,1,0.9783973315310018,0.5568297248104443,-0.06850970450440214,TRUE,346,20
38,44,0.05,0.15,0.05,1,NA,NA,NA,FALSE,382,20
39,44,0.05,0.15,0.05,1,0.14789945808946817,0.4685368344623472,-0.07523889500468874,TRUE,350,20
40,44,0.05,0.15,0.05,1,NA,NA,NA,FALSE,382,20
41,44,0.05,0.15,0.05,1,NA,NA,NA,FALSE,363,20
42,44,0.05,0.15,0.05,1,0.6377104416977437,0.5195793044329002,-0.09348135716738008,TRUE,390,20
43,44,0.05,0.15,0.05,1,0.23825077193901967,0.4379887925367891,-0.08191187384084742,TRUE,367,20
44,44,0.05,0.15,0.05,1,0.2436163650243002,0.5510914741053391,-0.0795960244900417,TRUE,340,20
45,44,0.05,0.15,0.05,1,NA,NA,NA,FALSE,344,20
46,44,0.05,0.15,0.05,1,NA,NA,NA,FALSE,372,20
47,44,0.05,0.15,0.05,1,NA,NA,NA,FALSE,343,20
48,44,0.05,0.15,0.05,1,1.9939167229680692,0.6092286971482818,-0.0668414801160621,TRUE,324,20
49,44,0.05,0.15,0.05,1,0.39542260040635613,0.5511542945705228,-0.06764005121562443,TRUE,373,20
50,44,0.05,0.15,0.05,1,0.15966065705332272,0.4912378140891692,-0.07177513625830989,TRUE,364,20
1,45,0.05,0.2,0.05,1,NA,NA,NA,FALSE,358,20
2,45,0.05,0.2,0.05,1,0.32782150112536484,0.5053197824548321,-0.06910056910193729,TRUE,387,20
3,45,0.05,0.2,0.05,1,0.23443109504890963,0.5163175822577265,-0.0961558098326462,TRUE,362,20
4,45,0.05,0.2,0.05,1,0.6417197606176256,0.4733817228923655,-0.06371128229322778,TRUE,358,20
5,45,0.05,0.2,0.05,1,0.4021086048268496,0.47316673053946495,-0.07214475854943782,TRUE,353,20
6,45,0.05,0.2,0.05,1,0.33217066118960337,0.4360106301187137,-0.10212018618329465,TRUE,375,20
7,45,0.05,0.2,0.05,1,NA,NA,NA,FALSE,369,20
8,45,0.05,0.2,0.05,1,0.3182157541609968,0.4500554555363161,-0.08035754750109056,TRUE,348,20
9,45,0.05,0.2,0.05,1,NA,NA,NA,FALSE,402,20
10,45,0.05,0.2,0.05,1,NA,NA,NA,FALSE,377,20
11,45,0.05,0.2,0.05,1,NA,NA,NA,FALSE,365,20
12,45,0.05,0.2,0.05,1,0.19808918959555116,0.48266613852727086,-0.06923977003475831,TRUE,331,20
13,45,0.05,0.2,0.05,1,0.25834631252576873,0.45322344148636406,-0.06897747626286642,TRUE,378,20
14,45,0.05,0.2,0.05,1,NA,NA,NA,FALSE,343,20
15,45,0.05,0.2,0.05,1,1.1588492971600857,0.449928059128129,-0.07914154533914283,TRUE,341,20
16,45,0.05,0.2,0.05,1,0.17014637977137842,0.4046342161662646,-0.06716419552205377,TRUE,351,20
17,45,0.05,0.2,0.05,1,NA,NA,NA,FALSE,377,20
18,45,0.05,0.2,0.05,1,NA,NA,NA,FALSE,347,20
19,45,0.05,0.2,0.05,1,0.34384696790623676,0.45166237868701786,-0.0861259532986139,TRUE,353,20
20,45,0.05,0.2,0.05,1,0.9673873758065148,0.45384068394916566,-0.06431177342776544,TRUE,349,20
21,45,0.05,0.2,0.05,1,NA,NA,NA,FALSE,362,20
22,45,0.05,0.2,0.05,1,NA,NA,NA,FALSE,342,20
23,45,0.05,0.2,0.05,1,NA,NA,NA,FALSE,377,20
24,45,0.05,0.2,0.05,1,NA,NA,NA,FALSE,342,20
25,45,0.05,0.2,0.05,1,0.6867889061107556,0.5257676023360949,-0.05721907259827462,TRUE,355,20
26,45,0.05,0.2,0.05,1,NA,NA,NA,FALSE,376,20
27,45,0.05,0.2,0.05,1,NA,NA,NA,FALSE,385,20
28,45,0.05,0.2,0.05,1,NA,NA,NA,FALSE,390,20
29,45,0.05,0.2,0.05,1,0.30534619097103827,0.5885668178917008,-0.0789966626479293,TRUE,363,20
30,45,0.05,0.2,0.05,1,NA,NA,NA,FALSE,333,20
31,45,0.05,0.2,0.05,1,0.6127746167826549,0.4944020313450999,-0.09093722966998383,TRUE,341,20
32,45,0.05,0.2,0.05,1,NA,NA,NA,FALSE,370,20
33,45,0.05,0.2,0.05,1,NA,NA,NA,FALSE,398,20
34,45,0.05,0.2,0.05,1,0.4898134485100473,0.49226166565045043,-0.05991176972257977,TRUE,357,20
35,45,0.05,0.2,0.05,1,NA,NA,NA,FALSE,366,20
36,45,0.05,0.2,0.05,1,0.047002534031358664,0.5141103449515202,-0.07413763270919757,TRUE,354,20
37,45,0.05,0.2,0.05,1,0.025468505611820624,0.5296579635186808,-0.07477212086393105,TRUE,355,20
38,45,0.05,0.2,0.05,1,NA,NA,NA,FALSE,379,20
39,45,0.05,0.2,0.05,1,0.2479354441446024,0.43927223624135514,-0.0633656251397033,TRUE,335,20
40,45,0.05,0.2,0.05,1,0.025562320092050086,0.4480854770934127,-0.06641213716460262,TRUE,360,20
41,45,0.05,0.2,0.05,1,NA,NA,NA,FALSE,368,20
42,45,0.05,0.2,0.05,1,0.6947288556957588,0.5384688070215471,-0.07630282670972509,TRUE,327,20
43,45,0.05,0.2,0.05,1,0.21024645146423399,0.4043646528668258,-0.07295464559605039,TRUE,380,20
44,45,0.05,0.2,0.05,1,NA,NA,NA,FALSE,362,20
45,45,0.05,0.2,0.05,1,0.3151078523911498,0.4939345340537269,-0.055571873899756895,TRUE,343,20
46,45,0.05,0.2,0.05,1,0.43521352206281755,0.49655888645357626,-0.07819051963544693,TRUE,376,20
47,45,0.05,0.2,0.05,1,0.17021560515886036,0.47805995884093055,-0.06783512914832487,TRUE,366,20
48,45,0.05,0.2,0.05,1,0.25361750369272834,0.5192189678960933,-0.06890639232804854,TRUE,362,20
49,45,0.05,0.2,0.05,1,NA,NA,NA,FALSE,385,20
50,45,0.05,0.2,0.05,1,0.24285408998776303,0.4134808127455566,-0.07308415388931157,TRUE,368,20
1,46,0.05,0.09,0.08,1,1.0304736687479807,0.821563898306816,-0.0897583867368836,TRUE,365,20
2,46,0.05,0.09,0.08,1,0.293438457195515,0.5749581381962771,-0.08904902708817587,TRUE,333,20
3,46,0.05,0.09,0.08,1,0.18639430651596176,0.6000003202254365,-0.0903919048589444,TRUE,348,20
4,46,0.05,0.09,0.08,1,0.32263242837623046,0.566865834631544,-0.09372451676360896,TRUE,381,20
5,46,0.05,0.09,0.08,1,NA,NA,NA,FALSE,351,20
6,46,0.05,0.09,0.08,1,0.08682135506992035,0.5371635480973515,-0.07475125594980536,TRUE,383,20
7,46,0.05,0.09,0.08,1,0.43393192476278114,0.652209124578484,-0.07129181975797892,TRUE,376,20
8,46,0.05,0.09,0.08,1,NA,NA,NA,FALSE,352,20
9,46,0.05,0.09,0.08,1,NA,NA,NA,FALSE,361,20
10,46,0.05,0.09,0.08,1,0.0389814145040672,0.6371576029731312,-0.07172056475383744,TRUE,363,20
11,46,0.05,0.09,0.08,1,0.7177665639429792,0.7453923946946133,-0.08003222195715708,TRUE,358,20
12,46,0.05,0.09,0.08,1,0.03613210530922939,0.5805764896810831,-0.08319649739696278,TRUE,372,20
13,46,0.05,0.09,0.08,1,NA,NA,NA,FALSE,342,20
14,46,0.05,0.09,0.08,1,NA,NA,NA,FALSE,367,20
15,46,0.05,0.09,0.08,1,0.01756780056513569,0.6465697611235556,-0.07153571592676886,TRUE,346,20
16,46,0.05,0.09,0.08,1,NA,NA,NA,FALSE,385,20
17,46,0.05,0.09,0.08,1,0.047815544606551706,0.7759329116588585,-0.08237026393923468,TRUE,355,20
18,46,0.05,0.09,0.08,1,0.1419254668658561,0.9395839152005692,-0.07285065504253495,TRUE,339,20
19,46,0.05,0.09,0.08,1,0.18057183613349154,0.6529727419974916,-0.06504364452037253,TRUE,318,20
20,46,0.05,0.09,0.08,1,0.5237218696377974,1.0111045203297804,-0.07509196994118247,TRUE,342,20
21,46,0.05,0.09,0.08,1,0.1971793882863814,0.8385174096392146,-0.07923087206931591,TRUE,363,20
22,46,0.05,0.09,0.08,1,1.018410892173712,1.0054466907812272,-0.06740473721791064,TRUE,332,20
23,46,0.05,0.09,0.08,1,0.6090479902669912,0.5074401288538533,-0.06590743742530593,TRUE,355,20
24,46,0.05,0.09,0.08,1,NA,NA,NA,FALSE,355,20
25,46,0.05,0.09,0.08,1,NA,NA,NA,FALSE,326,20
26,46,0.05,0.09,0.08,1,NA,NA,NA,FALSE,353,20
27,46,0.05,0.09,0.08,1,0.009131023790572053,0.6531071001602037,-0.05852898133568902,TRUE,383,20
28,46,0.05,0.09,0.08,1,2.851174335614656,0.9032074722291228,-0.08037027233309603,TRUE,361,20
29,46,0.05,0.09,0.08,1,0.32078140897231305,0.6709457767933994,-0.09757283817429248,TRUE,373,20
30,46,0.05,0.09,0.08,1,NA,NA,NA,FALSE,348,20
31,46,0.05,0.09,0.08,1,NA,NA,NA,FALSE,376,20
32,46,0.05,0.09,0.08,1,0.5633227804367051,0.6496092175506328,-0.0691781490160718,TRUE,370,20
33,46,0.05,0.09,0.08,1,0.3021906178373025,0.47137646882541434,-0.06598166123846486,TRUE,363,20
34,46,0.05,0.09,0.08,1,0.16282541533973494,0.6972500119474377,-0.05550070973498162,TRUE,361,20
35,46,0.05,0.09,0.08,1,0,NA,NA,FALSE,384,20
36,46,0.05,0.09,0.08,1,NA,NA,NA,FALSE,373,20
37,46,0.05,0.09,0.08,1,0.6762042428181371,0.6221312948737879,-0.06625823455443268,TRUE,354,20
38,46,0.05,0.09,0.08,1,NA,NA,NA,FALSE,377,20
39,46,0.05,0.09,0.08,1,0.16583655127283584,0.9297758684002866,-0.08764233951928649,TRUE,348,20
40,46,0.05,0.09,0.08,1,NA,NA,NA,FALSE,356,20
41,46,0.05,0.09,0.08,1,0.4640787700503315,0.5498789442650044,-0.07742965435656345,TRUE,356,20
42,46,0.05,0.09,0.08,1,NA,NA,NA,FALSE,339,20
43,46,0.05,0.09,0.08,1,NA,NA,NA,FALSE,369,20
44,46,0.05,0.09,0.08,1,NA,NA,NA,FALSE,331,20
45,46,0.05,0.09,0.08,1,0.39048524011427943,0.8789138319338998,-0.074287655236112915,TRUE,368,20
46,46,0.05,0.09,0.08,1,0.08377320539834651,0.5898862408252843,-0.07670665037143583,TRUE,380,20
47,46,0.05,0.09,0.08,1,0.1639481676620067,0.7222452886997058,-0.07223869908442626,TRUE,356,20
48,46,0.05,0.09,0.08,1,NA,NA,NA,FALSE,363,20
49,46,0.05,0.09,0.08,1,NA,NA,NA,FALSE,343,20
50,46,0.05,0.09,0.08,1,0.32855345887146226,0.6899537117160583,-0.06659657167163013,TRUE,341,20
1,47,0.05,0.15,0.08,1,0.7707957009203853,0.6433818580723727,-0.09456632181249824,TRUE,360,20
2,47,0.05,0.15,0.08,1,NA,NA,NA,FALSE,348,20
3,47,0.05,0.15,0.08,1,0,NA,NA,FALSE,353,20
4,47,0.05,0.15,0.08,1,0,NA,NA,FALSE,381,20
5,47,0.05,0.15,0.08,1,NA,NA,NA,FALSE,384,20
6,47,0.05,0.15,0.08,1,NA,NA,NA,FALSE,350,20
7,47,0.05,0.15,0.08,1,1.1299238204619664,0.6299927648891492,-0.09746690010517023,TRUE,383,20
8,47,0.05,0.15,0.08,1,NA,NA,NA,FALSE,346,20
9,47,0.05,0.15,0.08,1,NA,NA,NA,FALSE,373,20
10,47,0.05,0.15,0.08,1,0.42733425810221126,0.5498861459109975,-0.057129246054674,TRUE,358,20
11,47,0.05,0.15,0.08,1,NA,NA,NA,FALSE,367,20
12,47,0.05,0.15,0.08,1,0.43299914283289065,0.6616818787648345,-0.06569085222362653,TRUE,382,20
13,47,0.05,0.15,0.08,1,0.1514702697530185,0.5067029381959947,-0.06349233339025939,TRUE,342,20
14,47,0.05,0.15,0.08,1,NA,NA,NA,FALSE,370,20
15,47,0.05,0.15,0.08,1,0.8243122117816631,0.564727815120572,-0.057210038813406645,TRUE,363,20
16,47,0.05,0.15,0.08,1,1.3980188646927822,0.6014066546252836,-0.08940104420334473,TRUE,361,20
17,47,0.05,0.15,0.08,1,0.2962225957604118,0.4981735309270116,-0.06259221082139069,TRUE,366,20
18,47,0.05,0.15,0.08,1,NA,NA,NA,FALSE,353,20
19,47,0.05,0.15,0.08,1,0.041067472337804875,0.4526152651892377,-0.08600064639217901,TRUE,360,20
20,47,0.05,0.15,0.08,1,0,NA,NA,FALSE,337,20
21,47,0.05,0.15,0.08,1,NA,NA,NA,FALSE,368,20
22,47,0.05,0.15,0.08,1,NA,NA,NA,FALSE,343,20
23,47,0.05,0.15,0.08,1,NA,NA,NA,FALSE,368,20
24,47,0.05,0.15,0.08,1,0.4549137799121263,0.48984716035820164,-0.058145217786797064,TRUE,363,20
25,47,0.05,0.15,0.08,1,0.049109494548840824,0.6473205607918091,-0.07955371307655902,TRUE,363,20
26,47,0.05,0.15,0.08,1,NA,NA,NA,FALSE,336,20
27,47,0.05,0.15,0.08,1,NA,NA,NA,FALSE,355,20
28,47,0.05,0.15,0.08,1,0.16433075298971916,0.6757615293630453,-0.07543094322336132,TRUE,352,20
29,47,0.05,0.15,0.08,1,0.22766381406891587,0.41312607147393077,-0.07771002443058264,TRUE,370,20
30,47,0.05,0.15,0.08,1,1.6015473938135962,0.5462580211279678,-0.07610841537445713,TRUE,350,20
31,47,0.05,0.15,0.08,1,NA,NA,NA,FALSE,376,20
32,47,0.05,0.15,0.08,1,NA,NA,NA,FALSE,379,20
33,47,0.05,0.15,0.08,1,0.2951515780179343,0.4694762169653091,-0.06487281027418985,TRUE,395,20
34,47,0.05,0.15,0.08,1,NA,NA,NA,FALSE,367,20
35,47,0.05,0.15,0.08,1,NA,NA,NA,FALSE,346,20
36,47,0.05,0.15,0.08,1,0.662562163734447,0.662187267444374,-0.057163064956731145,TRUE,349,20
37,47,0.05,0.15,0.08,1,0,NA,NA,FALSE,350,20
38,47,0.05,0.15,0.08,1,0.8251460309123723,0.6450091189331931,-0.06091968800470808,TRUE,361,20
39,47,0.05,0.15,0.08,1,NA,NA,NA,FALSE,361,20
40,47,0.05,0.15,0.08,1,0.421693885600408,0.4721248061889493,-0.06791777109180568,TRUE,359,20
41,47,0.05,0.15,0.08,1,0.44335436728716027,0.4956106708348524,-0.08205600849782319,TRUE,333,20
42,47,0.05,0.15,0.08,1,0.17382274412130067,0.5111926945693617,-0.0834943426347298,TRUE,360,20
43,47,0.05,0.15,0.08,1,0.32118452125394925,0.4673891545513147,-0.06716572291324834,TRUE,348,20
44,47,0.05,0.15,0.08,1,NA,NA,NA,FALSE,370,20
45,47,0.05,0.15,0.08,1,0.03819900093293158,0.5031805875578769,-0.07026103496330914,TRUE,380,20
46,47,0.05,0.15,0.08,1,NA,NA,NA,FALSE,341,20
47,47,0.05,0.15,0.08,1,NA,NA,NA,FALSE,365,20
48,47,0.05,0.15,0.08,1,NA,NA,NA,FALSE,352,20
49,47,0.05,0.15,0.08,1,NA,NA,NA,FALSE,350,20
50,47,0.05,0.15,0.08,1,NA,NA,NA,FALSE,371,20
1,48,0.05,0.2,0.08,1,NA,NA,NA,FALSE,386,20
2,48,0.05,0.2,0.08,1,0.03757291188622818,0.5420268897926501,-0.07192510910521757,TRUE,362,20
3,48,0.05,0.2,0.08,1,NA,NA,NA,FALSE,378,20
4,48,0.05,0.2,0.08,1,0.41126932581643055,0.427557316916622,-0.07432659062113232,TRUE,391,20
5,48,0.05,0.2,0.08,1,0.8550083649616885,0.5634258348095567,-0.061643847520476344,TRUE,348,20
6,48,0.05,0.2,0.08,1,0.6658048230430852,0.5105085168844994,-0.07316162920930135,TRUE,363,20
7,48,0.05,0.2,0.08,1,NA,NA,NA,FALSE,336,20
8,48,0.05,0.2,0.08,1,1.0109983114413925,0.4973123160442542,-0.08311963927114241,TRUE,359,20
9,48,0.05,0.2,0.08,1,NA,NA,NA,FALSE,381,20
10,48,0.05,0.2,0.08,1,0.9653580912507042,0.5633355975458382,-0.07424484359947868,TRUE,363,20
11,48,0.05,0.2,0.08,1,0.1232102743588629,0.4684909523968423,-0.08173727314398534,TRUE,354,20
12,48,0.05,0.2,0.08,1,NA,NA,NA,FALSE,384,20
13,48,0.05,0.2,0.08,1,NA,NA,NA,FALSE,382,20
14,48,0.05,0.2,0.08,1,0.13566640000826358,0.5877857764194221,-0.05883536803604175,TRUE,361,20
15,48,0.05,0.2,0.08,1,NA,NA,NA,FALSE,381,20
16,48,0.05,0.2,0.08,1,NA,NA,NA,FALSE,348,20
17,48,0.05,0.2,0.08,1,NA,NA,NA,FALSE,403,20
18,48,0.05,0.2,0.08,1,0.31209790741066745,0.5027528125753649,-0.08041525259352066,TRUE,343,20
19,48,0.05,0.2,0.08,1,0.3781801649054621,0.46115602171024855,-0.0604342747140638,TRUE,350,20
20,48,0.05,0.2,0.08,1,NA,NA,NA,FALSE,357,20
21,48,0.05,0.2,0.08,1,NA,NA,NA,FALSE,378,20
22,48,0.05,0.2,0.08,1,0.4270224692035999,0.5266070488326544,-0.08787354911274946,TRUE,360,20
23,48,0.05,0.2,0.08,1,0.8936403961427184,0.5667966065736304,-0.08725279544481265,TRUE,370,20
24,48,0.05,0.2,0.08,1,NA,NA,NA,FALSE,345,20
25,48,0.05,0.2,0.08,1,0.4403801620926904,0.5014269682623747,-0.06813622893376992,TRUE,344,20
26,48,0.05,0.2,0.08,1,NA,NA,NA,FALSE,373,20
27,48,0.05,0.2,0.08,1,0.8417152147507326,0.4595678042004364,-0.06556161173575778,TRUE,360,20
28,48,0.05,0.2,0.08,1,0.1998701209137717,0.41138316722020724,-0.0666676495870092,TRUE,364,20
29,48,0.05,0.2,0.08,1,0.35860237673968415,0.4131786164310711,-0.07925833977885673,TRUE,369,20
30,48,0.05,0.2,0.08,1,NA,NA,NA,FALSE,350,20
31,48,0.05,0.2,0.08,1,0.04249276410611089,0.4387592661763985,-0.08005543578837082,TRUE,376,20
32,48,0.05,0.2,0.08,1,NA,NA,NA,FALSE,354,20
33,48,0.05,0.2,0.08,1,0.06092687524818758,0.43721295537187066,-0.07043005787815691,TRUE,341,20
34,48,0.05,0.2,0.08,1,NA,NA,NA,FALSE,333,20
35,48,0.05,0.2,0.08,1,NA,NA,NA,FALSE,402,20
36,48,0.05,0.2,0.08,1,0.32479040879335386,0.4219192895197145,-0.06743183424474217,TRUE,335,20
37,48,0.05,0.2,0.08,1,1.3571743513837322,0.612107270725976,-0.0743358319393199,TRUE,354,20
38,48,0.05,0.2,0.08,1,0.27181669733326025,0.43807128054865413,-0.056040980291221225,TRUE,391,20
39,48,0.05,0.2,0.08,1,NA,NA,NA,FALSE,345,20
40,48,0.05,0.2,0.08,1,NA,NA,NA,FALSE,365,20
41,48,0.05,0.2,0.08,1,NA,NA,NA,FALSE,329,20
42,48,0.05,0.2,0.08,1,0.5376281601748502,0.452035452779577,-0.06199201596096585,TRUE,331,20
43,48,0.05,0.2,0.08,1,NA,NA,NA,FALSE,354,20
44,48,0.05,0.2,0.08,1,0.27728161802465134,0.4718675918553488,-0.0766009270977256,TRUE,329,20
45,48,0.05,0.2,0.08,1,0.3060892254687465,0.4834235209589718,-0.07534168274213407,TRUE,352,20
46,48,0.05,0.2,0.08,1,NA,NA,NA,FALSE,366,20
47,48,0.05,0.2,0.08,1,0,NA,NA,FALSE,354,20
48,48,0.05,0.2,0.08,1,0.5269224233038149,0.6955115708653004,-0.07589944868031984,TRUE,352,20
49,48,0.05,0.2,0.08,1,NA,NA,NA,FALSE,376,20
50,48,0.05,0.2,0.08,1,NA,NA,NA,FALSE,333,20
1,49,0.1,0.02,0.005,1,NA,NA,NA,FALSE,386,20
2,49,0.1,0.02,0.005,1,NA,NA,NA,FALSE,336,20
3,49,0.1,0.02,0.005,1,NA,NA,NA,FALSE,360,20
4,49,0.1,0.02,0.005,1,2.8594651061746403,1.3206480561921832,-0.09566419597107854,TRUE,363,20
5,49,0.1,0.02,0.005,1,1.054691146675468,1.2239161304393482,-0.06456953683535017,TRUE,328,20
6,49,0.1,0.02,0.005,1,0.44942078510957084,1.314411627176816,-0.07792329077515481,TRUE,364,20
7,49,0.1,0.02,0.005,1,NA,NA,NA,FALSE,356,20
8,49,0.1,0.02,0.005,1,0.9981584792641918,1.1304710972394671,-0.07065236254046073,TRUE,339,20
9,49,0.1,0.02,0.005,1,0.9098786942516739,1.0863342440768353,-0.07919364898038453,TRUE,338,20
10,49,0.1,0.02,0.005,1,17.952824514052722,7.77435293167356,-0.06979168579641075,TRUE,350,20
11,49,0.1,0.02,0.005,1,0.7375564513160534,1.2067890301518884,-0.08199164780528499,TRUE,392,20
12,49,0.1,0.02,0.005,1,3.2034123195038,1.3892719895814785,-0.07149659276257278,TRUE,344,20
13,49,0.1,0.02,0.005,1,4.435561572875821,6.400804335906789,-0.08750627680122074,TRUE,341,20
14,49,0.1,0.02,0.005,1,0.8243309391507979,1.3831049178557597,-0.05125709561507621,TRUE,329,20
15,49,0.1,0.02,0.005,1,NA,NA,NA,FALSE,375,20
16,49,0.1,0.02,0.005,1,0.6125458724251723,2.504000442280288,-0.07413005913710789,TRUE,383,20
17,49,0.1,0.02,0.005,1,2.3979037990612606,2.11535961159227,-0.072210380646429,TRUE,344,20
18,49,0.1,0.02,0.005,1,3.780757077692979,2.57046643454989,-0.06839945699209952,TRUE,365,20
19,49,0.1,0.02,0.005,1,1.1232525995607288,1.7289856205676042,-0.06484260594099805,TRUE,368,20
20,49,0.1,0.02,0.005,1,0,NA,NA,FALSE,369,20
21,49,0.1,0.02,0.005,1,1.0009200755245522,1.8212020195216359,-0.07895533786946904,TRUE,359,20
22,49,0.1,0.02,0.005,1,NA,NA,NA,FALSE,370,20
23,49,0.1,0.02,0.005,1,2.5508692468131313,2.2958688687302375,-0.07862440658980935,TRUE,344,20
24,49,0.1,0.02,0.005,1,0.35623493113100524,0.8599739250149355,-0.0704207793645157,TRUE,342,20
25,49,0.1,0.02,0.005,1,NA,NA,NA,FALSE,360,20
26,49,0.1,0.02,0.005,1,NA,NA,NA,FALSE,354,20
27,49,0.1,0.02,0.005,1,NA,NA,NA,FALSE,354,20
28,49,0.1,0.02,0.005,1,NA,NA,NA,FALSE,362,20
29,49,0.1,0.02,0.005,1,NA,NA,NA,FALSE,360,20
30,49,0.1,0.02,0.005,1,0.4233610273424245,1.3943283668813293,-0.07203941621032635,TRUE,359,20
31,49,0.1,0.02,0.005,1,1.7154120131342019,1.1951332410286455,-0.07005992676077649,TRUE,358,20
32,49,0.1,0.02,0.005,1,0.7451087514222764,2.058108605484141,-0.06801974894541321,TRUE,362,20
33,49,0.1,0.02,0.005,1,0.7558054110003576,1.4185817929167273,-0.08570355802258973,TRUE,327,20
34,49,0.1,0.02,0.005,1,2.748028443499436,1.7180669520598228,-0.07908403378772763,TRUE,375,20
35,49,0.1,0.02,0.005,1,0.8614687393439142,1.3278005810401319,-0.09076184641864586,TRUE,319,20
36,49,0.1,0.02,0.005,1,NA,NA,NA,FALSE,342,20
37,49,0.1,0.02,0.005,1,1.3490507195354302,1.8844385403211343,-0.08777749099220794,TRUE,361,20
38,49,0.1,0.02,0.005,1,NA,NA,NA,FALSE,360,20
39,49,0.1,0.02,0.005,1,0.23114487274638118,1.2371247293123235,-0.07766649649230797,TRUE,348,20
40,49,0.1,0.02,0.005,1,0.9234396988403876,1.2435846007593374,-0.08385922672750204,TRUE,358,20
41,49,0.1,0.02,0.005,1,NA,NA,NA,FALSE,344,20
42,49,0.1,0.02,0.005,1,1.0015847075044233,1.520085899267649,-0.07807013446330617,TRUE,371,20
43,49,0.1,0.02,0.005,1,NA,NA,NA,FALSE,397,20
44,49,0.1,0.02,0.005,1,NA,NA,NA,FALSE,390,20
45,49,0.1,0.02,0.005,1,2.0719869756751828,1.4974269880468127,-0.05800127073747938,TRUE,359,20
46,49,0.1,0.02,0.005,1,2.3715091907128953,1.6367043988111352,-0.0681566588443298,TRUE,342,20
47,49,0.1,0.02,0.005,1,NA,NA,NA,FALSE,364,20
48,49,0.1,0.02,0.005,1,2.251681907282182,1.285751694750851,-0.09715950659553166,TRUE,347,20
49,49,0.1,0.02,0.005,1,NA,NA,NA,FALSE,337,20
50,49,0.1,0.02,0.005,1,0.8643105435733884,2.252176046773272,-0.08684230862229154,TRUE,339,20
1,50,0.1,0.05,0.005,1,NA,NA,NA,FALSE,397,20
2,50,0.1,0.05,0.005,1,0.2998149542516653,0.7733625385009034,-0.08911356891661172,TRUE,358,20
3,50,0.1,0.05,0.005,1,NA,NA,NA,FALSE,347,20
4,50,0.1,0.05,0.005,1,0.7535065059178949,1.1303701031706916,-0.06885308521818714,TRUE,349,20
5,50,0.1,0.05,0.005,1,1.1496623307349516,0.856413147135903,-0.0718913796390651,TRUE,372,20
6,50,0.1,0.05,0.005,1,0.4271728234230492,0.9276270340569308,-0.07115631518819085,TRUE,377,20
7,50,0.1,0.05,0.005,1,1.7348282976829061,1.1199269483476426,-0.0686754980463972,TRUE,345,20
8,50,0.1,0.05,0.005,1,0.20034139554693808,1.0335592384343417,-0.057523428693970695,TRUE,339,20
9,50,0.1,0.05,0.005,1,NA,NA,NA,FALSE,337,20
10,50,0.1,0.05,0.005,1,NA,NA,NA,FALSE,350,20
11,50,0.1,0.05,0.005,1,0.24114644570394517,0.7456883649744167,-0.06842397010458998,TRUE,386,20
12,50,0.1,0.05,0.005,1,NA,NA,NA,FALSE,387,20
13,50,0.1,0.05,0.005,1,0.9917183120249496,0.8941794657467562,-0.05407322543862022,TRUE,395,20
14,50,0.1,0.05,0.005,1,NA,NA,NA,FALSE,342,20
15,50,0.1,0.05,0.005,1,0.6903398833748674,0.8594350460413919,-0.09275680812527179,TRUE,356,20
16,50,0.1,0.05,0.005,1,0.25091485147750947,0.7455900243079564,-0.0702400059707376,TRUE,377,20
17,50,0.1,0.05,0.005,1,NA,NA,NA,FALSE,357,20
18,50,0.1,0.05,0.005,1,1.0886041516773723,0.8927008650285082,-0.06803500436124879,TRUE,337,20
19,50,0.1,0.05,0.005,1,0.04103711019075915,0.76537375654984,-0.06667068594631999,TRUE,352,20
20,50,0.1,0.05,0.005,1,NA,NA,NA,FALSE,364,20
21,50,0.1,0.05,0.005,1,1.1962094638844136,1.3118909654231863,-0.07969356512682185,TRUE,344,20
22,50,0.1,0.05,0.005,1,NA,NA,NA,FALSE,351,20
23,50,0.1,0.05,0.005,1,NA,NA,NA,FALSE,362,20
24,50,0.1,0.05,0.005,1,0.879833525720711,1.0482626628393363,-0.08014578605901039,TRUE,350,20
25,50,0.1,0.05,0.005,1,NA,NA,NA,FALSE,350,20
26,50,0.1,0.05,0.005,1,0.37515126313252073,0.7528198910693433,-0.06958162551553983,TRUE,379,20
27,50,0.1,0.05,0.005,1,1.709640189711369,1.190018512197231,-0.0670309658255955,TRUE,358,20
28,50,0.1,0.05,0.005,1,NA,NA,NA,FALSE,351,20
29,50,0.1,0.05,0.005,1,NA,NA,NA,FALSE,370,20
30,50,0.1,0.05,0.005,1,NA,NA,NA,FALSE,363,20
31,50,0.1,0.05,0.005,1,0.28608910591209963,0.8980018347665801,-0.07058629022756953,TRUE,355,20
32,50,0.1,0.05,0.005,1,0.08737828307389416,0.9015933711141046,-0.06684069576685772,TRUE,343,20
33,50,0.1,0.05,0.005,1,1.2969957931002323,1.1900231795883975,-0.07942730683574732,TRUE,356,20
34,50,0.1,0.05,0.005,1,NA,NA,NA,FALSE,369,20
35,50,0.1,0.05,0.005,1,NA,NA,NA,FALSE,373,20
36,50,0.1,0.05,0.005,1,NA,NA,NA,FALSE,374,20
37,50,0.1,0.05,0.005,1,0.12828146847194308,0.9585107819350341,-0.05477320738603334,TRUE,357,20
38,50,0.1,0.05,0.005,1,0.8474986298296915,0.9548252225287913,-0.08010138957522331,TRUE,348,20
39,50,0.1,0.05,0.005,1,0,NA,NA,FALSE,334,20
40,50,0.1,0.05,0.005,1,NA,NA,NA,FALSE,366,20
41,50,0.1,0.05,0.005,1,0.13784410400584257,0.7921828972411427,-0.08223391556627403,TRUE,349,20
42,50,0.1,0.05,0.005,1,0.493852163565695,0.8336242119298499,-0.07132967358568779,TRUE,381,20
43,50,0.1,0.05,0.005,1,NA,NA,NA,FALSE,390,20
44,50,0.1,0.05,0.005,1,NA,NA,NA,FALSE,361,20
45,50,0.1,0.05,0.005,1,1.0059226986279897,0.9961420037970615,-0.06876333861477475,TRUE,367,20
46,50,0.1,0.05,0.005,1,NA,NA,NA,FALSE,365,20
47,50,0.1,0.05,0.005,1,1.5822522635568343,0.9489802107083197,-0.07261290605784929,TRUE,358,20
48,50,0.1,0.05,0.005,1,NA,NA,NA,FALSE,342,20
49,50,0.1,0.05,0.005,1,0.8889857591214756,0.994580503838032,-0.0651120767193429,TRUE,372,20
50,50,0.1,0.05,0.005,1,0.9862326686568824,1.0334066360283662,-0.0674686714945873,TRUE,350,20
1,51,0.1,0.09,0.005,1,NA,NA,NA,FALSE,338,20
2,51,0.1,0.09,0.005,1,NA,NA,NA,FALSE,335,20
3,51,0.1,0.09,0.005,1,NA,NA,NA,FALSE,357,20
4,51,0.1,0.09,0.005,1,1.6361499942035513,0.9616316930417794,-0.07399038218481414,TRUE,365,20
5,51,0.1,0.09,0.005,1,NA,NA,NA,FALSE,363,20
6,51,0.1,0.09,0.005,1,NA,NA,NA,FALSE,376,20
7,51,0.1,0.09,0.005,1,NA,NA,NA,FALSE,362,20
8,51,0.1,0.09,0.005,1,NA,NA,NA,FALSE,367,20
9,51,0.1,0.09,0.005,1,NA,NA,NA,FALSE,358,20
10,51,0.1,0.09,0.005,1,0.052920051372299506,0.5734267033184945,-0.0645238431954829,TRUE,364,20
11,51,0.1,0.09,0.005,1,NA,NA,NA,FALSE,371,20
12,51,0.1,0.09,0.005,1,NA,NA,NA,FALSE,343,20
13,51,0.1,0.09,0.005,1,0.6394881386310212,0.7393226894617472,-0.0772161870994987,TRUE,339,20
14,51,0.1,0.09,0.005,1,NA,NA,NA,FALSE,338,20
15,51,0.1,0.09,0.005,1,NA,NA,NA,FALSE,370,20
16,51,0.1,0.09,0.005,1,0.12124027716194945,0.6507675585080409,-0.07419729804771831,TRUE,356,20
17,51,0.1,0.09,0.005,1,0.17089225105788175,0.6008532895368078,-0.0762027570762312,TRUE,338,20
18,51,0.1,0.09,0.005,1,0.39584096049387757,0.734649265618313,-0.07356925754911142,TRUE,366,20
19,51,0.1,0.09,0.005,1,0.8890371465303794,0.7696502270008347,-0.08004968292557882,TRUE,362,20
20,51,0.1,0.09,0.005,1,1.0461703827609292,0.7533275709394704,-0.06518761240060401,TRUE,407,20
21,51,0.1,0.09,0.005,1,0.4304285817364046,0.6467824254041855,-0.08360357496945649,TRUE,327,20
22,51,0.1,0.09,0.005,1,NA,NA,NA,FALSE,348,20
23,51,0.1,0.09,0.005,1,0.41311026303424697,0.5952072207760041,-0.08527330729160977,TRUE,367,20
24,51,0.1,0.09,0.005,1,0.9708773692070763,0.834360411613168,-0.08458871328334987,TRUE,340,20
25,51,0.1,0.09,0.005,1,NA,NA,NA,FALSE,345,20
26,51,0.1,0.09,0.005,1,NA,NA,NA,FALSE,360,20
27,51,0.1,0.09,0.005,1,NA,NA,NA,FALSE,379,20
28,51,0.1,0.09,0.005,1,0.3241709359149274,0.588008408263957,-0.07384004541689743,TRUE,393,20
29,51,0.1,0.09,0.005,1,NA,NA,NA,FALSE,381,20
30,51,0.1,0.09,0.005,1,0.7664188673550263,0.9073573169767982,-0.07708060684893711,TRUE,380,20
31,51,0.1,0.09,0.005,1,0.47559959405397767,0.6164697635683275,-0.08401131740482039,TRUE,354,20
32,51,0.1,0.09,0.005,1,1.069347448260427,0.6610365821212332,-0.06432208525814873,TRUE,353,20
33,51,0.1,0.09,0.005,1,NA,NA,NA,FALSE,347,20
34,51,0.1,0.09,0.005,1,0.3366938681290613,0.7372025253082984,-0.07460463078889787,TRUE,359,20
35,51,0.1,0.09,0.005,1,0.3630153463477625,0.5991544094545641,-0.06706935070087536,TRUE,369,20
36,51,0.1,0.09,0.005,1,NA,NA,NA,FALSE,334,20
37,51,0.1,0.09,0.005,1,NA,NA,NA,FALSE,358,20
38,51,0.1,0.09,0.005,1,NA,NA,NA,FALSE,371,20
39,51,0.1,0.09,0.005,1,0.09482508729138789,0.7464176179596568,-0.07342935027836439,TRUE,342,20
40,51,0.1,0.09,0.005,1,0.02082424791606864,0.5919366293265554,-0.07094604271298473,TRUE,353,20
41,51,0.1,0.09,0.005,1,0.08981359257209388,0.6981348746436469,-0.0726726126656075,TRUE,350,20
42,51,0.1,0.09,0.005,1,1.6731806844340973,0.7370751034891758,-0.09598737740280132,TRUE,327,20
43,51,0.1,0.09,0.005,1,0.5463634035816928,0.5493175315813299,-0.0688064056717498,TRUE,360,20
44,51,0.1,0.09,0.005,1,0.38644577533912905,0.6172998555181116,-0.06267900208163768,TRUE,371,20
45,51,0.1,0.09,0.005,1,NA,NA,NA,FALSE,369,20
46,51,0.1,0.09,0.005,1,0.30527571629871236,0.6360733481128256,-0.05702604772239609,TRUE,360,20
47,51,0.1,0.09,0.005,1,0.08844818019796742,0.5812851094097544,-0.07230190826554295,TRUE,357,20
48,51,0.1,0.09,0.005,1,NA,NA,NA,FALSE,393,20
49,51,0.1,0.09,0.005,1,0.6101760898323931,0.62069883258222,-0.08545046948425186,TRUE,365,20
50,51,0.1,0.09,0.005,1,1.2588722714348828,0.8102188515179984,-0.0605806276070796,TRUE,354,20
1,52,0.1,0.15,0.005,1,NA,NA,NA,FALSE,341,20
2,52,0.1,0.15,0.005,1,NA,NA,NA,FALSE,339,20
3,52,0.1,0.15,0.005,1,1.4162905133657067,0.6234008688513947,-0.06890354163016434,TRUE,363,20
4,52,0.1,0.15,0.005,1,0.366738724841382,0.5023863963570072,-0.0691239215847713,TRUE,353,20
5,52,0.1,0.15,0.005,1,0.18191051812510622,0.5820354746353944,-0.05917521591509989,TRUE,341,20
6,52,0.1,0.15,0.005,1,NA,NA,NA,FALSE,364,20
7,52,0.1,0.15,0.005,1,2.2605278897913736,0.6042586616773715,-0.08984628979060492,TRUE,336,20
8,52,0.1,0.15,0.005,1,0.37072327488224427,0.5021173329322617,-0.08784735109577416,TRUE,360,20
9,52,0.1,0.15,0.005,1,1.1278045350719386,0.6274325446923258,-0.08201533040625526,TRUE,353,20
10,52,0.1,0.15,0.005,1,0.05549504990736765,0.645048597927777,-0.07450517175032226,TRUE,361,20
11,52,0.1,0.15,0.005,1,0.011810424302385974,0.5772786005147287,-0.07397741159566902,TRUE,382,20
12,52,0.1,0.15,0.005,1,NA,NA,NA,FALSE,364,20
13,52,0.1,0.15,0.005,1,0.21511288941470844,0.5171512789143895,-0.06530229395439983,TRUE,329,20
14,52,0.1,0.15,0.005,1,NA,NA,NA,FALSE,367,20
15,52,0.1,0.15,0.005,1,NA,NA,NA,FALSE,344,20
16,52,0.1,0.15,0.005,1,0.8784896909257983,0.5475320047037696,-0.058916345270508146,TRUE,370,20
17,52,0.1,0.15,0.005,1,0.3790493977882348,0.7529486473836122,-0.08638326270935823,TRUE,335,20
18,52,0.1,0.15,0.005,1,0.012156395727977783,0.5054449229204676,-0.07359708695744195,TRUE,372,20
19,52,0.1,0.15,0.005,1,NA,NA,NA,FALSE,354,20
20,52,0.1,0.15,0.005,1,0.6976648838532199,0.5418080144917246,-0.07950368342975764,TRUE,348,20
21,52,0.1,0.15,0.005,1,0.0915938736524882,0.4968801728600981,-0.06671859533127628,TRUE,380,20
22,52,0.1,0.15,0.005,1,0.040303460990018816,0.4903331263018542,-0.06572321062847301,TRUE,325,20
23,52,0.1,0.15,0.005,1,0.850508773471151,0.5563613427655455,-0.07050020059610038,TRUE,334,20
24,52,0.1,0.15,0.005,1,NA,NA,NA,FALSE,360,20
25,52,0.1,0.15,0.005,1,0.24639721561397188,0.44157434478360863,-0.06797787533644226,TRUE,392,20
26,52,0.1,0.15,0.005,1,0.8341818689238406,0.548415492671822,-0.06532572632552452,TRUE,365,20
27,52,0.1,0.15,0.005,1,NA,NA,NA,FALSE,327,20
28,52,0.1,0.15,0.005,1,NA,NA,NA,FALSE,333,20
29,52,0.1,0.15,0.005,1,NA,NA,NA,FALSE,396,20
30,52,0.1,0.15,0.005,1,0.7791756780794925,0.5424328590001793,-0.06634718495578866,TRUE,347,20
31,52,0.1,0.15,0.005,1,NA,NA,NA,FALSE,332,20
32,52,0.1,0.15,0.005,1,0.22195143062024156,0.5665946570906767,-0.07887910265131598,TRUE,382,20
33,52,0.1,0.15,0.005,1,NA,NA,NA,FALSE,352,20
34,52,0.1,0.15,0.005,1,0.5886450589180845,0.6128956528625459,-0.06546742105474751,TRUE,352,20
35,52,0.1,0.15,0.005,1,0.3900369930912392,0.5565152734070618,-0.06942869940577662,TRUE,340,20
36,52,0.1,0.15,0.005,1,0.4423595276749546,0.5958771553737784,-0.07295286541733922,TRUE,359,20
37,52,0.1,0.15,0.005,1,0,NA,NA,FALSE,399,20
38,52,0.1,0.15,0.005,1,0.4251510886927293,0.5859149650379731,-0.0777131570489345,TRUE,331,20
39,52,0.1,0.15,0.005,1,NA,NA,NA,FALSE,392,20
40,52,0.1,0.15,0.005,1,0.18914740205686736,0.5420736060574592,-0.056022662840709905,TRUE,364,20
41,52,0.1,0.15,0.005,1,NA,NA,NA,FALSE,379,20
42,52,0.1,0.15,0.005,1,NA,NA,NA,FALSE,378,20
43,52,0.1,0.15,0.005,1,0.3697649579084031,0.5831291905893714,-0.05860927731023025,TRUE,340,20
44,52,0.1,0.15,0.005,1,0.1876819677672344,0.7091300724909374,-0.06660209746061001,TRUE,346,20
45,52,0.1,0.15,0.005,1,0.2476195685950008,0.5236308777002692,-0.05523660983340129,TRUE,349,20
46,52,0.1,0.15,0.005,1,NA,NA,NA,FALSE,366,20
47,52,0.1,0.15,0.005,1,NA,NA,NA,FALSE,383,20
48,52,0.1,0.15,0.005,1,0.821897442743348,0.4614033683199132,-0.06735184096739766,TRUE,404,20
49,52,0.1,0.15,0.005,1,0.19062615911966985,0.5259012881112854,-0.06468942284095762,TRUE,372,20
50,52,0.1,0.15,0.005,1,0.3364248429531691,0.5242917101765437,-0.07587134186980315,TRUE,331,20
1,53,0.1,0.2,0.005,1,0.398453134202699,0.5200698240774025,-0.0712725252858855,TRUE,343,20
2,53,0.1,0.2,0.005,1,0.20106521997574162,0.48990064350376916,-0.05493311094224965,TRUE,358,20
3,53,0.1,0.2,0.005,1,0.5670518716203736,0.4164149334384979,-0.05954525032784702,TRUE,374,20
4,53,0.1,0.2,0.005,1,0.1305923464452204,0.4234659707383688,-0.08022023263625029,TRUE,387,20
5,53,0.1,0.2,0.005,1,0.13673780508405173,0.4453162236079936,-0.06783358219918507,TRUE,378,20
6,53,0.1,0.2,0.005,1,NA,NA,NA,FALSE,388,20
7,53,0.1,0.2,0.005,1,NA,NA,NA,FALSE,340,20
8,53,0.1,0.2,0.005,1,0.7618545969910524,0.49729409032006966,-0.08006452829103416,TRUE,387,20
9,53,0.1,0.2,0.005,1,0.006601459033819008,0.49444705673675665,-0.06993143625956043,TRUE,347,20
10,53,0.1,0.2,0.005,1,NA,NA,NA,FALSE,312,20
11,53,0.1,0.2,0.005,1,0.35976444399563506,0.4431298656628353,-0.06612024335487039,TRUE,343,20
12,53,0.1,0.2,0.005,1,0.17046915712946753,0.44900993312708126,-0.07897881885073092,TRUE,346,20
13,53,0.1,0.2,0.005,1,0.42178630072130907,0.4318790555352522,-0.0854912286638571,TRUE,373,20
14,53,0.1,0.2,0.005,1,0.34257178664633176,0.45527086666453886,-0.07912885049773087,TRUE,359,20
15,53,0.1,0.2,0.005,1,0.7559877194527314,0.5110314301814447,-0.08364679264213695,TRUE,376,20
16,53,0.1,0.2,0.005,1,1.0540775595990786,0.48721699906974797,-0.06777472819452118,TRUE,365,20
17,53,0.1,0.2,0.005,1,0.3854148237329569,0.4321329321042303,-0.06693856187528244,TRUE,369,20
18,53,0.1,0.2,0.005,1,0.6569968486009329,0.4750484036289341,-0.08122253009007814,TRUE,388,20
19,53,0.1,0.2,0.005,1,0.4546032496768186,0.47881686422723285,-0.0816150164195164,TRUE,349,20
20,53,0.1,0.2,0.005,1,0.14606521126078573,0.47062626162794696,-0.08221650030295694,TRUE,353,20
21,53,0.1,0.2,0.005,1,NA,NA,NA,FALSE,366,20
22,53,0.1,0.2,0.005,1,0.16310942666975076,0.5383989252105039,-0.08329987966674722,TRUE,339,20
23,53,0.1,0.2,0.005,1,NA,NA,NA,FALSE,357,20
24,53,0.1,0.2,0.005,1,NA,NA,NA,FALSE,345,20
25,53,0.1,0.2,0.005,1,0.7019975997277124,0.42957629509840894,-0.0633612904983868,TRUE,354,20
26,53,0.1,0.2,0.005,1,0,NA,NA,FALSE,384,20
27,53,0.1,0.2,0.005,1,0.9465730991532287,0.4452375003810905,-0.07100730299135971,TRUE,373,20
28,53,0.1,0.2,0.005,1,0.5818071515311158,0.5233856722663169,-0.08567503885842974,TRUE,357,20
29,53,0.1,0.2,0.005,1,NA,NA,NA,FALSE,389,20
30,53,0.1,0.2,0.005,1,0.3599764270825451,0.48782501033746944,-0.09167337031618303,TRUE,347,20
31,53,0.1,0.2,0.005,1,0.39721370125372907,0.5041098859162506,-0.07222412973519007,TRUE,373,20
32,53,0.1,0.2,0.005,1,0,NA,NA,FALSE,333,20
33,53,0.1,0.2,0.005,1,0.7270415520344046,0.49165474492345235,-0.058566433919687924,TRUE,375,20
34,53,0.1,0.2,0.005,1,0.5893096533148053,0.5758517257689213,-0.07859825896587343,TRUE,373,20
35,53,0.1,0.2,0.005,1,0.7134236703470038,0.478960101610646,-0.05864968555911748,TRUE,347,20
36,53,0.1,0.2,0.005,1,NA,NA,NA,FALSE,352,20
37,53,0.1,0.2,0.005,1,0.3725895990693898,0.4511836110642114,-0.07087283399504603,TRUE,348,20
38,53,0.1,0.2,0.005,1,0.4027956750625305,0.4516361646771884,-0.07600958813678389,TRUE,415,20
39,53,0.1,0.2,0.005,1,NA,NA,NA,FALSE,363,20
40,53,0.1,0.2,0.005,1,NA,NA,NA,FALSE,372,20
41,53,0.1,0.2,0.005,1,0.035829773676186207,0.4281614304551825,-0.0679869716547465,TRUE,400,20
42,53,0.1,0.2,0.005,1,NA,NA,NA,FALSE,382,20
43,53,0.1,0.2,0.005,1,0.4630404274918468,0.5393549456395695,-0.07719879101579377,TRUE,376,20
44,53,0.1,0.2,0.005,1,0.12232081975023133,0.406737506360256,-0.07615371809538561,TRUE,388,20
45,53,0.1,0.2,0.005,1,0.42910556743635464,0.5085563546662574,-0.07490192377118629,TRUE,372,20
46,53,0.1,0.2,0.005,1,0.03391855565781122,0.4905860678902218,-0.060653898969501636,TRUE,363,20
47,53,0.1,0.2,0.005,1,0.8455614669727967,0.45291456725220414,-0.07194509568720726,TRUE,385,20
48,53,0.1,0.2,0.005,1,NA,NA,NA,FALSE,345,20
49,53,0.1,0.2,0.005,1,NA,NA,NA,FALSE,369,20
50,53,0.1,0.2,0.005,1,0.3268886135125754,0.4956700441286997,-0.06791824023243413,TRUE,383,20
1,54,0.1,0.02,0.01,1,0.9807060354391102,1.5669327476270039,-0.06327007546955259,TRUE,378,20
2,54,0.1,0.02,0.01,1,2.73255409189061,1.6675788839437455,-0.07577029763347354,TRUE,364,20
3,54,0.1,0.02,0.01,1,4.486524707058222,2.665434913258252,-0.07925647673159064,TRUE,380,20
4,54,0.1,0.02,0.01,1,4.645813803906871,2.4610563115034028,-0.06669138503770929,TRUE,363,20
5,54,0.1,0.02,0.01,1,0.21857326555426995,1.2107439376369016,-0.0713880518795974,TRUE,350,20
6,54,0.1,0.02,0.01,1,3.625063054770807,2.097044310194704,-0.07739572831380871,TRUE,374,20
7,54,0.1,0.02,0.01,1,NA,NA,NA,FALSE,364,20
8,54,0.1,0.02,0.01,1,0.7248739020186918,1.23117920901817,-0.08700323203581987,TRUE,355,20
9,54,0.1,0.02,0.01,1,NA,NA,NA,FALSE,378,20
10,54,0.1,0.02,0.01,1,NA,NA,NA,FALSE,396,20
11,54,0.1,0.02,0.01,1,0.7111081103144014,1.1504137396216436,-0.06288670387160299,TRUE,341,20
12,54,0.1,0.02,0.01,1,0.14117320001044964,1.2490206517845728,-0.07063925070799248,TRUE,341,20
13,54,0.1,0.02,0.01,1,NA,NA,NA,FALSE,384,20
14,54,0.1,0.02,0.01,1,NA,NA,NA,FALSE,356,20
15,54,0.1,0.02,0.01,1,NA,NA,NA,FALSE,327,20
16,54,0.1,0.02,0.01,1,NA,NA,NA,FALSE,349,20
17,54,0.1,0.02,0.01,1,2.0824879782025425,1.2599155653438696,-0.07534884459593827,TRUE,363,20
18,54,0.1,0.02,0.01,1,0.02295498753629323,1.7241162635482867,-0.07021071069059528,TRUE,346,20
19,54,0.1,0.02,0.01,1,0.24924332284599757,1.271439871818589,-0.07911774410052719,TRUE,355,20
20,54,0.1,0.02,0.01,1,NA,NA,NA,FALSE,350,20
21,54,0.1,0.02,0.01,1,NA,NA,NA,FALSE,366,20
22,54,0.1,0.02,0.01,1,NA,NA,NA,FALSE,353,20
23,54,0.1,0.02,0.01,1,NA,NA,NA,FALSE,370,20
24,54,0.1,0.02,0.01,1,NA,NA,NA,FALSE,355,20
25,54,0.1,0.02,0.01,1,1.3083925982106241,1.3157323272449033,-0.07575513460025436,TRUE,368,20
26,54,0.1,0.02,0.01,1,NA,NA,NA,FALSE,328,20
27,54,0.1,0.02,0.01,1,NA,NA,NA,FALSE,353,20
28,54,0.1,0.02,0.01,1,0.7436800853580248,1.9502326912533678,-0.06501742591178146,TRUE,362,20
29,54,0.1,0.02,0.01,1,1.5533599520272072,1.32056502013879,-0.07187481252143167,TRUE,333,20
30,54,0.1,0.02,0.01,1,0.10037341110799727,1.3876419974328003,-0.0660601728423787,TRUE,330,20
31,54,0.1,0.02,0.01,1,0.27714081648360167,1.3569481635975065,-0.08053532764169626,TRUE,353,20
32,54,0.1,0.02,0.01,1,1.430527161782627,1.5149171555494267,-0.07102920745345724,TRUE,332,20
33,54,0.1,0.02,0.01,1,NA,NA,NA,FALSE,343,20
34,54,0.1,0.02,0.01,1,0.9423227133598019,1.3532370367432136,-0.08700183161185537,TRUE,369,20
35,54,0.1,0.02,0.01,1,2.424832030987468,1.5157502166121484,-0.05982917057101032,TRUE,347,20
36,54,0.1,0.02,0.01,1,NA,NA,NA,FALSE,387,20
37,54,0.1,0.02,0.01,1,0.7033620282691657,1.0780544035388069,-0.06387542490027948,TRUE,360,20
38,54,0.1,0.02,0.01,1,NA,NA,NA,FALSE,353,20
39,54,0.1,0.02,0.01,1,NA,NA,NA,FALSE,348,20
40,54,0.1,0.02,0.01,1,0.28385660783955896,1.0849467262178358,-0.07088900894483066,TRUE,375,20
41,54,0.1,0.02,0.01,1,NA,NA,NA,FALSE,381,20
42,54,0.1,0.02,0.01,1,NA,NA,NA,FALSE,352,20
43,54,0.1,0.02,0.01,1,NA,NA,NA,FALSE,349,20
44,54,0.1,0.02,0.01,1,NA,NA,NA,FALSE,344,20
45,54,0.1,0.02,0.01,1,NA,NA,NA,FALSE,359,20
46,54,0.1,0.02,0.01,1,0.5289203817090102,1.1218645970219292,-0.07902845785969763,TRUE,353,20
47,54,0.1,0.02,0.01,1,0.5215190064649206,2.3789532310412667,-0.07651827209694013,TRUE,353,20
48,54,0.1,0.02,0.01,1,2.1057101376019234,1.4475473442358637,-0.06026603183765796,TRUE,353,20
49,54,0.1,0.02,0.01,1,NA,NA,NA,FALSE,346,20
50,54,0.1,0.02,0.01,1,2.7980095675698062,1.8561272103903257,-0.0806089890195476,TRUE,344,20
1,55,0.1,0.05,0.01,1,5.420444785328362,2.9882553110112178,-0.07442230113942935,TRUE,364,20
2,55,0.1,0.05,0.01,1,0.45173756799249754,0.8831209673715782,-0.07269606166387628,TRUE,363,20
3,55,0.1,0.05,0.01,1,0.6330421167877501,0.7144902860041041,-0.06414137218797823,TRUE,324,20
4,55,0.1,0.05,0.01,1,NA,NA,NA,FALSE,390,20
5,55,0.1,0.05,0.01,1,3.59727097764934,1.0571470420436961,-0.06543945016240353,TRUE,346,20
6,55,0.1,0.05,0.01,1,0.7353255105834537,0.8759190073426684,-0.05565632129693508,TRUE,350,20
7,55,0.1,0.05,0.01,1,NA,NA,NA,FALSE,349,20
8,55,0.1,0.05,0.01,1,0.9710141444871833,1.0252002776478117,-0.07653769471062799,TRUE,355,20
9,55,0.1,0.05,0.01,1,0.42456587752417413,0.662534248987258,-0.0739193172183434,TRUE,351,20
10,55,0.1,0.05,0.01,1,1.7093627845363946,1.0050295605183255,-0.07520103611383525,TRUE,354,20
11,55,0.1,0.05,0.01,1,0.26773832229578626,1.0024605797782136,-0.0649994630850998,TRUE,335,20
12,55,0.1,0.05,0.01,1,0.42019961949410445,0.7090027065761318,-0.08302293079954384,TRUE,381,20
13,55,0.1,0.05,0.01,1,1.0300470711142218,0.9245291953676817,-0.08043500279236801,TRUE,356,20
14,55,0.1,0.05,0.01,1,0.013543230686592213,0.716287403503747,-0.07397132026390886,TRUE,346,20
15,55,0.1,0.05,0.01,1,NA,NA,NA,FALSE,390,20
16,55,0.1,0.05,0.01,1,NA,NA,NA,FALSE,343,20
17,55,0.1,0.05,0.01,1,0.5545738036514298,1.0571854735301525,-0.06835233678231473,TRUE,348,20
18,55,0.1,0.05,0.01,1,1.4991822772755543,1.0459838350314297,-0.06460070267344761,TRUE,333,20
19,55,0.1,0.05,0.01,1,3.16685176123573,1.4152958206216077,-0.0796379977527437,TRUE,359,20
20,55,0.1,0.05,0.01,1,NA,NA,NA,FALSE,350,20
21,55,0.1,0.05,0.01,1,NA,NA,NA,FALSE,369,20
22,55,0.1,0.05,0.01,1,NA,NA,NA,FALSE,343,20
23,55,0.1,0.05,0.01,1,NA,NA,NA,FALSE,342,20
24,55,0.1,0.05,0.01,1,0.22114022575650857,1.100439387448431,-0.061467879658076624,TRUE,346,20
25,55,0.1,0.05,0.01,1,0.9039406980260178,0.9589409150718906,-0.06268093533012965,TRUE,327,20
26,55,0.1,0.05,0.01,1,0.9457186228267308,0.8523608364683165,-0.07045323904295134,TRUE,330,20
27,55,0.1,0.05,0.01,1,0.7659384035401706,0.790932803802222,-0.07625871567309345,TRUE,347,20
28,55,0.1,0.05,0.01,1,NA,NA,NA,FALSE,354,20
29,55,0.1,0.05,0.01,1,0.8108084657754249,1.4787669658198752,-0.08259465791483506,TRUE,313,20
30,55,0.1,0.05,0.01,1,NA,NA,NA,FALSE,347,20
31,55,0.1,0.05,0.01,1,0.8403798466583846,0.9371688890454537,-0.06405852773696648,TRUE,357,20
32,55,0.1,0.05,0.01,1,NA,NA,NA,FALSE,377,20
33,55,0.1,0.05,0.01,1,1.6308286923858657,0.8357365377940518,-0.08229320254126353,TRUE,392,20
34,55,0.1,0.05,0.01,1,NA,NA,NA,FALSE,353,20
35,55,0.1,0.05,0.01,1,1.0477277613103775,1.051790159181181,-0.06362169000314208,TRUE,390,20
36,55,0.1,0.05,0.01,1,NA,NA,NA,FALSE,398,20
37,55,0.1,0.05,0.01,1,0.4841080255860521,0.7621174166569813,-0.06421309457582068,TRUE,339,20
38,55,0.1,0.05,0.01,1,NA,NA,NA,FALSE,384,20
39,55,0.1,0.05,0.01,1,NA,NA,NA,FALSE,384,20
40,55,0.1,0.05,0.01,1,NA,NA,NA,FALSE,352,20
41,55,0.1,0.05,0.01,1,1.0182015012495913,0.8577886156623794,-0.07428804277386962,TRUE,350,20
42,55,0.1,0.05,0.01,1,0.075661057986926,0.6998564156299381,-0.07275512923022458,TRUE,355,20
43,55,0.1,0.05,0.01,1,NA,NA,NA,FALSE,348,20
44,55,0.1,0.05,0.01,1,0.9780321108190172,0.7518370613562907,-0.07848836407317318,TRUE,378,20
45,55,0.1,0.05,0.01,1,NA,NA,NA,FALSE,342,20
46,55,0.1,0.05,0.01,1,0.004926039418279644,0.6242019371367052,-0.09681878143819,TRUE,340,20
47,55,0.1,0.05,0.01,1,0.07379827971501778,0.923816183127613,-0.0578354600943964,TRUE,329,20
48,55,0.1,0.05,0.01,1,0.49496987002176435,0.8748829231537564,-0.06033890566507689,TRUE,369,20
49,55,0.1,0.05,0.01,1,1.3852564009591062,0.8791183196041414,-0.07879304233403708,TRUE,351,20
50,55,0.1,0.05,0.01,1,1.156423346577925,0.8416995104850381,-0.07014170046124214,TRUE,341,20
1,56,0.1,0.09,0.01,1,0.37627115221526564,0.6440680322381088,-0.05590280449976508,TRUE,345,20
2,56,0.1,0.09,0.01,1,NA,NA,NA,FALSE,361,20
3,56,0.1,0.09,0.01,1,0.6134294676483248,0.7053622300834722,-0.06695575535024982,TRUE,334,20
4,56,0.1,0.09,0.01,1,NA,NA,NA,FALSE,339,20
5,56,0.1,0.09,0.01,1,0.6643401290991172,0.6792838181279448,-0.06918631074286427,TRUE,351,20
6,56,0.1,0.09,0.01,1,0.46935527676753835,0.6859961423345114,-0.07089364651190208,TRUE,374,20
7,56,0.1,0.09,0.01,1,NA,NA,NA,FALSE,352,20
8,56,0.1,0.09,0.01,1,NA,NA,NA,FALSE,364,20
9,56,0.1,0.09,0.01,1,1.119929184991062,0.7269495859837294,-0.09283810135923846,TRUE,407,20
10,56,0.1,0.09,0.01,1,0.9430355887789065,0.5990425616264285,-0.06315770744305148,TRUE,379,20
11,56,0.1,0.09,0.01,1,0.9478052344391574,0.7673809172700746,-0.07199931596546896,TRUE,364,20
12,56,0.1,0.09,0.01,1,NA,NA,NA,FALSE,363,20
13,56,0.1,0.09,0.01,1,1.0088224603647584,0.7204163745961828,-0.07761212576827536,TRUE,329,20
14,56,0.1,0.09,0.01,1,0.7665662189659505,0.8936604553571571,-0.0586315200549094,TRUE,370,20
15,56,0.1,0.09,0.01,1,0.5683363782793519,0.5984196058424227,-0.0866161166533439,TRUE,389,20
16,56,0.1,0.09,0.01,1,NA,NA,NA,FALSE,358,20
17,56,0.1,0.09,0.01,1,0.6260122840313151,0.8158303324666752,-0.061468720198606316,TRUE,326,20
18,56,0.1,0.09,0.01,1,0.17388483848190125,0.6039546612946906,-0.08198413296345827,TRUE,372,20
19,56,0.1,0.09,0.01,1,0.6801426520159389,0.7137522864536545,-0.05431272482348006,TRUE,360,20
20,56,0.1,0.09,0.01,1,0.10993311119600653,0.6199584546343367,-0.07696762305287826,TRUE,345,20
21,56,0.1,0.09,0.01,1,NA,NA,NA,FALSE,360,20
22,56,0.1,0.09,0.01,1,NA,NA,NA,FALSE,383,20
23,56,0.1,0.09,0.01,1,0.5943931906326124,0.7756690455813181,-0.07221301328586742,TRUE,345,20
24,56,0.1,0.09,0.01,1,0.12523709268178404,0.5797043038086006,-0.0835272937797227,TRUE,386,20
25,56,0.1,0.09,0.01,1,NA,NA,NA,FALSE,333,20
26,56,0.1,0.09,0.01,1,NA,NA,NA,FALSE,375,20
27,56,0.1,0.09,0.01,1,1.0116887362600642,0.6311383115456682,-0.07240331898895017,TRUE,361,20
28,56,0.1,0.09,0.01,1,1.7749144098859482,0.7571423089495787,-0.0858245518443819,TRUE,367,20
29,56,0.1,0.09,0.01,1,0,NA,NA,FALSE,365,20
30,56,0.1,0.09,0.01,1,0.03919261874902662,0.6007777683294722,-0.06379249165848223,TRUE,351,20
31,56,0.1,0.09,0.01,1,NA,NA,NA,FALSE,356,20
32,56,0.1,0.09,0.01,1,0,NA,NA,FALSE,328,20
33,56,0.1,0.09,0.01,1,NA,NA,NA,FALSE,393,20
34,56,0.1,0.09,0.01,1,NA,NA,NA,FALSE,356,20
35,56,0.1,0.09,0.01,1,NA,NA,NA,FALSE,375,20
36,56,0.1,0.09,0.01,1,1.3766462541262467,0.7397044326452158,-0.06319509821439616,TRUE,387,20
37,56,0.1,0.09,0.01,1,0.3944799796295746,0.6019340377315319,-0.06722265614389526,TRUE,351,20
38,56,0.1,0.09,0.01,1,NA,NA,NA,FALSE,344,20
39,56,0.1,0.09,0.01,1,NA,NA,NA,FALSE,370,20
40,56,0.1,0.09,0.01,1,NA,NA,NA,FALSE,361,20
41,56,0.1,0.09,0.01,1,0.7107144860147315,0.6870482526244969,-0.07159462272260435,TRUE,397,20
42,56,0.1,0.09,0.01,1,0.7875696763245088,0.7922738142842561,-0.0761550376784299,TRUE,336,20
43,56,0.1,0.09,0.01,1,0.038726410897876616,0.7462124989109883,-0.07338660001439672,TRUE,375,20
44,56,0.1,0.09,0.01,1,1.2118321526131752,0.6130526427651836,-0.05689524223785475,TRUE,351,20
45,56,0.1,0.09,0.01,1,0.42046242530393746,0.6592178903069716,-0.07143147078798351,TRUE,346,20
46,56,0.1,0.09,0.01,1,0.3504529848182948,0.6457614976054634,-0.06709241469275323,TRUE,358,20
47,56,0.1,0.09,0.01,1,NA,NA,NA,FALSE,358,20
48,56,0.1,0.09,0.01,1,1.0066887486700336,0.9629861262124837,-0.08019811055057666,TRUE,349,20
49,56,0.1,0.09,0.01,1,0.6515008154958857,0.5843596942597843,-0.0913899810766492,TRUE,372,20
50,56,0.1,0.09,0.01,1,2.214539836954887,0.853150060234242,-0.09065661234818344,TRUE,350,20
1,57,0.1,0.15,0.01,1,NA,NA,NA,FALSE,354,20
2,57,0.1,0.15,0.01,1,0.8801036155969928,0.4824032329650377,-0.08630591247644964,TRUE,360,20
3,57,0.1,0.15,0.01,1,NA,NA,NA,FALSE,390,20
4,57,0.1,0.15,0.01,1,0.6624424859390109,0.5775966058025616,-0.08106297921043822,TRUE,321,20
5,57,0.1,0.15,0.01,1,NA,NA,NA,FALSE,373,20
6,57,0.1,0.15,0.01,1,0.30241377991439544,0.5108435004035906,-0.0613680559125062,TRUE,321,20
7,57,0.1,0.15,0.01,1,0.6910271375652206,0.48296595516167234,-0.07333409819046527,TRUE,346,20
8,57,0.1,0.15,0.01,1,0.0998121772741737,0.5678033407203726,-0.06695784460571597,TRUE,363,20
9,57,0.1,0.15,0.01,1,0.29571025660087646,0.5233630493192828,-0.07481492314034688,TRUE,357,20
10,57,0.1,0.15,0.01,1,0.053507438891552565,0.5445616644054302,-0.08977781035060182,TRUE,358,20
11,57,0.1,0.15,0.01,1,NA,NA,NA,FALSE,356,20
12,57,0.1,0.15,0.01,1,0.9475325459899783,0.48236393039411257,-0.06566629267317109,TRUE,340,20
13,57,0.1,0.15,0.01,1,NA,NA,NA,FALSE,353,20
14,57,0.1,0.15,0.01,1,NA,NA,NA,FALSE,337,20
15,57,0.1,0.15,0.01,1,NA,NA,NA,FALSE,363,20
16,57,0.1,0.15,0.01,1,0.2150286308324378,0.6403804607596179,-0.07146943542135265,TRUE,386,20
17,57,0.1,0.15,0.01,1,0.3633426386890014,0.48827265146646537,-0.06353655788426772,TRUE,355,20
18,57,0.1,0.15,0.01,1,0.21479592104794545,0.448944822044226,-0.07170007911470311,TRUE,379,20
19,57,0.1,0.15,0.01,1,NA,NA,NA,FALSE,400,20
20,57,0.1,0.15,0.01,1,0.1563759941974345,0.5097815251763179,-0.07022819875216142,TRUE,383,20
21,57,0.1,0.15,0.01,1,0.39133012317135235,0.5715561995122707,-0.07922949051007276,TRUE,350,20
22,57,0.1,0.15,0.01,1,0.2277067712264596,0.5166184749887884,-0.07276576159729455,TRUE,338,20
23,57,0.1,0.15,0.01,1,NA,NA,NA,FALSE,327,20
24,57,0.1,0.15,0.01,1,0,NA,NA,FALSE,331,20
25,57,0.1,0.15,0.01,1,1.338461250372187,0.5364353135994692,-0.06384755773465273,TRUE,376,20
26,57,0.1,0.15,0.01,1,NA,NA,NA,FALSE,385,20
27,57,0.1,0.15,0.01,1,NA,NA,NA,FALSE,357,20
28,57,0.1,0.15,0.01,1,NA,NA,NA,FALSE,362,20
29,57,0.1,0.15,0.01,1,0.9248782015719115,0.6090307641829305,-0.06559582186437844,TRUE,371,20
30,57,0.1,0.15,0.01,1,0.15987402311343898,0.5209834118337023,-0.07747931387174294,TRUE,348,20
31,57,0.1,0.15,0.01,1,NA,NA,NA,FALSE,396,20
32,57,0.1,0.15,0.01,1,0.27458705560132923,0.6184199876750527,-0.07721533575522269,TRUE,364,20
33,57,0.1,0.15,0.01,1,0.08537326239690565,0.4612979397541447,-0.07701300974814317,TRUE,352,20
34,57,0.1,0.15,0.01,1,0.22250705483820876,0.5065748885779043,-0.07155039414730424,TRUE,405,20
35,57,0.1,0.15,0.01,1,0.12982451866890982,0.449135730487522,-0.06463510452965421,TRUE,373,20
36,57,0.1,0.15,0.01,1,0.49846440536554365,0.42743504098778945,-0.06939313023572179,TRUE,352,20
37,57,0.1,0.15,0.01,1,NA,NA,NA,FALSE,377,20
38,57,0.1,0.15,0.01,1,0.227330998332476,0.5290290681866411,-0.08050129376733084,TRUE,390,20
39,57,0.1,0.15,0.01,1,0.33004328367508834,0.550085833288869,-0.06816224493770642,TRUE,376,20
40,57,0.1,0.15,0.01,1,NA,NA,NA,FALSE,325,20
41,57,0.1,0.15,0.01,1,0.46358157180078474,0.5467652138326341,-0.06492301885107968,TRUE,359,20
42,57,0.1,0.15,0.01,1,0.2369338873464334,0.5513419902569687,-0.05922105439421571,TRUE,350,20
43,57,0.1,0.15,0.01,1,2.2563541543351393,0.7740169193974528,-0.07364574296375755,TRUE,360,20
44,57,0.1,0.15,0.01,1,NA,NA,NA,FALSE,344,20
45,57,0.1,0.15,0.01,1,NA,NA,NA,FALSE,375,20
46,57,0.1,0.15,0.01,1,0.4038101219797605,0.47393053895564374,-0.07167898899597355,TRUE,373,20
47,57,0.1,0.15,0.01,1,NA,NA,NA,FALSE,370,20
48,57,0.1,0.15,0.01,1,NA,NA,NA,FALSE,385,20
49,57,0.1,0.15,0.01,1,1.1247818403689598,0.5492312778339863,-0.0737643855810996,TRUE,368,20
50,57,0.1,0.15,0.01,1,0.017561697084797236,0.48073703430945625,-0.0622596747539313,TRUE,360,20
1,58,0.1,0.2,0.01,1,0.5559031613751018,0.48578724277650864,-0.08196538833109467,TRUE,385,20
2,58,0.1,0.2,0.01,1,NA,NA,NA,FALSE,356,20
3,58,0.1,0.2,0.01,1,0.024147734783382176,0.4994965432958211,-0.07121692828033688,TRUE,343,20
4,58,0.1,0.2,0.01,1,0.453668938695973,0.4220239897887807,-0.06832688094104701,TRUE,368,20
5,58,0.1,0.2,0.01,1,1.4053265584277552,0.5558855484210734,-0.07343987498470048,TRUE,361,20
6,58,0.1,0.2,0.01,1,0.41933829118108557,0.49094738795155146,-0.07316362803132452,TRUE,372,20
7,58,0.1,0.2,0.01,1,1.0850251535361914,0.5841411969682149,-0.07586408920696043,TRUE,375,20
8,58,0.1,0.2,0.01,1,NA,NA,NA,FALSE,355,20
9,58,0.1,0.2,0.01,1,NA,NA,NA,FALSE,372,20
10,58,0.1,0.2,0.01,1,0.1199051492036223,0.4305657053735136,-0.0698339920998096,TRUE,354,20
11,58,0.1,0.2,0.01,1,0.5886443017550627,0.47017533590235444,-0.07066652244583822,TRUE,363,20
12,58,0.1,0.2,0.01,1,0.2267939522927294,0.47118381114659036,-0.10361677210958128,TRUE,304,20
13,58,0.1,0.2,0.01,1,NA,NA,NA,FALSE,343,20
14,58,0.1,0.2,0.01,1,0.034798844420641996,0.49102039889199045,-0.06646087959772588,TRUE,389,20
15,58,0.1,0.2,0.01,1,NA,NA,NA,FALSE,347,20
16,58,0.1,0.2,0.01,1,0,0,-0.07575738713259556,TRUE,313,20
17,58,0.1,0.2,0.01,1,0.7241482987140994,0.4592177303804067,-0.05885373477866683,TRUE,354,20
18,58,0.1,0.2,0.01,1,0.657778439013953,0.4365038152038012,-0.07133889590292312,TRUE,340,20
19,58,0.1,0.2,0.01,1,0.6253323030629194,0.4406099345175391,-0.06289559486976153,TRUE,364,20
20,58,0.1,0.2,0.01,1,0.5621092083904703,0.4864001637721418,-0.09115079944338537,TRUE,335,20
21,58,0.1,0.2,0.01,1,NA,NA,NA,FALSE,377,20
22,58,0.1,0.2,0.01,1,0.44576224888018856,0.44705003742224875,-0.06686458908296496,TRUE,332,20
23,58,0.1,0.2,0.01,1,0.7706578966297257,0.3777099846603281,-0.07314769861856209,TRUE,378,20
24,58,0.1,0.2,0.01,1,1.5612454952434218,0.6898925436144308,-0.08862821062211138,TRUE,349,20
25,58,0.1,0.2,0.01,1,NA,NA,NA,FALSE,351,20
26,58,0.1,0.2,0.01,1,0.6504395934678998,0.5286048791431766,-0.09386805397721738,TRUE,353,20
27,58,0.1,0.2,0.01,1,0.38129756260158854,0.43460757535579075,-0.08040975840313498,TRUE,377,20
28,58,0.1,0.2,0.01,1,0.3299561000934898,0.43998307091145444,-0.06545778037201322,TRUE,376,20
29,58,0.1,0.2,0.01,1,NA,NA,NA,FALSE,358,20
30,58,0.1,0.2,0.01,1,NA,NA,NA,FALSE,309,20
31,58,0.1,0.2,0.01,1,0.3481157390549667,0.45055217622496924,-0.06317141421090033,TRUE,387,20
32,58,0.1,0.2,0.01,1,0.1916714859779408,0.42691759364620585,-0.08346916934941359,TRUE,355,20
33,58,0.1,0.2,0.01,1,0.540545554553225,0.522590025750083,-0.059947656788671595,TRUE,368,20
34,58,0.1,0.2,0.01,1,0.18820666372203568,0.5507649709089943,-0.06853372027414015,TRUE,333,20
35,58,0.1,0.2,0.01,1,0.08095477338770284,0.5206389520898778,-0.08558268464850423,TRUE,364,20
36,58,0.1,0.2,0.01,1,0.01376892177441598,0.4539438340135952,-0.06439143175374014,TRUE,380,20
37,58,0.1,0.2,0.01,1,0.5517993075679339,0.46687419505113203,-0.06162592248599094,TRUE,345,20
38,58,0.1,0.2,0.01,1,0.6510832122633949,0.5058515063024127,-0.072113868629126,TRUE,341,20
39,58,0.1,0.2,0.01,1,NA,NA,NA,FALSE,312,20
40,58,0.1,0.2,0.01,1,0.7278402664400709,0.4948011336561793,-0.06722483273272652,TRUE,368,20
41,58,0.1,0.2,0.01,1,0.2981652822832492,0.47430108870274035,-0.07527153582738612,TRUE,315,20
42,58,0.1,0.2,0.01,1,0.0916563386055058,0.43978917299022086,-0.081361511614017,TRUE,380,20
43,58,0.1,0.2,0.01,1,0.49830740323095335,0.47389520395409607,-0.07080558559250731,TRUE,362,20
44,58,0.1,0.2,0.01,1,0.1561385843758608,0.42440812870136185,-0.07565704936472245,TRUE,345,20
45,58,0.1,0.2,0.01,1,0.7509609216238836,0.5282468007196227,-0.06555377046830967,TRUE,368,20
46,58,0.1,0.2,0.01,1,NA,NA,NA,FALSE,379,20
47,58,0.1,0.2,0.01,1,0.07540097890522601,0.44754194832424427,-0.08295265443187039,TRUE,348,20
48,58,0.1,0.2,0.01,1,NA,NA,NA,FALSE,375,20
49,58,0.1,0.2,0.01,1,0.694396575388246,0.4652462360796868,-0.06669821352913297,TRUE,361,20
50,58,0.1,0.2,0.01,1,0.04283423881263334,0.47522237411480617,-0.07392100643287729,TRUE,348,20
1,59,0.1,0.05,0.02,1,4.2081205582941585,1.6213120436782673,-0.0623726326494269,TRUE,367,20
2,59,0.1,0.05,0.02,1,1.672291971524125,0.9182878813639662,-0.06784839160845686,TRUE,351,20
3,59,0.1,0.05,0.02,1,NA,NA,NA,FALSE,349,20
4,59,0.1,0.05,0.02,1,0.2208100578495309,1.1082594091431126,-0.06619871415910497,TRUE,372,20
5,59,0.1,0.05,0.02,1,NA,NA,NA,FALSE,343,20
6,59,0.1,0.05,0.02,1,0.5214598688452768,0.7516425792748417,-0.07536600325147333,TRUE,379,20
7,59,0.1,0.05,0.02,1,NA,NA,NA,FALSE,374,20
8,59,0.1,0.05,0.02,1,0.5915454065561709,0.8278892787610427,-0.07645685475067944,TRUE,327,20
9,59,0.1,0.05,0.02,1,0.02068320896778754,0.755798741902848,-0.09305416202535585,TRUE,349,20
10,59,0.1,0.05,0.02,1,NA,NA,NA,FALSE,351,20
11,59,0.1,0.05,0.02,1,0.30985239383592983,0.7970536874558956,-0.0622472232568547,TRUE,386,20
12,59,0.1,0.05,0.02,1,1.2963463793667922,1.3066654285972177,-0.06973587688305502,TRUE,380,20
13,59,0.1,0.05,0.02,1,NA,NA,NA,FALSE,378,20
14,59,0.1,0.05,0.02,1,0.1479764032288317,0.8202080458216222,-0.07057220926956209,TRUE,391,20
15,59,0.1,0.05,0.02,1,NA,NA,NA,FALSE,360,20
16,59,0.1,0.05,0.02,1,NA,NA,NA,FALSE,347,20
17,59,0.1,0.05,0.02,1,0.3434185314280071,0.8061114600007205,-0.08167660305894513,TRUE,349,20
18,59,0.1,0.05,0.02,1,NA,NA,NA,FALSE,361,20
19,59,0.1,0.05,0.02,1,0.6663551794270883,1.2323430216963287,-0.06889362284577263,TRUE,337,20
20,59,0.1,0.05,0.02,1,NA,NA,NA,FALSE,328,20
21,59,0.1,0.05,0.02,1,0.5719475787295409,0.9147543067648451,-0.08300517287506788,TRUE,358,20
22,59,0.1,0.05,0.02,1,NA,NA,NA,FALSE,341,20
23,59,0.1,0.05,0.02,1,NA,NA,NA,FALSE,348,20
24,59,0.1,0.05,0.02,1,0.06313175132463929,0.7529308746070353,-0.0671594838789456,TRUE,361,20
25,59,0.1,0.05,0.02,1,NA,NA,NA,FALSE,352,20
26,59,0.1,0.05,0.02,1,0.6188388553944543,0.6040633335236503,-0.06395795503643256,TRUE,353,20
27,59,0.1,0.05,0.02,1,NA,NA,NA,FALSE,357,20
28,59,0.1,0.05,0.02,1,0.660080297778209,1.0672685327912124,-0.07962125527676528,TRUE,356,20
29,59,0.1,0.05,0.02,1,0.24725569374921322,0.9795035568318331,-0.10306550104333172,TRUE,373,20
30,59,0.1,0.05,0.02,1,2.5610029794553633,1.0321235151788641,-0.07309748265992382,TRUE,370,20
31,59,0.1,0.05,0.02,1,1.613243946644713,1.0376982569908024,-0.0728559239055316,TRUE,352,20
32,59,0.1,0.05,0.02,1,0.276578605055451,0.7442336896339095,-0.06334849678826879,TRUE,349,20
33,59,0.1,0.05,0.02,1,0,NA,NA,FALSE,365,20
34,59,0.1,0.05,0.02,1,NA,NA,NA,FALSE,382,20
35,59,0.1,0.05,0.02,1,1.5409304420798455,1.254254787053626,-0.10599177146797127,TRUE,321,20
36,59,0.1,0.05,0.02,1,0.6222076187330193,0.8674367574145876,-0.08364050620971002,TRUE,354,20
37,59,0.1,0.05,0.02,1,NA,NA,NA,FALSE,364,20
38,59,0.1,0.05,0.02,1,NA,NA,NA,FALSE,365,20
39,59,0.1,0.05,0.02,1,NA,NA,NA,FALSE,375,20
40,59,0.1,0.05,0.02,1,0.37790987874708865,0.9216620783969443,-0.10111038679734653,TRUE,352,20
41,59,0.1,0.05,0.02,1,0.23715037733171515,1.3575689586848088,-0.06700224373865026,TRUE,355,20
42,59,0.1,0.05,0.02,1,NA,NA,NA,FALSE,360,20
43,59,0.1,0.05,0.02,1,1.855565469159005,0.7177672787190376,-0.06412406370318091,TRUE,373,20
44,59,0.1,0.05,0.02,1,0.13554560402117594,0.8059731642788314,-0.07786065857934697,TRUE,340,20
45,59,0.1,0.05,0.02,1,NA,NA,NA,FALSE,359,20
46,59,0.1,0.05,0.02,1,0.7238536447929549,1.0083739319828735,-0.07431558032176039,TRUE,355,20
47,59,0.1,0.05,0.02,1,2.449167682259525,1.0739144273824284,-0.09050734725457195,TRUE,376,20
48,59,0.1,0.05,0.02,1,1.6534281288001675,1.0277990926062222,-0.0808624516248589,TRUE,365,20
49,59,0.1,0.05,0.02,1,0.6166971494137602,1.0380801487545643,-0.07767260372827124,TRUE,352,20
50,59,0.1,0.05,0.02,1,0.8281962863324188,0.9478733884174805,-0.07942084877593951,TRUE,350,20
1,60,0.1,0.09,0.02,1,NA,NA,NA,FALSE,361,20
2,60,0.1,0.09,0.02,1,NA,NA,NA,FALSE,340,20
3,60,0.1,0.09,0.02,1,0.9968319550004793,0.8330922640143802,-0.08171634179879426,TRUE,350,20
4,60,0.1,0.09,0.02,1,0,0,-0.07713352983733407,TRUE,362,20
5,60,0.1,0.09,0.02,1,NA,NA,NA,FALSE,367,20
6,60,0.1,0.09,0.02,1,0.46432721623419565,0.6797324761745018,-0.06988729972746456,TRUE,340,20
7,60,0.1,0.09,0.02,1,0.6807183500136201,0.6653564131775623,-0.09386937339094427,TRUE,332,20
8,60,0.1,0.09,0.02,1,NA,NA,NA,FALSE,382,20
9,60,0.1,0.09,0.02,1,NA,NA,NA,FALSE,360,20
10,60,0.1,0.09,0.02,1,NA,NA,NA,FALSE,331,20
11,60,0.1,0.09,0.02,1,NA,NA,NA,FALSE,330,20
12,60,0.1,0.09,0.02,1,NA,NA,NA,FALSE,383,20
13,60,0.1,0.09,0.02,1,0.007418070734822727,0.7414744286329897,-0.061492822320595594,TRUE,364,20
14,60,0.1,0.09,0.02,1,NA,NA,NA,FALSE,375,20
15,60,0.1,0.09,0.02,1,0.2204618002889027,0.7506744956062984,-0.067735335277176,TRUE,350,20
16,60,0.1,0.09,0.02,1,NA,NA,NA,FALSE,337,20
17,60,0.1,0.09,0.02,1,NA,NA,NA,FALSE,365,20
18,60,0.1,0.09,0.02,1,0.9102394033784025,0.5846292117026017,-0.07178496291694537,TRUE,358,20
19,60,0.1,0.09,0.02,1,0.24691506439362929,0.8073041839414516,-0.07007156336550875,TRUE,349,20
20,60,0.1,0.09,0.02,1,0.20183208747261303,0.8167740266953486,-0.07698167060856294,TRUE,393,20
21,60,0.1,0.09,0.02,1,3.505673414512558e-4,0.555922947065661,-0.07137713502576253,TRUE,359,20
22,60,0.1,0.09,0.02,1,0.1300128687034568,0.5338507086592366,-0.08338672984270293,TRUE,358,20
23,60,0.1,0.09,0.02,1,0.3730392935052064,0.5698463500164536,-0.06088189741713203,TRUE,359,20
24,60,0.1,0.09,0.02,1,NA,NA,NA,FALSE,357,20
25,60,0.1,0.09,0.02,1,NA,NA,NA,FALSE,380,20
26,60,0.1,0.09,0.02,1,NA,NA,NA,FALSE,349,20
27,60,0.1,0.09,0.02,1,NA,NA,NA,FALSE,338,20
28,60,0.1,0.09,0.02,1,0.1846522470962189,0.6097259832765031,-0.05401807638990587,TRUE,350,20
29,60,0.1,0.09,0.02,1,NA,NA,NA,FALSE,346,20
30,60,0.1,0.09,0.02,1,NA,NA,NA,FALSE,376,20
31,60,0.1,0.09,0.02,1,NA,NA,NA,FALSE,336,20
32,60,0.1,0.09,0.02,1,NA,NA,NA,FALSE,355,20
33,60,0.1,0.09,0.02,1,0,0,-0.09862257184101968,TRUE,351,20
34,60,0.1,0.09,0.02,1,0.07208299165173294,0.5914529848009936,-0.06157769784689181,TRUE,337,20
35,60,0.1,0.09,0.02,1,0.12782630270462883,0.6145482570768758,-0.06785817437668222,TRUE,359,20
36,60,0.1,0.09,0.02,1,NA,NA,NA,FALSE,384,20
37,60,0.1,0.09,0.02,1,0.8628264519407994,0.5750557716881467,-0.09733207616028988,TRUE,382,20
38,60,0.1,0.09,0.02,1,NA,NA,NA,FALSE,360,20
39,60,0.1,0.09,0.02,1,0.26456855018914816,0.7065881941681776,-0.08540484513238017,TRUE,358,20
40,60,0.1,0.09,0.02,1,NA,NA,NA,FALSE,352,20
41,60,0.1,0.09,0.02,1,0.27872113560460005,0.5674022718294363,-0.061694679917488435,TRUE,379,20
42,60,0.1,0.09,0.02,1,NA,NA,NA,FALSE,373,20
43,60,0.1,0.09,0.02,1,0.7497454453358849,0.7616067224163152,-0.07493933548504163,TRUE,365,20
44,60,0.1,0.09,0.02,1,NA,NA,NA,FALSE,379,20
45,60,0.1,0.09,0.02,1,NA,NA,NA,FALSE,384,20
46,60,0.1,0.09,0.02,1,NA,NA,NA,FALSE,362,20
47,60,0.1,0.09,0.02,1,NA,NA,NA,FALSE,360,20
48,60,0.1,0.09,0.02,1,0.986950100404093,0.7694128890033891,-0.06833188646338739,TRUE,356,20
49,60,0.1,0.09,0.02,1,NA,NA,NA,FALSE,373,20
50,60,0.1,0.09,0.02,1,NA,NA,NA,FALSE,352,20
1,61,0.1,0.15,0.02,1,NA,NA,NA,FALSE,322,20
2,61,0.1,0.15,0.02,1,0.3469645357036644,0.49545736129625834,-0.08153474675779786,TRUE,371,20
3,61,0.1,0.15,0.02,1,0.14311021181979136,0.6511792528853636,-0.08462469374781377,TRUE,375,20
4,61,0.1,0.15,0.02,1,0.2281484322419877,0.6783172013189305,-0.07310424294326787,TRUE,366,20
5,61,0.1,0.15,0.02,1,NA,NA,NA,FALSE,367,20
6,61,0.1,0.15,0.02,1,NA,NA,NA,FALSE,329,20
7,61,0.1,0.15,0.02,1,0.060839487650730835,0.47894136008197113,-0.09829068235933018,TRUE,354,20
8,61,0.1,0.15,0.02,1,0.8231526209738383,0.5172107246144028,-0.076411426377551,TRUE,381,20
9,61,0.1,0.15,0.02,1,NA,NA,NA,FALSE,375,20
10,61,0.1,0.15,0.02,1,0.018283894872133097,0.50357184767674,-0.06661449774986712,TRUE,333,20
11,61,0.1,0.15,0.02,1,0.7824825513663498,0.5261997958947527,-0.06489448377936571,TRUE,357,20
12,61,0.1,0.15,0.02,1,0.3178057650543707,0.482314975486921,-0.06078698307339438,TRUE,372,20
13,61,0.1,0.15,0.02,1,0.19969989805721675,0.5526916305365157,-0.06981038266422931,TRUE,349,20
14,61,0.1,0.15,0.02,1,NA,NA,NA,FALSE,379,20
15,61,0.1,0.15,0.02,1,NA,NA,NA,FALSE,346,20
16,61,0.1,0.15,0.02,1,NA,NA,NA,FALSE,350,20
17,61,0.1,0.15,0.02,1,0,NA,NA,FALSE,385,20
18,61,0.1,0.15,0.02,1,0.577892985495625,0.5211166313574326,-0.07558598373466072,TRUE,353,20
19,61,0.1,0.15,0.02,1,NA,NA,NA,FALSE,380,20
20,61,0.1,0.15,0.02,1,0.1643692455138092,0.5841646794839649,-0.06289480763117135,TRUE,359,20
21,61,0.1,0.15,0.02,1,0.6266368946966702,0.5301339181404608,-0.07424491841798792,TRUE,337,20
22,61,0.1,0.15,0.02,1,0.29482172267902834,0.6180321731292688,-0.06923179444412457,TRUE,325,20
23,61,0.1,0.15,0.02,1,0.991553416168268,0.6300081580186104,-0.08836645403063183,TRUE,323,20
24,61,0.1,0.15,0.02,1,0.8139198017771881,0.562662991800228,-0.061646119773336505,TRUE,335,20
25,61,0.1,0.15,0.02,1,0.13600860112326224,0.5562602164656754,-0.06901548647274991,TRUE,361,20
26,61,0.1,0.15,0.02,1,0,NA,NA,FALSE,378,20
27,61,0.1,0.15,0.02,1,0.5983191600364375,0.5127345836970406,-0.08521593446353343,TRUE,379,20
28,61,0.1,0.15,0.02,1,0.5840371253683648,0.6207155641413066,-0.061989832737367634,TRUE,351,20
29,61,0.1,0.15,0.02,1,NA,NA,NA,FALSE,369,20
30,61,0.1,0.15,0.02,1,0.5427615670757688,0.5063013414715454,-0.06098028691917608,TRUE,360,20
31,61,0.1,0.15,0.02,1,1.210178150577543,0.5095387155763569,-0.08620983600727805,TRUE,346,20
32,61,0.1,0.15,0.02,1,1.6259685066398621,0.5772513958813525,-0.07936487607670457,TRUE,351,20
33,61,0.1,0.15,0.02,1,NA,NA,NA,FALSE,350,20
34,61,0.1,0.15,0.02,1,NA,NA,NA,FALSE,353,20
35,61,0.1,0.15,0.02,1,0.025623347255342453,0.5701508337847684,-0.08040850216342697,TRUE,358,20
36,61,0.1,0.15,0.02,1,NA,NA,NA,FALSE,385,20
37,61,0.1,0.15,0.02,1,0.5551695490051267,0.537356235704252,-0.08201305758470197,TRUE,360,20
38,61,0.1,0.15,0.02,1,NA,NA,NA,FALSE,371,20
39,61,0.1,0.15,0.02,1,0.45932564735908477,0.6060827144411708,-0.07781012745259379,TRUE,378,20
40,61,0.1,0.15,0.02,1,NA,NA,NA,FALSE,329,20
41,61,0.1,0.15,0.02,1,0.08546590053430587,0.45735404193304013,-0.0667299895614393,TRUE,368,20
42,61,0.1,0.15,0.02,1,NA,NA,NA,FALSE,383,20
43,61,0.1,0.15,0.02,1,0.27971213896090436,0.5339308183943545,-0.06601549802025539,TRUE,378,20
44,61,0.1,0.15,0.02,1,0.19556462443163636,0.5265532644538368,-0.08590303097312275,TRUE,355,20
45,61,0.1,0.15,0.02,1,NA,NA,NA,FALSE,377,20
46,61,0.1,0.15,0.02,1,0.05053865168766029,0.5607053768922724,-0.0683592440593009,TRUE,349,20
47,61,0.1,0.15,0.02,1,0.29845411618527545,0.5906198055630428,-0.06856876263774211,TRUE,317,20
48,61,0.1,0.15,0.02,1,0.3578889137815436,0.5098443136408012,-0.0945860147893189,TRUE,348,20
49,61,0.1,0.15,0.02,1,0.8923830032120919,0.5065858681671013,-0.07633042190354444,TRUE,356,20
50,61,0.1,0.15,0.02,1,0.226409179990534,0.48085316345151674,-0.057400171130201,TRUE,369,20
1,62,0.1,0.2,0.02,1,NA,NA,NA,FALSE,340,20
2,62,0.1,0.2,0.02,1,0.4078709077180009,0.5092854874618123,-0.06702203318531638,TRUE,389,20
3,62,0.1,0.2,0.02,1,0.31888661098000304,0.45085740015951575,-0.09038520505059143,TRUE,358,20
4,62,0.1,0.2,0.02,1,0.06485641795512087,0.4422800968632955,-0.07499030096923988,TRUE,387,20
5,62,0.1,0.2,0.02,1,0.5820000085775731,0.4456674892540251,-0.07852152132510742,TRUE,381,20
6,62,0.1,0.2,0.02,1,0.10102687759758552,0.4186600477370097,-0.05931860433285231,TRUE,355,20
7,62,0.1,0.2,0.02,1,0.14667239823072592,0.4390262309120937,-0.08377829587271604,TRUE,382,20
8,62,0.1,0.2,0.02,1,0,NA,NA,FALSE,350,20
9,62,0.1,0.2,0.02,1,NA,NA,NA,FALSE,360,20
10,62,0.1,0.2,0.02,1,NA,NA,NA,FALSE,350,20
11,62,0.1,0.2,0.02,1,0.5187877351760607,0.4570300747891057,-0.08152685575735627,TRUE,358,20
12,62,0.1,0.2,0.02,1,0,NA,NA,FALSE,364,20
13,62,0.1,0.2,0.02,1,0.5537278806573356,0.4167746992796482,-0.09302083202181824,TRUE,367,20
14,62,0.1,0.2,0.02,1,1.030952086605744,0.47057132996168977,-0.07796783075648342,TRUE,368,20
15,62,0.1,0.2,0.02,1,0.007117579976966131,0.47886817466359016,-0.09911987830054961,TRUE,338,20
16,62,0.1,0.2,0.02,1,0.0325064521880197,0.4284090043696011,-0.07874507338514421,TRUE,384,20
17,62,0.1,0.2,0.02,1,NA,NA,NA,FALSE,381,20
18,62,0.1,0.2,0.02,1,NA,NA,NA,FALSE,386,20
19,62,0.1,0.2,0.02,1,0.6897618651456734,0.46634577864399895,-0.06708742224654646,TRUE,351,20
20,62,0.1,0.2,0.02,1,0.20675541624103913,0.4470681291941339,-0.08464122077946869,TRUE,353,20
21,62,0.1,0.2,0.02,1,0.015114986847817757,0.5660375489491739,-0.06659632983146357,TRUE,322,20
22,62,0.1,0.2,0.02,1,0.019252813823554017,0.4532719655399445,-0.06585868724357928,TRUE,347,20
23,62,0.1,0.2,0.02,1,NA,NA,NA,FALSE,345,20
24,62,0.1,0.2,0.02,1,0.9308368640481991,0.41655789411847005,-0.07750421817955945,TRUE,359,20
25,62,0.1,0.2,0.02,1,NA,NA,NA,FALSE,359,20
26,62,0.1,0.2,0.02,1,0.09257339546730818,0.5934023165389676,-0.06885935811450038,TRUE,366,20
27,62,0.1,0.2,0.02,1,0.4078476144735274,0.4367626005518005,-0.0788959155412942,TRUE,362,20
28,62,0.1,0.2,0.02,1,NA,NA,NA,FALSE,350,20
29,62,0.1,0.2,0.02,1,NA,NA,NA,FALSE,335,20
30,62,0.1,0.2,0.02,1,0.49121291017114405,0.5357997383369146,-0.06192361091392809,TRUE,378,20
31,62,0.1,0.2,0.02,1,0.3275599367361648,0.5019148637875206,-0.0849574615660823,TRUE,382,20
32,62,0.1,0.2,0.02,1,NA,NA,NA,FALSE,342,20
33,62,0.1,0.2,0.02,1,0.09804578539202516,0.49628491865711205,-0.06330905051819835,TRUE,384,20
34,62,0.1,0.2,0.02,1,0.44698632271877903,0.5116843018800554,-0.07108230958844826,TRUE,341,20
35,62,0.1,0.2,0.02,1,0,0,-0.08082440743496176,TRUE,341,20
36,62,0.1,0.2,0.02,1,NA,NA,NA,FALSE,368,20
37,62,0.1,0.2,0.02,1,NA,NA,NA,FALSE,370,20
38,62,0.1,0.2,0.02,1,0,NA,NA,FALSE,348,20
39,62,0.1,0.2,0.02,1,NA,NA,NA,FALSE,366,20
40,62,0.1,0.2,0.02,1,NA,NA,NA,FALSE,363,20
41,62,0.1,0.2,0.02,1,NA,NA,NA,FALSE,351,20
42,62,0.1,0.2,0.02,1,0,0,-0.07508828066048578,TRUE,375,20
43,62,0.1,0.2,0.02,1,NA,NA,NA,FALSE,362,20
44,62,0.1,0.2,0.02,1,0.8495244003643054,0.5026370533002033,-0.07942122369795256,TRUE,370,20
45,62,0.1,0.2,0.02,1,0.37053394074906,0.4104212133150885,-0.07262704065960435,TRUE,384,20
46,62,0.1,0.2,0.02,1,0.2796762728365135,0.5155319436553488,-0.09030330628120062,TRUE,347,20
47,62,0.1,0.2,0.02,1,NA,NA,NA,FALSE,344,20
48,62,0.1,0.2,0.02,1,0.04965090505425809,0.45252173043552135,-0.0762607289254834,TRUE,380,20
49,62,0.1,0.2,0.02,1,NA,NA,NA,FALSE,352,20
50,62,0.1,0.2,0.02,1,NA,NA,NA,FALSE,360,20
1,63,0.1,0.05,0.03,1,1.1073043270338352,0.871266366174149,-0.08068658367211694,TRUE,365,20
2,63,0.1,0.05,0.03,1,1.1418117634584495,1.4045484107225492,-0.06610138637535874,TRUE,348,20
3,63,0.1,0.05,0.03,1,1.4208005069694931,0.9098802442651915,-0.0629199220888775,TRUE,320,20
4,63,0.1,0.05,0.03,1,NA,NA,NA,FALSE,362,20
5,63,0.1,0.05,0.03,1,NA,NA,NA,FALSE,344,20
6,63,0.1,0.05,0.03,1,NA,NA,NA,FALSE,327,20
7,63,0.1,0.05,0.03,1,NA,NA,NA,FALSE,370,20
8,63,0.1,0.05,0.03,1,0.3865012697464975,1.0252167978977633,-0.08415030597299186,TRUE,340,20
9,63,0.1,0.05,0.03,1,0.7263109980194973,0.9934991315038856,-0.07556210724353073,TRUE,373,20
10,63,0.1,0.05,0.03,1,0.5059553157438215,0.8513860224823766,-0.09211831270331837,TRUE,374,20
11,63,0.1,0.05,0.03,1,0.1342809655855563,0.673279907691917,-0.07176408800811417,TRUE,376,20
12,63,0.1,0.05,0.03,1,1.0702216173655177,0.8041479593301101,-0.06608351622469064,TRUE,355,20
13,63,0.1,0.05,0.03,1,NA,NA,NA,FALSE,363,20
14,63,0.1,0.05,0.03,1,0.49622273980982606,1.2852860716760595,-0.07887203944117123,TRUE,375,20
15,63,0.1,0.05,0.03,1,NA,NA,NA,FALSE,350,20
16,63,0.1,0.05,0.03,1,NA,NA,NA,FALSE,370,20
17,63,0.1,0.05,0.03,1,0.48087656136775386,0.6199241095687944,-0.07386190871666347,TRUE,356,20
18,63,0.1,0.05,0.03,1,NA,NA,NA,FALSE,335,20
19,63,0.1,0.05,0.03,1,NA,NA,NA,FALSE,384,20
20,63,0.1,0.05,0.03,1,NA,NA,NA,FALSE,337,20
21,63,0.1,0.05,0.03,1,1.0716040280116057,0.8725516572339506,-0.07169263373222798,TRUE,324,20
22,63,0.1,0.05,0.03,1,NA,NA,NA,FALSE,345,20
23,63,0.1,0.05,0.03,1,NA,NA,NA,FALSE,330,20
24,63,0.1,0.05,0.03,1,0.4461706516091651,0.7009940315325468,-0.08375618360649953,TRUE,342,20
25,63,0.1,0.05,0.03,1,NA,NA,NA,FALSE,356,20
26,63,0.1,0.05,0.03,1,0.36255907245466384,0.8386870410479387,-0.0662210005147599,TRUE,371,20
27,63,0.1,0.05,0.03,1,0.22001864306939187,0.8230902127819779,-0.06635668652444802,TRUE,368,20
28,63,0.1,0.05,0.03,1,0.43837355587420973,0.7490427693737591,-0.058585023793547665,TRUE,391,20
29,63,0.1,0.05,0.03,1,NA,NA,NA,FALSE,369,20
30,63,0.1,0.05,0.03,1,0.8105105136107443,1.1673221088193928,-0.08149219842072263,TRUE,363,20
31,63,0.1,0.05,0.03,1,NA,NA,NA,FALSE,361,20
32,63,0.1,0.05,0.03,1,0.6257139914778296,1.2056056734917446,-0.07172811379302893,TRUE,346,20
33,63,0.1,0.05,0.03,1,NA,NA,NA,FALSE,363,20
34,63,0.1,0.05,0.03,1,0.853886143086336,0.9596377858367514,-0.07021015450890591,TRUE,343,20
35,63,0.1,0.05,0.03,1,0.7774797299054843,1.1115195547616519,-0.06542767080735297,TRUE,340,20
36,63,0.1,0.05,0.03,1,NA,NA,NA,FALSE,355,20
37,63,0.1,0.05,0.03,1,1.372836434905077,0.9788471208366526,-0.07226064720181938,TRUE,354,20
38,63,0.1,0.05,0.03,1,0.17137782601906912,0.7843432932819098,-0.07040398753171391,TRUE,338,20
39,63,0.1,0.05,0.03,1,0.4416374500751882,0.7947232256768629,-0.08095196588764954,TRUE,350,20
40,63,0.1,0.05,0.03,1,1.3988019147452475,0.9511324555559217,-0.0872253458219818,TRUE,352,20
41,63,0.1,0.05,0.03,1,NA,NA,NA,FALSE,369,20
42,63,0.1,0.05,0.03,1,NA,NA,NA,FALSE,357,20
43,63,0.1,0.05,0.03,1,0.4621390661735946,0.7878953325328324,-0.07421165470331412,TRUE,361,20
44,63,0.1,0.05,0.03,1,NA,NA,NA,FALSE,407,20
45,63,0.1,0.05,0.03,1,0.6114647314799024,0.9510283245480146,-0.0883625862518512,TRUE,368,20
46,63,0.1,0.05,0.03,1,0.16262766157894518,0.6710213271402431,-0.07069406017052605,TRUE,348,20
47,63,0.1,0.05,0.03,1,NA,NA,NA,FALSE,349,20
48,63,0.1,0.05,0.03,1,NA,NA,NA,FALSE,371,20
49,63,0.1,0.05,0.03,1,NA,NA,NA,FALSE,340,20
50,63,0.1,0.05,0.03,1,NA,NA,NA,FALSE,382,20
1,64,0.1,0.09,0.03,1,1.5527038380497542,0.8699308045178851,-0.0769367903695566,TRUE,367,20
2,64,0.1,0.09,0.03,1,NA,NA,NA,FALSE,360,20
3,64,0.1,0.09,0.03,1,NA,NA,NA,FALSE,355,20
4,64,0.1,0.09,0.03,1,0.0412573538678475,0.5915547077674984,-0.08272935542204364,TRUE,375,20
5,64,0.1,0.09,0.03,1,NA,NA,NA,FALSE,356,20
6,64,0.1,0.09,0.03,1,0.14941484593990903,0.7842484282453851,-0.081073394623167,TRUE,322,20
7,64,0.1,0.09,0.03,1,0.06890464341545467,0.9194759950867957,-0.0894467478904973,TRUE,338,20
8,64,0.1,0.09,0.03,1,0.1800037323099687,0.6776609335326355,-0.08498225785578226,TRUE,355,20
9,64,0.1,0.09,0.03,1,NA,NA,NA,FALSE,359,20
10,64,0.1,0.09,0.03,1,1.2717303274659353,0.7706683386443592,-0.0746612426997088,TRUE,359,20
11,64,0.1,0.09,0.03,1,0.24827731150118465,0.6017480290422359,-0.0835676020446412,TRUE,350,20
12,64,0.1,0.09,0.03,1,NA,NA,NA,FALSE,374,20
13,64,0.1,0.09,0.03,1,0.39693739651350424,0.5949475085183821,-0.05869893853420581,TRUE,340,20
14,64,0.1,0.09,0.03,1,0.4023361056592743,0.6459108309282701,-0.05713123264173225,TRUE,358,20
15,64,0.1,0.09,0.03,1,NA,NA,NA,FALSE,346,20
16,64,0.1,0.09,0.03,1,0.4544648665223452,0.6115866671271258,-0.07976143274735026,TRUE,382,20
17,64,0.1,0.09,0.03,1,0.6931824657636609,0.6602269863802598,-0.06378443746398477,TRUE,337,20
18,64,0.1,0.09,0.03,1,NA,NA,NA,FALSE,366,20
19,64,0.1,0.09,0.03,1,NA,NA,NA,FALSE,340,20
20,64,0.1,0.09,0.03,1,NA,NA,NA,FALSE,382,20
21,64,0.1,0.09,0.03,1,0.7332587329786704,0.8355094513055253,-0.06816663472415121,TRUE,345,20
22,64,0.1,0.09,0.03,1,NA,NA,NA,FALSE,364,20
23,64,0.1,0.09,0.03,1,0.9068205237331983,0.5160196378309703,-0.06741585949733994,TRUE,396,20
24,64,0.1,0.09,0.03,1,0.042705754243441627,0.6519523306702417,-0.0800947559738925,TRUE,355,20
25,64,0.1,0.09,0.03,1,0.02003024693609162,0.8160697813022868,-0.0634288211645391,TRUE,371,20
26,64,0.1,0.09,0.03,1,0.6263071579650731,0.5678635251539292,-0.07053579075080903,TRUE,377,20
27,64,0.1,0.09,0.03,1,NA,NA,NA,FALSE,355,20
28,64,0.1,0.09,0.03,1,NA,NA,NA,FALSE,352,20
29,64,0.1,0.09,0.03,1,0.789824755353829,0.8957350969847663,-0.07469213970326824,TRUE,369,20
30,64,0.1,0.09,0.03,1,0.3315539161909469,0.7612442421905498,-0.057767966297827156,TRUE,355,20
31,64,0.1,0.09,0.03,1,NA,NA,NA,FALSE,331,20
32,64,0.1,0.09,0.03,1,1.9968782233701232,0.7486009573529093,-0.07530912649613108,TRUE,379,20
33,64,0.1,0.09,0.03,1,0.12084316684256666,0.6477049865731461,-0.06513234555223502,TRUE,342,20
34,64,0.1,0.09,0.03,1,NA,NA,NA,FALSE,340,20
35,64,0.1,0.09,0.03,1,0.08285278357422728,0.5804826327899989,-0.07480106528221682,TRUE,392,20
36,64,0.1,0.09,0.03,1,0.14863007787010935,0.7305831235179111,-0.09883239051463227,TRUE,354,20
37,64,0.1,0.09,0.03,1,0.325663202671278,0.7674774023766424,-0.09787843514451947,TRUE,337,20
38,64,0.1,0.09,0.03,1,0.39881985869248665,0.7076215416542911,-0.08379227526086452,TRUE,379,20
39,64,0.1,0.09,0.03,1,0.1358218368432194,0.8147483797948365,-0.06374295990984025,TRUE,378,20
40,64,0.1,0.09,0.03,1,0.4803538170136669,0.5614050923157342,-0.08318517214260736,TRUE,345,20
41,64,0.1,0.09,0.03,1,0.3697065601109753,0.578789284123096,-0.08313698618592892,TRUE,356,20
42,64,0.1,0.09,0.03,1,0.23035042422363447,0.5608895039449273,-0.08968670606322274,TRUE,364,20
43,64,0.1,0.09,0.03,1,0.18513210252258847,0.652220056062549,-0.07515874879974738,TRUE,379,20
44,64,0.1,0.09,0.03,1,0.5556647845411207,0.6209802289681077,-0.0693380650666219,TRUE,374,20
45,64,0.1,0.09,0.03,1,0.5745308366507471,0.6403631744482211,-0.07509722920638298,TRUE,353,20
46,64,0.1,0.09,0.03,1,1.1831641631722085,0.637887928299674,-0.06737154455339191,TRUE,361,20
47,64,0.1,0.09,0.03,1,0.7913892558656018,0.7376625933416183,-0.07139750175945749,TRUE,370,20
48,64,0.1,0.09,0.03,1,0.056986338383684144,0.6183844755081433,-0.0816773563116977,TRUE,348,20
49,64,0.1,0.09,0.03,1,0,0,-0.06776915671454699,TRUE,356,20
50,64,0.1,0.09,0.03,1,0,NA,NA,FALSE,311,20
1,65,0.1,0.15,0.03,1,NA,NA,NA,FALSE,350,20
2,65,0.1,0.15,0.03,1,0.6138583475833682,0.6458271412006613,-0.08210260618143368,TRUE,352,20
3,65,0.1,0.15,0.03,1,0.49662511754116023,0.5477053279600933,-0.0667798790850658,TRUE,337,20
4,65,0.1,0.15,0.03,1,NA,NA,NA,FALSE,357,20
5,65,0.1,0.15,0.03,1,NA,NA,NA,FALSE,369,20
6,65,0.1,0.15,0.03,1,0.24824071660147765,0.4930788484745118,-0.06598688834211307,TRUE,367,20
7,65,0.1,0.15,0.03,1,0.1131711027474545,0.48660989271669625,-0.06193805616917544,TRUE,384,20
8,65,0.1,0.15,0.03,1,1.0129259801251151,0.4619991754438842,-0.06122594143059678,TRUE,371,20
9,65,0.1,0.15,0.03,1,0.7692167918308593,0.5074702705771569,-0.06173785294537817,TRUE,370,20
10,65,0.1,0.15,0.03,1,NA,NA,NA,FALSE,364,20
11,65,0.1,0.15,0.03,1,1.6575403067530579,0.5780265460405537,-0.06172360378002448,TRUE,353,20
12,65,0.1,0.15,0.03,1,0.30608149900460907,0.5393970023714265,-0.09698210248789405,TRUE,362,20
13,65,0.1,0.15,0.03,1,NA,NA,NA,FALSE,414,20
14,65,0.1,0.15,0.03,1,0.12339365985838706,0.4954607979650811,-0.06666016319929183,TRUE,347,20
15,65,0.1,0.15,0.03,1,0.0970870932054129,0.511666708193281,-0.0745509996279259,TRUE,349,20
16,65,0.1,0.15,0.03,1,0.4823726911449565,0.4446452341859771,-0.08260811497361165,TRUE,353,20
17,65,0.1,0.15,0.03,1,NA,NA,NA,FALSE,376,20
18,65,0.1,0.15,0.03,1,0.9579150031857124,0.6174307610150772,-0.06946903879965285,TRUE,352,20
19,65,0.1,0.15,0.03,1,0.1565664636768487,0.5642724197326433,-0.08111496765762817,TRUE,364,20
20,65,0.1,0.15,0.03,1,NA,NA,NA,FALSE,382,20
21,65,0.1,0.15,0.03,1,2.1360571428945554,0.5616447553495455,-0.08465275229486638,TRUE,349,20
22,65,0.1,0.15,0.03,1,NA,NA,NA,FALSE,356,20
23,65,0.1,0.15,0.03,1,0.3121908987675542,0.4816214981423429,-0.08455263568635127,TRUE,372,20
24,65,0.1,0.15,0.03,1,NA,NA,NA,FALSE,360,20
25,65,0.1,0.15,0.03,1,0.13073970671480142,0.544417395951525,-0.07675938594563932,TRUE,375,20
26,65,0.1,0.15,0.03,1,0.2222508476440616,0.5233731597031861,-0.08020612874473364,TRUE,355,20
27,65,0.1,0.15,0.03,1,NA,NA,NA,FALSE,348,20
28,65,0.1,0.15,0.03,1,0.3344375819815118,0.5537160317236309,-0.08285769017107843,TRUE,359,20
29,65,0.1,0.15,0.03,1,0.19490522071582364,0.5095141326585293,-0.07088831860275598,TRUE,376,20
30,65,0.1,0.15,0.03,1,0.5924812493745081,0.6072991297206456,-0.06756231050921972,TRUE,336,20
31,65,0.1,0.15,0.03,1,0.27367126838738104,0.5840042220925733,-0.06762800194396026,TRUE,334,20
32,65,0.1,0.15,0.03,1,1.3001212180612867,0.5603539554077208,-0.07998312942542946,TRUE,367,20
33,65,0.1,0.15,0.03,1,NA,NA,NA,FALSE,353,20
34,65,0.1,0.15,0.03,1,0.8578554430398779,0.4961205554278722,-0.062484627555878136,TRUE,343,20
35,65,0.1,0.15,0.03,1,0.6817192210002468,0.4427970838905358,-0.0586720613968845,TRUE,361,20
36,65,0.1,0.15,0.03,1,NA,NA,NA,FALSE,365,20
37,65,0.1,0.15,0.03,1,0.18153461105152674,0.5904925960959002,-0.09095423729301398,TRUE,321,20
38,65,0.1,0.15,0.03,1,0.46650292880350674,0.49194985738189934,-0.06271338251348507,TRUE,352,20
39,65,0.1,0.15,0.03,1,0.5836577450434064,0.5923634301169244,-0.05760259190147053,TRUE,362,20
40,65,0.1,0.15,0.03,1,NA,NA,NA,FALSE,393,20
41,65,0.1,0.15,0.03,1,0.928568439934892,0.5675335279665907,-0.07205738101378223,TRUE,332,20
42,65,0.1,0.15,0.03,1,NA,NA,NA,FALSE,356,20
43,65,0.1,0.15,0.03,1,0.5243641380846427,0.5569355426369841,-0.06752554527994689,TRUE,354,20
44,65,0.1,0.15,0.03,1,NA,NA,NA,FALSE,379,20
45,65,0.1,0.15,0.03,1,0.0807630611134493,0.5076097102014949,-0.07125243640065325,TRUE,406,20
46,65,0.1,0.15,0.03,1,0.1014055306232863,0.7205265580013354,-0.08357589143620656,TRUE,354,20
47,65,0.1,0.15,0.03,1,0.46433351291770586,0.6783349238787055,-0.07103016606439742,TRUE,345,20
48,65,0.1,0.15,0.03,1,0.43843414121206264,0.5380586745632376,-0.07063315700324799,TRUE,367,20
49,65,0.1,0.15,0.03,1,0.006076533273699593,0.46144479459179377,-0.07424641357938921,TRUE,391,20
50,65,0.1,0.15,0.03,1,NA,NA,NA,FALSE,352,20
1,66,0.1,0.2,0.03,1,0.5320986350456006,0.43587280293885694,-0.06989178002870738,TRUE,373,20
2,66,0.1,0.2,0.03,1,0.1323447164641677,0.5317446610313112,-0.06286412357414256,TRUE,333,20
3,66,0.1,0.2,0.03,1,NA,NA,NA,FALSE,379,20
4,66,0.1,0.2,0.03,1,0.37196778811119086,0.44799396763954513,-0.08442262874449434,TRUE,381,20
5,66,0.1,0.2,0.03,1,0.14955618426761982,0.45739290275284006,-0.09156414114108817,TRUE,356,20
6,66,0.1,0.2,0.03,1,NA,NA,NA,FALSE,346,20
7,66,0.1,0.2,0.03,1,NA,NA,NA,FALSE,385,20
8,66,0.1,0.2,0.03,1,0.31936629737015393,0.3988180250697071,-0.07958564431872468,TRUE,358,20
9,66,0.1,0.2,0.03,1,NA,NA,NA,FALSE,349,20
10,66,0.1,0.2,0.03,1,0.14176554908389372,0.4630308231636318,-0.06864559435172127,TRUE,367,20
11,66,0.1,0.2,0.03,1,0,0,-0.07422135924229278,TRUE,311,20
12,66,0.1,0.2,0.03,1,NA,NA,NA,FALSE,357,20
13,66,0.1,0.2,0.03,1,0.061067037877673445,0.5003605216907014,-0.05147080938715154,TRUE,365,20
14,66,0.1,0.2,0.03,1,0.013271579654030766,0.532664107064436,-0.07613850253920548,TRUE,378,20
15,66,0.1,0.2,0.03,1,0.05348397446785776,0.4523793911724689,-0.0839657264025488,TRUE,376,20
16,66,0.1,0.2,0.03,1,0.20962010910134576,0.4553389587956563,-0.07071640272250407,TRUE,347,20
17,66,0.1,0.2,0.03,1,0.22605095161111188,0.5912409378541904,-0.0813856767595816,TRUE,339,20
18,66,0.1,0.2,0.03,1,NA,NA,NA,FALSE,371,20
19,66,0.1,0.2,0.03,1,0.7531150913070896,0.4517101098363077,-0.0823013606968555,TRUE,344,20
20,66,0.1,0.2,0.03,1,NA,NA,NA,FALSE,313,20
21,66,0.1,0.2,0.03,1,0.0916977357842241,0.5065342838646576,-0.07013359479605943,TRUE,381,20
22,66,0.1,0.2,0.03,1,1.205737378197353,0.5382259207730505,-0.09204755719720145,TRUE,337,20
23,66,0.1,0.2,0.03,1,0.3637400828174792,0.521325854087664,-0.09286584329141774,TRUE,346,20
24,66,0.1,0.2,0.03,1,0,NA,NA,FALSE,366,20
25,66,0.1,0.2,0.03,1,0.44853473861286,0.40961759498573924,-0.08597189612508302,TRUE,373,20
26,66,0.1,0.2,0.03,1,0.5956248596253717,0.43848838645333316,-0.07873614969396969,TRUE,399,20
27,66,0.1,0.2,0.03,1,NA,NA,NA,FALSE,370,20
28,66,0.1,0.2,0.03,1,NA,NA,NA,FALSE,334,20
29,66,0.1,0.2,0.03,1,0.8838977694758943,0.5076747233163362,-0.07726137141556012,TRUE,349,20
30,66,0.1,0.2,0.03,1,0.3507057004408075,0.48027172212454433,-0.06681959446488751,TRUE,340,20
31,66,0.1,0.2,0.03,1,0.22639572129633684,0.4595674557417931,-0.07972333211301728,TRUE,370,20
32,66,0.1,0.2,0.03,1,0.13533923262805925,0.5038055387806963,-0.07979993621472703,TRUE,344,20
33,66,0.1,0.2,0.03,1,0.6021605298868069,0.46038100639780083,-0.08306408993816353,TRUE,336,20
34,66,0.1,0.2,0.03,1,0,NA,NA,FALSE,363,20
35,66,0.1,0.2,0.03,1,0.09237431317571229,0.47399752391729805,-0.08214392905171965,TRUE,345,20
36,66,0.1,0.2,0.03,1,NA,NA,NA,FALSE,350,20
37,66,0.1,0.2,0.03,1,0.3742760039631236,0.4925956974050138,-0.0665388984886552,TRUE,362,20
38,66,0.1,0.2,0.03,1,0.05727117336154098,0.38850441925664164,-0.07668407861907117,TRUE,362,20
39,66,0.1,0.2,0.03,1,0.6688931695603192,0.506984579858569,-0.07844657169171373,TRUE,356,20
40,66,0.1,0.2,0.03,1,0.5134980804233134,0.5080093593977816,-0.053902567039740244,TRUE,319,20
41,66,0.1,0.2,0.03,1,0.24184912988119653,0.4679447312735727,-0.07147598803484112,TRUE,328,20
42,66,0.1,0.2,0.03,1,0.6953531144577357,0.59720945594889,-0.08208308867493289,TRUE,355,20
43,66,0.1,0.2,0.03,1,0.35026766231037526,0.4232934886131444,-0.07218922174190702,TRUE,356,20
44,66,0.1,0.2,0.03,1,NA,NA,NA,FALSE,367,20
45,66,0.1,0.2,0.03,1,0.04952280493778388,0.45303224622664057,-0.08157815013857793,TRUE,364,20
46,66,0.1,0.2,0.03,1,NA,NA,NA,FALSE,377,20
47,66,0.1,0.2,0.03,1,NA,NA,NA,FALSE,356,20
48,66,0.1,0.2,0.03,1,0.162442641345902,0.4338896611389251,-0.08201864537974629,TRUE,381,20
49,66,0.1,0.2,0.03,1,0.2963802549051737,0.5908323033613657,-0.06442622338742385,TRUE,359,20
50,66,0.1,0.2,0.03,1,0.4947024637865075,0.4773630144056068,-0.07053498682028887,TRUE,341,20
1,67,0.1,0.09,0.05,1,0.22928041877342403,0.6408343109466923,-0.06027292248645688,TRUE,376,20
2,67,0.1,0.09,0.05,1,0.7926935622054235,0.570922362792679,-0.0633041889501561,TRUE,366,20
3,67,0.1,0.09,0.05,1,0.5219300622082411,0.6091029409658175,-0.06776267355562203,TRUE,377,20
4,67,0.1,0.09,0.05,1,0.11404084608345777,0.5576923354023642,-0.06999128468574174,TRUE,339,20
5,67,0.1,0.09,0.05,1,NA,NA,NA,FALSE,373,20
6,67,0.1,0.09,0.05,1,NA,NA,NA,FALSE,364,20
7,67,0.1,0.09,0.05,1,NA,NA,NA,FALSE,347,20
8,67,0.1,0.09,0.05,1,0.3911266760130426,0.6198720275818873,-0.07374995758744975,TRUE,375,20
9,67,0.1,0.09,0.05,1,0.34896062535806815,0.7058923532644211,-0.09242842794954526,TRUE,372,20
10,67,0.1,0.09,0.05,1,1.6363565906515132,0.7957323153105557,-0.05796596904627515,TRUE,367,20
11,67,0.1,0.09,0.05,1,NA,NA,NA,FALSE,325,20
12,67,0.1,0.09,0.05,1,1.083278135673445,0.7454591257174563,-0.08953323860637313,TRUE,371,20
13,67,0.1,0.09,0.05,1,0.785270278065737,0.8374323554667343,-0.09206604042243365,TRUE,336,20
14,67,0.1,0.09,0.05,1,1.0042823033796324,0.6438609540210118,-0.07155052035943658,TRUE,350,20
15,67,0.1,0.09,0.05,1,1.4623874359069795,0.9769445387976091,-0.07511441031410288,TRUE,360,20
16,67,0.1,0.09,0.05,1,NA,NA,NA,FALSE,381,20
17,67,0.1,0.09,0.05,1,0.6761179488598652,0.6065028190437357,-0.07461388396401372,TRUE,397,20
18,67,0.1,0.09,0.05,1,0,NA,NA,FALSE,335,20
19,67,0.1,0.09,0.05,1,0.6060679361870618,0.704677789444701,-0.07010720928754628,TRUE,344,20
20,67,0.1,0.09,0.05,1,NA,NA,NA,FALSE,365,20
21,67,0.1,0.09,0.05,1,NA,NA,NA,FALSE,337,20
22,67,0.1,0.09,0.05,1,0.6065836306189494,0.8456104739326789,-0.07979134819139687,TRUE,357,20
23,67,0.1,0.09,0.05,1,NA,NA,NA,FALSE,385,20
24,67,0.1,0.09,0.05,1,0.958347123826703,0.7110425400629417,-0.06366534233498518,TRUE,360,20
25,67,0.1,0.09,0.05,1,0,NA,NA,FALSE,331,20
26,67,0.1,0.09,0.05,1,NA,NA,NA,FALSE,354,20
27,67,0.1,0.09,0.05,1,1.0380851656613705,0.6884965075316325,-0.0644241202180703,TRUE,358,20
28,67,0.1,0.09,0.05,1,NA,NA,NA,FALSE,390,20
29,67,0.1,0.09,0.05,1,0,NA,NA,FALSE,352,20
30,67,0.1,0.09,0.05,1,0.6421991745069128,0.6896507668380468,-0.09344108178101358,TRUE,332,20
31,67,0.1,0.09,0.05,1,NA,NA,NA,FALSE,357,20
32,67,0.1,0.09,0.05,1,0.911629650244136,0.6878146074542008,-0.07172862225294115,TRUE,380,20
33,67,0.1,0.09,0.05,1,0.14917007998938342,0.6430678945976888,-0.08451571010613639,TRUE,362,20
34,67,0.1,0.09,0.05,1,1.0749865671321934,0.7147788172826227,-0.06827678204507508,TRUE,350,20
35,67,0.1,0.09,0.05,1,0.020044152081608615,0.7007075851346235,-0.06824739179104401,TRUE,352,20
36,67,0.1,0.09,0.05,1,NA,NA,NA,FALSE,328,20
37,67,0.1,0.09,0.05,1,NA,NA,NA,FALSE,371,20
38,67,0.1,0.09,0.05,1,0.7312933127245997,0.5258162485569342,-0.07101841678596468,TRUE,348,20
39,67,0.1,0.09,0.05,1,NA,NA,NA,FALSE,364,20
40,67,0.1,0.09,0.05,1,0.32864548880151295,0.9022564165708548,-0.07050585430403648,TRUE,352,20
41,67,0.1,0.09,0.05,1,NA,NA,NA,FALSE,339,20
42,67,0.1,0.09,0.05,1,NA,NA,NA,FALSE,339,20
43,67,0.1,0.09,0.05,1,NA,NA,NA,FALSE,338,20
44,67,0.1,0.09,0.05,1,1.0722167928851356,0.779153920267497,-0.05610616101698598,TRUE,348,20
45,67,0.1,0.09,0.05,1,NA,NA,NA,FALSE,371,20
46,67,0.1,0.09,0.05,1,NA,NA,NA,FALSE,335,20
47,67,0.1,0.09,0.05,1,0.9002805404459916,0.8224374269885611,-0.06859583311335132,TRUE,354,20
48,67,0.1,0.09,0.05,1,NA,NA,NA,FALSE,372,20
49,67,0.1,0.09,0.05,1,1.455493885050178,0.6627612030860732,-0.07485515913921398,TRUE,363,20
50,67,0.1,0.09,0.05,1,NA,NA,NA,FALSE,349,20
1,68,0.1,0.15,0.05,1,NA,NA,NA,FALSE,325,20
2,68,0.1,0.15,0.05,1,NA,NA,NA,FALSE,362,20
3,68,0.1,0.15,0.05,1,1.6629092070145288,0.6262407168085374,-0.0641863389198858,TRUE,367,20
4,68,0.1,0.15,0.05,1,0.3448966149039957,0.476347357268013,-0.06358677480755176,TRUE,384,20
5,68,0.1,0.15,0.05,1,0.23389342074373218,0.5181369273989075,-0.07461729736136453,TRUE,325,20
6,68,0.1,0.15,0.05,1,1.2108208076355271,0.6019284813217509,-0.066621125291206,TRUE,372,20
7,68,0.1,0.15,0.05,1,NA,NA,NA,FALSE,371,20
8,68,0.1,0.15,0.05,1,NA,NA,NA,FALSE,350,20
9,68,0.1,0.15,0.05,1,0.6183277967431656,0.6498024532894222,-0.08077481758823575,TRUE,348,20
10,68,0.1,0.15,0.05,1,0.5602562382647504,0.6166381032443028,-0.08132548384862373,TRUE,377,20
11,68,0.1,0.15,0.05,1,NA,NA,NA,FALSE,363,20
12,68,0.1,0.15,0.05,1,0.39213068260139355,0.5265069276732295,-0.06474723326399727,TRUE,387,20
13,68,0.1,0.15,0.05,1,1.1544572179863797,0.5571800327223386,-0.08235995915873173,TRUE,350,20
14,68,0.1,0.15,0.05,1,NA,NA,NA,FALSE,330,20
15,68,0.1,0.15,0.05,1,0.16726219106153736,0.431577070994211,-0.07706234174016977,TRUE,351,20
16,68,0.1,0.15,0.05,1,NA,NA,NA,FALSE,377,20
17,68,0.1,0.15,0.05,1,NA,NA,NA,FALSE,356,20
18,68,0.1,0.15,0.05,1,0.27380682412423374,0.5221395679807036,-0.0699327834427101,TRUE,371,20
19,68,0.1,0.15,0.05,1,0.2938040869673639,0.5318590924652344,-0.09405052031843215,TRUE,365,20
20,68,0.1,0.15,0.05,1,NA,NA,NA,FALSE,345,20
21,68,0.1,0.15,0.05,1,0.6751466812509467,0.5052495582157095,-0.06904305974807592,TRUE,376,20
22,68,0.1,0.15,0.05,1,NA,NA,NA,FALSE,344,20
23,68,0.1,0.15,0.05,1,0.5703185035303311,0.4896689288739759,-0.07880577996157936,TRUE,346,20
24,68,0.1,0.15,0.05,1,0.010218697229949444,0.5607147945322356,-0.059123211694684485,TRUE,378,20
25,68,0.1,0.15,0.05,1,0.4581141181923229,0.488740654188505,-0.07717705146690669,TRUE,377,20
26,68,0.1,0.15,0.05,1,0.15634450429342614,0.6146646223512513,-0.06117055811696293,TRUE,373,20
27,68,0.1,0.15,0.05,1,0.7905313484542188,0.5186937541132164,-0.05421356822562568,TRUE,382,20
28,68,0.1,0.15,0.05,1,0.3126553348760028,0.6664550139278717,-0.0747542817049828,TRUE,355,20
29,68,0.1,0.15,0.05,1,NA,NA,NA,FALSE,370,20
30,68,0.1,0.15,0.05,1,NA,NA,NA,FALSE,384,20
31,68,0.1,0.15,0.05,1,0.071802256280564,0.5501442417543041,-0.08078896280972075,TRUE,359,20
32,68,0.1,0.15,0.05,1,NA,NA,NA,FALSE,377,20
33,68,0.1,0.15,0.05,1,0.8178494633051528,0.6431909192787476,-0.07147005884325458,TRUE,318,20
34,68,0.1,0.15,0.05,1,NA,NA,NA,FALSE,368,20
35,68,0.1,0.15,0.05,1,NA,NA,NA,FALSE,390,20
36,68,0.1,0.15,0.05,1,0.4335328768257636,0.5372301723110509,-0.07871272764620459,TRUE,358,20
37,68,0.1,0.15,0.05,1,0.44606886748798164,0.5092512538248859,-0.07612152234618455,TRUE,372,20
38,68,0.1,0.15,0.05,1,NA,NA,NA,FALSE,337,20
39,68,0.1,0.15,0.05,1,NA,NA,NA,FALSE,366,20
40,68,0.1,0.15,0.05,1,0.7636947234735918,0.6043242960391616,-0.09399816131793025,TRUE,343,20
41,68,0.1,0.15,0.05,1,1.0869654435506628,0.5819784553538246,-0.0861775341701654,TRUE,333,20
42,68,0.1,0.15,0.05,1,0.9553929735885814,0.6097106431375268,-0.08944691311386557,TRUE,348,20
43,68,0.1,0.15,0.05,1,0.2913047011995059,0.4729286774510223,-0.07089738241311097,TRUE,371,20
44,68,0.1,0.15,0.05,1,NA,NA,NA,FALSE,333,20
45,68,0.1,0.15,0.05,1,0.41526948644399675,0.5204502294733614,-0.05902454132116022,TRUE,369,20
46,68,0.1,0.15,0.05,1,NA,NA,NA,FALSE,391,20
47,68,0.1,0.15,0.05,1,0,NA,NA,FALSE,367,20
48,68,0.1,0.15,0.05,1,NA,NA,NA,FALSE,349,20
49,68,0.1,0.15,0.05,1,0.31358369987762674,0.5296788618262213,-0.07901938756451991,TRUE,360,20
50,68,0.1,0.15,0.05,1,1.1370791378035048,0.5611045967484054,-0.055311327966243606,TRUE,371,20
1,69,0.1,0.2,0.05,1,0.4037534188655039,0.5602638493119406,-0.06638038290101703,TRUE,328,20
2,69,0.1,0.2,0.05,1,NA,NA,NA,FALSE,380,20
3,69,0.1,0.2,0.05,1,NA,NA,NA,FALSE,327,20
4,69,0.1,0.2,0.05,1,NA,NA,NA,FALSE,357,20
5,69,0.1,0.2,0.05,1,NA,NA,NA,FALSE,352,20
6,69,0.1,0.2,0.05,1,NA,NA,NA,FALSE,357,20
7,69,0.1,0.2,0.05,1,NA,NA,NA,FALSE,357,20
8,69,0.1,0.2,0.05,1,NA,NA,NA,FALSE,350,20
9,69,0.1,0.2,0.05,1,NA,NA,NA,FALSE,344,20
10,69,0.1,0.2,0.05,1,0.7491236089045031,0.547061621940128,-0.06709232410776185,TRUE,337,20
11,69,0.1,0.2,0.05,1,NA,NA,NA,FALSE,357,20
12,69,0.1,0.2,0.05,1,0.06500604507857556,0.44942055967165423,-0.06400287183430108,TRUE,381,20
13,69,0.1,0.2,0.05,1,NA,NA,NA,FALSE,329,20
14,69,0.1,0.2,0.05,1,0.5753269792681036,0.46858433650076986,-0.08756867037323351,TRUE,357,20
15,69,0.1,0.2,0.05,1,0.9812717033181957,0.4462784336558268,-0.0833484406059558,TRUE,377,20
16,69,0.1,0.2,0.05,1,NA,NA,NA,FALSE,352,20
17,69,0.1,0.2,0.05,1,0.2649314365826776,0.44967738066372914,-0.07686275625232103,TRUE,347,20
18,69,0.1,0.2,0.05,1,0,NA,NA,FALSE,338,20
19,69,0.1,0.2,0.05,1,0.4040688674067334,0.45548649605091357,-0.07207098726178479,TRUE,368,20
20,69,0.1,0.2,0.05,1,0,NA,NA,FALSE,373,20
21,69,0.1,0.2,0.05,1,NA,NA,NA,FALSE,375,20
22,69,0.1,0.2,0.05,1,0.21406393264270462,0.44742224725699153,-0.0715622838969446,TRUE,366,20
23,69,0.1,0.2,0.05,1,0.28635385550585024,0.49118428124528835,-0.0839383496710518,TRUE,356,20
24,69,0.1,0.2,0.05,1,1.6155797523971365,0.5036509934451893,-0.08459142406448036,TRUE,365,20
25,69,0.1,0.2,0.05,1,1.0314231197553245,0.5044575863560363,-0.09839917092101459,TRUE,332,20
26,69,0.1,0.2,0.05,1,0.9567637786050964,0.5957777962322193,-0.08168246499823668,TRUE,375,20
27,69,0.1,0.2,0.05,1,0.3703494770442646,0.48095583288804866,-0.08825050553690632,TRUE,402,20
28,69,0.1,0.2,0.05,1,NA,NA,NA,FALSE,370,20
29,69,0.1,0.2,0.05,1,0.1902406542486888,0.4458054686734805,-0.07713248941655432,TRUE,361,20
30,69,0.1,0.2,0.05,1,NA,NA,NA,FALSE,331,20
31,69,0.1,0.2,0.05,1,0,0,-0.06626947664994881,TRUE,386,20
32,69,0.1,0.2,0.05,1,0.06261209864861211,0.49559755648507103,-0.08475397629726215,TRUE,341,20
33,69,0.1,0.2,0.05,1,0,NA,NA,FALSE,366,20
34,69,0.1,0.2,0.05,1,0.2597703364683557,0.45678013852228755,-0.085709529849003,TRUE,376,20
35,69,0.1,0.2,0.05,1,NA,NA,NA,FALSE,358,20
36,69,0.1,0.2,0.05,1,0.2967637315020055,0.425172188503156,-0.07450829467181175,TRUE,358,20
37,69,0.1,0.2,0.05,1,NA,NA,NA,FALSE,361,20
38,69,0.1,0.2,0.05,1,NA,NA,NA,FALSE,376,20
39,69,0.1,0.2,0.05,1,1.3362918193717546,0.5273287607690491,-0.07141452410935842,TRUE,351,20
40,69,0.1,0.2,0.05,1,NA,NA,NA,FALSE,376,20
41,69,0.1,0.2,0.05,1,NA,NA,NA,FALSE,370,20
42,69,0.1,0.2,0.05,1,0,NA,NA,FALSE,381,20
43,69,0.1,0.2,0.05,1,NA,NA,NA,FALSE,369,20
44,69,0.1,0.2,0.05,1,0.39589243936191965,0.458613063525095,-0.07043757392421873,TRUE,308,20
45,69,0.1,0.2,0.05,1,NA,NA,NA,FALSE,348,20
46,69,0.1,0.2,0.05,1,1.0375338632968583,0.48991287450069315,-0.07445771624506742,TRUE,349,20
47,69,0.1,0.2,0.05,1,NA,NA,NA,FALSE,353,20
48,69,0.1,0.2,0.05,1,0.2350565101004341,0.4820507522033625,-0.05371200950029125,TRUE,319,20
49,69,0.1,0.2,0.05,1,0.19677366854611444,0.46591892759123926,-0.06303727750258603,TRUE,363,20
50,69,0.1,0.2,0.05,1,0,NA,NA,FALSE,338,20
1,70,0.1,0.09,0.08,1,NA,NA,NA,FALSE,370,20
2,70,0.1,0.09,0.08,1,NA,NA,NA,FALSE,348,20
3,70,0.1,0.09,0.08,1,NA,NA,NA,FALSE,351,20
4,70,0.1,0.09,0.08,1,0.922531355094634,0.7490593378247961,-0.06447253308806035,TRUE,337,20
5,70,0.1,0.09,0.08,1,0.24296072165199126,0.6458999408984021,-0.07207360073060225,TRUE,354,20
6,70,0.1,0.09,0.08,1,NA,NA,NA,FALSE,381,20
7,70,0.1,0.09,0.08,1,1.017685848060477,0.6441513826328252,-0.06629130967677355,TRUE,390,20
8,70,0.1,0.09,0.08,1,NA,NA,NA,FALSE,397,20
9,70,0.1,0.09,0.08,1,NA,NA,NA,FALSE,356,20
10,70,0.1,0.09,0.08,1,NA,NA,NA,FALSE,361,20
11,70,0.1,0.09,0.08,1,0.22514153643649198,0.6604985776146767,-0.09296865521947101,TRUE,382,20
12,70,0.1,0.09,0.08,1,NA,NA,NA,FALSE,359,20
13,70,0.1,0.09,0.08,1,0.5949681862160197,0.7838221749013609,-0.09952899346163305,TRUE,369,20
14,70,0.1,0.09,0.08,1,0.3231477471328614,1.1601690704477006,-0.06641291472354612,TRUE,371,20
15,70,0.1,0.09,0.08,1,0.27560513063999303,0.5563814058857689,-0.09711671360482577,TRUE,373,20
16,70,0.1,0.09,0.08,1,0.042492555326413495,0.634066079507381,-0.061727876941594796,TRUE,366,20
17,70,0.1,0.09,0.08,1,0.7467437752558732,0.4492592486826487,-0.08258565509116332,TRUE,401,20
18,70,0.1,0.09,0.08,1,NA,NA,NA,FALSE,357,20
19,70,0.1,0.09,0.08,1,NA,NA,NA,FALSE,363,20
20,70,0.1,0.09,0.08,1,0.32294692618548887,0.6778028860253388,-0.08817955086935061,TRUE,407,20
21,70,0.1,0.09,0.08,1,0.07954682765958178,0.586789362752961,-0.06415180132510259,TRUE,369,20
22,70,0.1,0.09,0.08,1,0.42599598676588024,0.738754329108066,-0.07530347423252012,TRUE,350,20
23,70,0.1,0.09,0.08,1,1.3237862957128301,0.7264942830231054,-0.057472050787794944,TRUE,369,20
24,70,0.1,0.09,0.08,1,0.6813798918546503,0.6131059748563474,-0.06101515359183494,TRUE,341,20
25,70,0.1,0.09,0.08,1,0.833463941816329,0.5656826585118655,-0.07865670458591364,TRUE,368,20
26,70,0.1,0.09,0.08,1,NA,NA,NA,FALSE,353,20
27,70,0.1,0.09,0.08,1,0.4908161009551644,0.5875778389115222,-0.07018171369221053,TRUE,370,20
28,70,0.1,0.09,0.08,1,NA,NA,NA,FALSE,372,20
29,70,0.1,0.09,0.08,1,1.1833946686739232,0.6814593046120695,-0.07305836505073211,TRUE,370,20
30,70,0.1,0.09,0.08,1,NA,NA,NA,FALSE,405,20
31,70,0.1,0.09,0.08,1,0.5998741410479793,0.5211070134992256,-0.06258624666154049,TRUE,352,20
32,70,0.1,0.09,0.08,1,0.3667224937142612,0.5356019571296792,-0.09235133969706696,TRUE,356,20
33,70,0.1,0.09,0.08,1,NA,NA,NA,FALSE,369,20
34,70,0.1,0.09,0.08,1,NA,NA,NA,FALSE,366,20
35,70,0.1,0.09,0.08,1,1.3810612279303809,0.6537353559845049,-0.06718389136331585,TRUE,341,20
36,70,0.1,0.09,0.08,1,0.9356932831126332,0.6959752878651326,-0.06519572174397954,TRUE,362,20
37,70,0.1,0.09,0.08,1,NA,NA,NA,FALSE,352,20
38,70,0.1,0.09,0.08,1,2.0916014762739232,0.7396890917351504,-0.08144536718952385,TRUE,378,20
39,70,0.1,0.09,0.08,1,NA,NA,NA,FALSE,343,20
40,70,0.1,0.09,0.08,1,1.2107480668186592,0.7419673946757539,-0.07693814246246172,TRUE,317,20
41,70,0.1,0.09,0.08,1,NA,NA,NA,FALSE,412,20
42,70,0.1,0.09,0.08,1,NA,NA,NA,FALSE,344,20
43,70,0.1,0.09,0.08,1,NA,NA,NA,FALSE,394,20
44,70,0.1,0.09,0.08,1,NA,NA,NA,FALSE,335,20
45,70,0.1,0.09,0.08,1,NA,NA,NA,FALSE,332,20
46,70,0.1,0.09,0.08,1,NA,NA,NA,FALSE,397,20
47,70,0.1,0.09,0.08,1,NA,NA,NA,FALSE,372,20
48,70,0.1,0.09,0.08,1,NA,NA,NA,FALSE,367,20
49,70,0.1,0.09,0.08,1,NA,NA,NA,FALSE,365,20
50,70,0.1,0.09,0.08,1,0.1108519699490207,0.8277283301679075,-0.0731382892036987,TRUE,362,20
1,71,0.1,0.15,0.08,1,0.4193128915637585,0.5488875859014577,-0.0695876908938801,TRUE,368,20
2,71,0.1,0.15,0.08,1,0.733214409169368,0.4606843737076198,-0.07615882840599976,TRUE,362,20
3,71,0.1,0.15,0.08,1,NA,NA,NA,FALSE,363,20
4,71,0.1,0.15,0.08,1,NA,NA,NA,FALSE,346,20
5,71,0.1,0.15,0.08,1,NA,NA,NA,FALSE,356,20
6,71,0.1,0.15,0.08,1,NA,NA,NA,FALSE,365,20
7,71,0.1,0.15,0.08,1,0.9055415352264561,0.5984551062867888,-0.06413047092253507,TRUE,359,20
8,71,0.1,0.15,0.08,1,1.4772591167040434,0.5390408387079523,-0.07596764391428787,TRUE,367,20
9,71,0.1,0.15,0.08,1,NA,NA,NA,FALSE,387,20
10,71,0.1,0.15,0.08,1,0.1957278537324745,0.5475235672581543,-0.06812149605352551,TRUE,376,20
11,71,0.1,0.15,0.08,1,NA,NA,NA,FALSE,350,20
12,71,0.1,0.15,0.08,1,NA,NA,NA,FALSE,350,20
13,71,0.1,0.15,0.08,1,NA,NA,NA,FALSE,355,20
14,71,0.1,0.15,0.08,1,NA,NA,NA,FALSE,376,20
15,71,0.1,0.15,0.08,1,0.039225906597071036,0.49568185479699123,-0.06397078993699226,TRUE,397,20
16,71,0.1,0.15,0.08,1,0.5258811339943641,0.48296413190192344,-0.06808691703823205,TRUE,366,20
17,71,0.1,0.15,0.08,1,0.47934446676361236,0.5197147632803972,-0.07525430591692149,TRUE,353,20
18,71,0.1,0.15,0.08,1,0.2679344576675956,0.5010573482889408,-0.06128888892489797,TRUE,346,20
19,71,0.1,0.15,0.08,1,1.4894124863913891,0.7707251226131411,-0.06848798603975939,TRUE,351,20
20,71,0.1,0.15,0.08,1,0.37761209503684856,0.5411020796589685,-0.06482177126668064,TRUE,395,20
21,71,0.1,0.15,0.08,1,NA,NA,NA,FALSE,347,20
22,71,0.1,0.15,0.08,1,NA,NA,NA,FALSE,359,20
23,71,0.1,0.15,0.08,1,NA,NA,NA,FALSE,398,20
24,71,0.1,0.15,0.08,1,0,0,-0.0749833788718093,TRUE,362,20
25,71,0.1,0.15,0.08,1,0.009233942773783954,0.5931272292442124,-0.06405971382068434,TRUE,377,20
26,71,0.1,0.15,0.08,1,1.0807391727752977,0.5608936641917289,-0.06699551268111095,TRUE,370,20
27,71,0.1,0.15,0.08,1,NA,NA,NA,FALSE,371,20
28,71,0.1,0.15,0.08,1,0.21760728594295017,0.5561316169811369,-0.06896353860744725,TRUE,358,20
29,71,0.1,0.15,0.08,1,NA,NA,NA,FALSE,390,20
30,71,0.1,0.15,0.08,1,NA,NA,NA,FALSE,319,20
31,71,0.1,0.15,0.08,1,0.584361664509701,0.629612776790307,-0.08263956865264424,TRUE,343,20
32,71,0.1,0.15,0.08,1,0.8594285474695109,0.5878993316100559,-0.07421022447975026,TRUE,336,20
33,71,0.1,0.15,0.08,1,0.1084471805857345,0.488164457249401,-0.05794589526822547,TRUE,335,20
34,71,0.1,0.15,0.08,1,0.5273176294791976,0.594182237708306,-0.0630364862189094,TRUE,350,20
35,71,0.1,0.15,0.08,1,0.20664214249202748,0.5493716889494135,-0.06431833805571775,TRUE,390,20
36,71,0.1,0.15,0.08,1,0.6971657377779099,0.5288274160999429,-0.07878459831442197,TRUE,354,20
37,71,0.1,0.15,0.08,1,0.8114318420249543,0.5563224085109058,-0.07367797642350994,TRUE,349,20
38,71,0.1,0.15,0.08,1,NA,NA,NA,FALSE,344,20
39,71,0.1,0.15,0.08,1,NA,NA,NA,FALSE,347,20
40,71,0.1,0.15,0.08,1,NA,NA,NA,FALSE,371,20
41,71,0.1,0.15,0.08,1,NA,NA,NA,FALSE,387,20
42,71,0.1,0.15,0.08,1,NA,NA,NA,FALSE,383,20
43,71,0.1,0.15,0.08,1,NA,NA,NA,FALSE,374,20
44,71,0.1,0.15,0.08,1,NA,NA,NA,FALSE,314,20
45,71,0.1,0.15,0.08,1,2.083347887582297,0.6383404519570258,-0.05930880428865793,TRUE,378,20
46,71,0.1,0.15,0.08,1,0.6212501119567724,0.5460163946614803,-0.06822072803090877,TRUE,353,20
47,71,0.1,0.15,0.08,1,0.2782215296733016,0.6204937462577403,-0.06628969567985392,TRUE,360,20
48,71,0.1,0.15,0.08,1,0.07877109847065214,0.44612654550533826,-0.06652322912062802,TRUE,400,20
49,71,0.1,0.15,0.08,1,0.36690440104908617,0.5454196122454897,-0.0786170644651842,TRUE,378,20
50,71,0.1,0.15,0.08,1,NA,NA,NA,FALSE,363,20
1,72,0.1,0.2,0.08,1,NA,NA,NA,FALSE,331,20
2,72,0.1,0.2,0.08,1,NA,NA,NA,FALSE,382,20
3,72,0.1,0.2,0.08,1,NA,NA,NA,FALSE,402,20
4,72,0.1,0.2,0.08,1,0,0,-0.07370947988580814,TRUE,326,20
5,72,0.1,0.2,0.08,1,0.37048132411906726,0.44276629842767745,-0.08921743974200265,TRUE,362,20
6,72,0.1,0.2,0.08,1,0.3754092021653036,0.5006858411607098,-0.08002303114951326,TRUE,349,20
7,72,0.1,0.2,0.08,1,0.18610116758842202,0.47412243663371423,-0.08661181407029526,TRUE,363,20
8,72,0.1,0.2,0.08,1,NA,NA,NA,FALSE,352,20
9,72,0.1,0.2,0.08,1,NA,NA,NA,FALSE,349,20
10,72,0.1,0.2,0.08,1,0.24575397775276941,0.4491928371733219,-0.0664522558798729,TRUE,387,20
11,72,0.1,0.2,0.08,1,NA,NA,NA,FALSE,375,20
12,72,0.1,0.2,0.08,1,0.7674581739938483,0.45600471275712334,-0.08423011497671745,TRUE,351,20
13,72,0.1,0.2,0.08,1,0.39937784006154764,0.4647670121618907,-0.07604313156761679,TRUE,350,20
14,72,0.1,0.2,0.08,1,1.1496123386902704,0.4893494903518592,-0.06462376737414577,TRUE,376,20
15,72,0.1,0.2,0.08,1,NA,NA,NA,FALSE,339,20
16,72,0.1,0.2,0.08,1,0.053873341893792226,0.475510382494128,-0.0983398445591095,TRUE,372,20
17,72,0.1,0.2,0.08,1,NA,NA,NA,FALSE,322,20
18,72,0.1,0.2,0.08,1,NA,NA,NA,FALSE,398,20
19,72,0.1,0.2,0.08,1,0.18019542525433474,0.5570709408821077,-0.07924835179761533,TRUE,367,20
20,72,0.1,0.2,0.08,1,0.1867987878168342,0.3994337294659345,-0.0788300946739047,TRUE,373,20
21,72,0.1,0.2,0.08,1,NA,NA,NA,FALSE,356,20
22,72,0.1,0.2,0.08,1,1.0486424315613792,0.4126764785387196,-0.08886367819058935,TRUE,365,20
23,72,0.1,0.2,0.08,1,0.06885793951401996,0.4989671131846569,-0.065116195742699,TRUE,349,20
24,72,0.1,0.2,0.08,1,NA,NA,NA,FALSE,334,20
25,72,0.1,0.2,0.08,1,0.029007232690768048,0.4975085694810049,-0.06613840922154425,TRUE,328,20
26,72,0.1,0.2,0.08,1,0.7583431513903064,0.5538848202597524,-0.07680208129880724,TRUE,337,20
27,72,0.1,0.2,0.08,1,NA,NA,NA,FALSE,357,20
28,72,0.1,0.2,0.08,1,NA,NA,NA,FALSE,370,20
29,72,0.1,0.2,0.08,1,NA,NA,NA,FALSE,365,20
30,72,0.1,0.2,0.08,1,NA,NA,NA,FALSE,374,20
31,72,0.1,0.2,0.08,1,NA,NA,NA,FALSE,390,20
32,72,0.1,0.2,0.08,1,0.003857147057110891,0.4415744179683125,-0.07191408318851422,TRUE,383,20
33,72,0.1,0.2,0.08,1,NA,NA,NA,FALSE,348,20
34,72,0.1,0.2,0.08,1,0.5973950264423632,0.5498355373790565,-0.08179221709103522,TRUE,338,20
35,72,0.1,0.2,0.08,1,0.3611596553395542,0.43108660140620925,-0.0743467966940443,TRUE,363,20
36,72,0.1,0.2,0.08,1,0.09483399592819751,0.49068706538224877,-0.08347143574850655,TRUE,343,20
37,72,0.1,0.2,0.08,1,1.1887968969158385,0.5602301874577854,-0.07801006018230641,TRUE,374,20
38,72,0.1,0.2,0.08,1,NA,NA,NA,FALSE,357,20
39,72,0.1,0.2,0.08,1,0.46569498747353305,0.4846074048997947,-0.06551787833129237,TRUE,350,20
40,72,0.1,0.2,0.08,1,0.46048980508655385,0.4711717270348337,-0.07372549088216927,TRUE,361,20
41,72,0.1,0.2,0.08,1,NA,NA,NA,FALSE,367,20
42,72,0.1,0.2,0.08,1,0.3670125830349019,0.4618772007899852,-0.08481074095724205,TRUE,360,20
43,72,0.1,0.2,0.08,1,NA,NA,NA,FALSE,334,20
44,72,0.1,0.2,0.08,1,NA,NA,NA,FALSE,331,20
45,72,0.1,0.2,0.08,1,NA,NA,NA,FALSE,341,20
46,72,0.1,0.2,0.08,1,NA,NA,NA,FALSE,365,20
47,72,0.1,0.2,0.08,1,0.7277076477281257,0.378117817443824,-0.07659484454991496,TRUE,371,20
48,72,0.1,0.2,0.08,1,0.9401691011715785,0.45778588035614226,-0.06500048500237827,TRUE,342,20
49,72,0.1,0.2,0.08,1,0.8334431975189865,0.49562661158067167,-0.07533225719451576,TRUE,342,20
50,72,0.1,0.2,0.08,1,0.8611821707992461,0.5096780789677742,-0.09258845074745009,TRUE,363,20
1,73,0.2,0.02,0.005,1,1.078706164950127,0.9522723357303108,-0.07481585907825865,TRUE,358,20
2,73,0.2,0.02,0.005,1,1.2143519661254394,1.045483745621021,-0.06293008120612685,TRUE,353,20
3,73,0.2,0.02,0.005,1,2.1982511067476,1.721125438531557,-0.07166263688345226,TRUE,377,20
4,73,0.2,0.02,0.005,1,1.215960130814634,2.960960334233652,-0.06845603675760989,TRUE,327,20
5,73,0.2,0.02,0.005,1,2.7644407125297867,1.412984208381878,-0.06462236465099445,TRUE,359,20
6,73,0.2,0.02,0.005,1,1.109439928777802,1.643951107236299,-0.09163679286050942,TRUE,343,20
7,73,0.2,0.02,0.005,1,5.607466602588498,3.9038964619708447,-0.0822818001061769,TRUE,408,20
8,73,0.2,0.02,0.005,1,1.4610254081826963,2.138471412511199,-0.07821011948245662,TRUE,351,20
9,73,0.2,0.02,0.005,1,0,NA,NA,FALSE,387,20
10,73,0.2,0.02,0.005,1,2.568413193263958,2.4281451300307557,-0.08196651225052169,TRUE,348,20
11,73,0.2,0.02,0.005,1,2.1999718755669417,1.5499162092921701,-0.07225213392284903,TRUE,389,20
12,73,0.2,0.02,0.005,1,1.1824044406262557,3.283824697925889,-0.08216415137945353,TRUE,366,20
13,73,0.2,0.02,0.005,1,2.386942821484951,1.2742139331798978,-0.0569663891313744,TRUE,360,20
14,73,0.2,0.02,0.005,1,0.17854305369295792,1.313152912193171,-0.06099809067715021,TRUE,363,20
15,73,0.2,0.02,0.005,1,0.7715339136115104,2.157647512603925,-0.07500540711825694,TRUE,311,20
16,73,0.2,0.02,0.005,1,NA,NA,NA,FALSE,358,20
17,73,0.2,0.02,0.005,1,NA,NA,NA,FALSE,344,20
18,73,0.2,0.02,0.005,1,NA,NA,NA,FALSE,356,20
19,73,0.2,0.02,0.005,1,NA,NA,NA,FALSE,363,20
20,73,0.2,0.02,0.005,1,0,0,-0.08800351234423866,TRUE,367,20
21,73,0.2,0.02,0.005,1,NA,NA,NA,FALSE,356,20
22,73,0.2,0.02,0.005,1,1.1534631700497022,1.2239540584438868,-0.06086601803975401,TRUE,363,20
23,73,0.2,0.02,0.005,1,0.4833531156131341,0.8576472815961993,-0.0758402211533966,TRUE,381,20
24,73,0.2,0.02,0.005,1,1.8627389772306187,1.4390563541915742,-0.08094052732019906,TRUE,341,20
25,73,0.2,0.02,0.005,1,2.0753772722805524,8.551661072101123,-0.07033882473086102,TRUE,343,20
26,73,0.2,0.02,0.005,1,NA,NA,NA,FALSE,353,20
27,73,0.2,0.02,0.005,1,NA,NA,NA,FALSE,389,20
28,73,0.2,0.02,0.005,1,0.7020468641304772,1.548789946760635,-0.07341258600955786,TRUE,361,20
29,73,0.2,0.02,0.005,1,0,0,-0.08646245054893605,TRUE,342,20
30,73,0.2,0.02,0.005,1,0.5459568323583962,1.2777553139569882,-0.07747435732238865,TRUE,343,20
31,73,0.2,0.02,0.005,1,0.9713156964789449,0.8695121631026735,-0.09484786916316189,TRUE,365,20
32,73,0.2,0.02,0.005,1,NA,NA,NA,FALSE,350,20
33,73,0.2,0.02,0.005,1,0.22170909658231752,1.8988829546221277,-0.07661765539144401,TRUE,390,20
34,73,0.2,0.02,0.005,1,5.30149236946627,3.8994460249659815,-0.07903704736329147,TRUE,363,20
35,73,0.2,0.02,0.005,1,1.140690981875912,1.2178137271523515,-0.05959397439880695,TRUE,353,20
36,73,0.2,0.02,0.005,1,3.801104955059239,2.8840593888915738,-0.07468022579961552,TRUE,344,20
37,73,0.2,0.02,0.005,1,1.5134473155338408,1.2725214050050866,-0.07892672698055134,TRUE,389,20
38,73,0.2,0.02,0.005,1,NA,NA,NA,FALSE,375,20
39,73,0.2,0.02,0.005,1,NA,NA,NA,FALSE,390,20
40,73,0.2,0.02,0.005,1,0.6638637117260281,1.3004920226141847,-0.06726055324684038,TRUE,383,20
41,73,0.2,0.02,0.005,1,NA,NA,NA,FALSE,352,20
42,73,0.2,0.02,0.005,1,1.3786367238780024,1.3738571706169573,-0.06069442996419041,TRUE,344,20
43,73,0.2,0.02,0.005,1,NA,NA,NA,FALSE,353,20
44,73,0.2,0.02,0.005,1,0.3750372078297824,0.9935136321089018,-0.06095423164974292,TRUE,350,20
45,73,0.2,0.02,0.005,1,NA,NA,NA,FALSE,343,20
46,73,0.2,0.02,0.005,1,0.10226282014411324,1.677840013107792,-0.05540659503992016,TRUE,364,20
47,73,0.2,0.02,0.005,1,NA,NA,NA,FALSE,383,20
48,73,0.2,0.02,0.005,1,NA,NA,NA,FALSE,358,20
49,73,0.2,0.02,0.005,1,2.730869829684506,1.4452188970649231,-0.07273412436644683,TRUE,371,20
50,73,0.2,0.02,0.005,1,0.3938348871490988,1.302881378593221,-0.07597026057655733,TRUE,343,20
1,74,0.2,0.05,0.005,1,NA,NA,NA,FALSE,348,20
2,74,0.2,0.05,0.005,1,NA,NA,NA,FALSE,323,20
3,74,0.2,0.05,0.005,1,0.04283487025090169,0.8495754910326303,-0.0798682390957556,TRUE,375,20
4,74,0.2,0.05,0.005,1,NA,NA,NA,FALSE,337,20
5,74,0.2,0.05,0.005,1,0.32565588097732556,0.9568053700316891,-0.06955793265428231,TRUE,370,20
6,74,0.2,0.05,0.005,1,NA,NA,NA,FALSE,375,20
7,74,0.2,0.05,0.005,1,1.0558589398190792,0.7574917638365817,-0.10884096263886585,TRUE,381,20
8,74,0.2,0.05,0.005,1,NA,NA,NA,FALSE,367,20
9,74,0.2,0.05,0.005,1,NA,NA,NA,FALSE,368,20
10,74,0.2,0.05,0.005,1,0,NA,NA,FALSE,344,20
11,74,0.2,0.05,0.005,1,NA,NA,NA,FALSE,345,20
12,74,0.2,0.05,0.005,1,NA,NA,NA,FALSE,370,20
13,74,0.2,0.05,0.005,1,0.593810065802795,0.6401769005679491,-0.07165647378104834,TRUE,374,20
14,74,0.2,0.05,0.005,1,1.178467565658119,1.3133558378937698,-0.0654581538941051,TRUE,370,20
15,74,0.2,0.05,0.005,1,0.742334807510138,0.8802560422950104,-0.06358248903828094,TRUE,373,20
16,74,0.2,0.05,0.005,1,NA,NA,NA,FALSE,383,20
17,74,0.2,0.05,0.005,1,0.9531628988123532,0.7625462205682833,-0.07266560234355808,TRUE,376,20
18,74,0.2,0.05,0.005,1,NA,NA,NA,FALSE,348,20
19,74,0.2,0.05,0.005,1,0.2329464714321705,0.8778627505969855,-0.07600289624283539,TRUE,344,20
20,74,0.2,0.05,0.005,1,1.0311223011271278,0.9697194564411445,-0.09735326053000554,TRUE,364,20
21,74,0.2,0.05,0.005,1,0.8838382438831544,1.284973840466168,-0.07845797218489323,TRUE,355,20
22,74,0.2,0.05,0.005,1,0.14434606451447643,0.9971010870242126,-0.086145900038871015,TRUE,364,20
23,74,0.2,0.05,0.005,1,NA,NA,NA,FALSE,382,20
24,74,0.2,0.05,0.005,1,NA,NA,NA,FALSE,388,20
25,74,0.2,0.05,0.005,1,0.6497970322139498,0.7268393497914241,-0.06304173574294465,TRUE,362,20
26,74,0.2,0.05,0.005,1,NA,NA,NA,FALSE,356,20
27,74,0.2,0.05,0.005,1,2.176357855550505,1.1942669183575498,-0.07166371575856943,TRUE,377,20
28,74,0.2,0.05,0.005,1,0.8350966370462385,0.8782615843451368,-0.06064842323797925,TRUE,345,20
29,74,0.2,0.05,0.005,1,0.4135478808527497,0.7105164008853322,-0.07758310532132118,TRUE,345,20
30,74,0.2,0.05,0.005,1,NA,NA,NA,FALSE,360,20
31,74,0.2,0.05,0.005,1,NA,NA,NA,FALSE,372,20
32,74,0.2,0.05,0.005,1,NA,NA,NA,FALSE,387,20
33,74,0.2,0.05,0.005,1,NA,NA,NA,FALSE,352,20
34,74,0.2,0.05,0.005,1,0.6483232461744867,0.9821543665157058,-0.09105656986935919,TRUE,336,20
35,74,0.2,0.05,0.005,1,0.6941399225838294,0.8254075009746974,-0.08019595197326554,TRUE,378,20
36,74,0.2,0.05,0.005,1,0.07448543835678519,0.9360375275546935,-0.06462007667417302,TRUE,376,20
37,74,0.2,0.05,0.005,1,0.5853394092209275,0.7964611182584442,-0.06336767539925456,TRUE,343,20
38,74,0.2,0.05,0.005,1,0.12226936577811048,0.8056681751560182,-0.07256203237272982,TRUE,379,20
39,74,0.2,0.05,0.005,1,0.6365510615759059,1.550135306911199,-0.06398212000492734,TRUE,404,20
40,74,0.2,0.05,0.005,1,0.3970503791367355,0.8550193374319145,-0.0708740454710107,TRUE,370,20
41,74,0.2,0.05,0.005,1,NA,NA,NA,FALSE,349,20
42,74,0.2,0.05,0.005,1,0.7122069007408768,0.7227115660924408,-0.07987531196397057,TRUE,358,20
43,74,0.2,0.05,0.005,1,NA,NA,NA,FALSE,342,20
44,74,0.2,0.05,0.005,1,NA,NA,NA,FALSE,369,20
45,74,0.2,0.05,0.005,1,NA,NA,NA,FALSE,366,20
46,74,0.2,0.05,0.005,1,NA,NA,NA,FALSE,346,20
47,74,0.2,0.05,0.005,1,7.611402233523813e-4,0.827576136259984,-0.060433903203646784,TRUE,342,20
48,74,0.2,0.05,0.005,1,NA,NA,NA,FALSE,384,20
49,74,0.2,0.05,0.005,1,1.378926271221002,0.7805397213832331,-0.06660351909022072,TRUE,333,20
50,74,0.2,0.05,0.005,1,0.4527113443793945,0.8765778577101491,-0.08408911875702572,TRUE,365,20
1,75,0.2,0.09,0.005,1,0.048710589548021696,0.812987596827044,-0.06058930938435116,TRUE,369,20
2,75,0.2,0.09,0.005,1,0.5837348097670633,0.6287257957968025,-0.06999069574227695,TRUE,352,20
3,75,0.2,0.09,0.005,1,0.3047809592071473,0.6686353293267278,-0.06529685368939574,TRUE,345,20
4,75,0.2,0.09,0.005,1,0.2782249925245196,0.6693291496662941,-0.0649296352325758,TRUE,352,20
5,75,0.2,0.09,0.005,1,NA,NA,NA,FALSE,395,20
6,75,0.2,0.09,0.005,1,NA,NA,NA,FALSE,356,20
7,75,0.2,0.09,0.005,1,0.5814395983331376,0.6518712367568658,-0.05361364142353885,TRUE,335,20
8,75,0.2,0.09,0.005,1,NA,NA,NA,FALSE,361,20
9,75,0.2,0.09,0.005,1,0.07467288281687645,0.677465839705776,-0.07293987792025985,TRUE,365,20
10,75,0.2,0.09,0.005,1,NA,NA,NA,FALSE,349,20
11,75,0.2,0.09,0.005,1,0.49723483285301295,0.8730972440172912,-0.07403908887323526,TRUE,351,20
12,75,0.2,0.09,0.005,1,NA,NA,NA,FALSE,346,20
13,75,0.2,0.09,0.005,1,0.6859757066840326,0.5118203276813876,-0.06598108566257836,TRUE,396,20
14,75,0.2,0.09,0.005,1,0.7804846153164567,0.7083313919616792,-0.0575511450022451,TRUE,339,20
15,75,0.2,0.09,0.005,1,0.03467760651262468,0.532110083815616,-0.07129960287401631,TRUE,365,20
16,75,0.2,0.09,0.005,1,0.30078285467457316,0.6902581267062482,-0.07698185109662661,TRUE,356,20
17,75,0.2,0.09,0.005,1,0.904878530443776,0.758105524033774,-0.0791758606418859,TRUE,370,20
18,75,0.2,0.09,0.005,1,NA,NA,NA,FALSE,348,20
19,75,0.2,0.09,0.005,1,NA,NA,NA,FALSE,355,20
20,75,0.2,0.09,0.005,1,NA,NA,NA,FALSE,360,20
21,75,0.2,0.09,0.005,1,0.4484153780673821,0.5794773737349003,-0.07434808769108617,TRUE,342,20
22,75,0.2,0.09,0.005,1,0.22256906659145276,0.5781527131993345,-0.07173079110692995,TRUE,388,20
23,75,0.2,0.09,0.005,1,0.9460144777757284,0.7072901908855977,-0.08165282187242151,TRUE,389,20
24,75,0.2,0.09,0.005,1,0.7586518467339078,0.7127008960024162,-0.07059325135765684,TRUE,365,20
25,75,0.2,0.09,0.005,1,NA,NA,NA,FALSE,339,20
26,75,0.2,0.09,0.005,1,0.44562195537643345,0.7028731046239037,-0.07192488789733643,TRUE,373,20
27,75,0.2,0.09,0.005,1,0.4976013116850102,0.6763819754378857,-0.09199766633376068,TRUE,354,20
28,75,0.2,0.09,0.005,1,NA,NA,NA,FALSE,352,20
29,75,0.2,0.09,0.005,1,0.7921504418268002,0.6660002767753507,-0.08336352063217521,TRUE,367,20
30,75,0.2,0.09,0.005,1,0.8804848306132492,0.7358560428829982,-0.07896760750063739,TRUE,391,20
31,75,0.2,0.09,0.005,1,NA,NA,NA,FALSE,364,20
32,75,0.2,0.09,0.005,1,NA,NA,NA,FALSE,366,20
33,75,0.2,0.09,0.005,1,0.15304329698581728,0.670058442789921,-0.08554046936997786,TRUE,329,20
34,75,0.2,0.09,0.005,1,NA,NA,NA,FALSE,347,20
35,75,0.2,0.09,0.005,1,NA,NA,NA,FALSE,350,20
36,75,0.2,0.09,0.005,1,NA,NA,NA,FALSE,371,20
37,75,0.2,0.09,0.005,1,1.0810053488541262,0.6135612842273128,-0.07123243778201849,TRUE,378,20
38,75,0.2,0.09,0.005,1,0.40500564841492864,0.664891952800865,-0.08560646507196878,TRUE,364,20
39,75,0.2,0.09,0.005,1,0.22191902171689304,0.5841733074366942,-0.07407999969691943,TRUE,361,20
40,75,0.2,0.09,0.005,1,0.024667614599700922,0.5849601483773207,-0.06418805373373981,TRUE,376,20
41,75,0.2,0.09,0.005,1,NA,NA,NA,FALSE,350,20
42,75,0.2,0.09,0.005,1,0.28293216811024297,0.625649428401267,-0.08457370805061186,TRUE,346,20
43,75,0.2,0.09,0.005,1,0.32294363712872903,0.5708360947766954,-0.06892046966381528,TRUE,394,20
44,75,0.2,0.09,0.005,1,NA,NA,NA,FALSE,350,20
45,75,0.2,0.09,0.005,1,NA,NA,NA,FALSE,402,20
46,75,0.2,0.09,0.005,1,0.16989916698631718,0.725750032563085,-0.061799470326615716,TRUE,340,20
47,75,0.2,0.09,0.005,1,NA,NA,NA,FALSE,369,20
48,75,0.2,0.09,0.005,1,0.01455258236974232,0.6682409875207328,-0.0912478130435011,TRUE,362,20
49,75,0.2,0.09,0.005,1,NA,NA,NA,FALSE,386,20
50,75,0.2,0.09,0.005,1,0.9387544235792417,0.6389995460322611,-0.07435730785136456,TRUE,332,20
1,76,0.2,0.15,0.005,1,1.010524363758992,0.6060735972837329,-0.060781785924604904,TRUE,337,20
2,76,0.2,0.15,0.005,1,0.9798041021593433,0.5613226937175798,-0.08159379759698429,TRUE,356,20
3,76,0.2,0.15,0.005,1,NA,NA,NA,FALSE,363,20
4,76,0.2,0.15,0.005,1,NA,NA,NA,FALSE,369,20
5,76,0.2,0.15,0.005,1,NA,NA,NA,FALSE,359,20
6,76,0.2,0.15,0.005,1,0.23174661821278286,0.7587640614352313,-0.10431424868099692,TRUE,359,20
7,76,0.2,0.15,0.005,1,0.1781595343096288,0.44513978223347894,-0.06894176855416377,TRUE,353,20
8,76,0.2,0.15,0.005,1,0.6298225468459455,0.5568363158942659,-0.08201405457000249,TRUE,331,20
9,76,0.2,0.15,0.005,1,NA,NA,NA,FALSE,356,20
10,76,0.2,0.15,0.005,1,1.2594459019981046,0.6314779077816807,-0.06642446263360327,TRUE,364,20
11,76,0.2,0.15,0.005,1,0,0,-0.0861237636748599,TRUE,361,20
12,76,0.2,0.15,0.005,1,NA,NA,NA,FALSE,343,20
13,76,0.2,0.15,0.005,1,0.52344652549217,0.5044945552488068,-0.06512460343294979,TRUE,361,20
14,76,0.2,0.15,0.005,1,NA,NA,NA,FALSE,367,20
15,76,0.2,0.15,0.005,1,0.18906485218354732,0.5185819054020031,-0.0773584018362837,TRUE,373,20
16,76,0.2,0.15,0.005,1,0.10826966992398686,0.5314398369862405,-0.09178017893287868,TRUE,362,20
17,76,0.2,0.15,0.005,1,NA,NA,NA,FALSE,405,20
18,76,0.2,0.15,0.005,1,0,NA,NA,FALSE,378,20
19,76,0.2,0.15,0.005,1,0.21094023716640767,0.6045407290864729,-0.06818961214700352,TRUE,384,20
20,76,0.2,0.15,0.005,1,0.8722899634867143,0.5038336828359875,-0.06945518480809956,TRUE,362,20
21,76,0.2,0.15,0.005,1,0.2691660995894174,0.5771356724768438,-0.0827332058043436,TRUE,371,20
22,76,0.2,0.15,0.005,1,NA,NA,NA,FALSE,377,20
23,76,0.2,0.15,0.005,1,0.6586334479982617,0.4934119422352532,-0.06748989632608542,TRUE,363,20
24,76,0.2,0.15,0.005,1,0.5075145988717193,0.4972554827130191,-0.07330434872694282,TRUE,344,20
25,76,0.2,0.15,0.005,1,NA,NA,NA,FALSE,374,20
26,76,0.2,0.15,0.005,1,NA,NA,NA,FALSE,356,20
27,76,0.2,0.15,0.005,1,NA,NA,NA,FALSE,383,20
28,76,0.2,0.15,0.005,1,0.3038619750751209,0.5477100471624619,-0.08229178372991498,TRUE,351,20
29,76,0.2,0.15,0.005,1,NA,NA,NA,FALSE,352,20
30,76,0.2,0.15,0.005,1,1.2086241214212017,0.5758920710448553,-0.07043381156482086,TRUE,364,20
31,76,0.2,0.15,0.005,1,0.8228504583787534,0.5753470545429062,-0.07809975882942365,TRUE,358,20
32,76,0.2,0.15,0.005,1,0.7072836880544794,0.5449863396295004,-0.07576068816749167,TRUE,347,20
33,76,0.2,0.15,0.005,1,0.05592145535189644,0.5126075651738049,-0.06947457576646576,TRUE,393,20
34,76,0.2,0.15,0.005,1,0.28573114440814606,0.6063118295981966,-0.06792326981406915,TRUE,360,20
35,76,0.2,0.15,0.005,1,0.50666011630162,0.4369199230986201,-0.0737517677792846,TRUE,362,20
36,76,0.2,0.15,0.005,1,0.31776817734378277,0.5640036846734082,-0.07122592403182947,TRUE,359,20
37,76,0.2,0.15,0.005,1,0.12957700766610794,0.4680893947959566,-0.057021856194951474,TRUE,384,20
38,76,0.2,0.15,0.005,1,NA,NA,NA,FALSE,385,20
39,76,0.2,0.15,0.005,1,0.27087596037489486,0.614147352428196,-0.06375532230734564,TRUE,367,20
40,76,0.2,0.15,0.005,1,0.06566561049187798,0.5422230457722812,-0.0860617826590832,TRUE,343,20
41,76,0.2,0.15,0.005,1,0.12704522516983402,0.5095232287278074,-0.08026820161804332,TRUE,345,20
42,76,0.2,0.15,0.005,1,0.7800923009643101,0.538745133985018,-0.08073658653383488,TRUE,359,20
43,76,0.2,0.15,0.005,1,0.32453846396024816,0.46373197463167315,-0.07807225156892479,TRUE,372,20
44,76,0.2,0.15,0.005,1,1.0357693175278209,0.6509023428169967,-0.08620551504087519,TRUE,368,20
45,76,0.2,0.15,0.005,1,0.9710636952894904,0.4862643385237445,-0.10042893441432843,TRUE,394,20
46,76,0.2,0.15,0.005,1,0.5005071420711531,0.5652939652468004,-0.07742528493631101,TRUE,358,20
47,76,0.2,0.15,0.005,1,NA,NA,NA,FALSE,353,20
48,76,0.2,0.15,0.005,1,0.27312856406454267,0.48573807816412445,-0.08144295166576769,TRUE,368,20
49,76,0.2,0.15,0.005,1,NA,NA,NA,FALSE,391,20
50,76,0.2,0.15,0.005,1,0.8608510822956066,0.6655194894082683,-0.0657402527171672,TRUE,367,20
1,77,0.2,0.2,0.005,1,0.34786979136609336,0.47823681035146126,-0.07243849828113137,TRUE,334,20
2,77,0.2,0.2,0.005,1,0.4222381070831538,0.446409353864533,-0.09531777127779952,TRUE,395,20
3,77,0.2,0.2,0.005,1,NA,NA,NA,FALSE,391,20
4,77,0.2,0.2,0.005,1,0.4786121080851944,0.4288441189275882,-0.0822821820371084,TRUE,365,20
5,77,0.2,0.2,0.005,1,0.18042420119159966,0.4488426772838258,-0.07286744900445083,TRUE,337,20
6,77,0.2,0.2,0.005,1,0.06330169169827551,0.5776562301422624,-0.084153171500581,TRUE,325,20
7,77,0.2,0.2,0.005,1,NA,NA,NA,FALSE,366,20
8,77,0.2,0.2,0.005,1,0,0,-0.08200199806964123,TRUE,343,20
9,77,0.2,0.2,0.005,1,0.7799922151511923,0.5132281447130085,-0.07321097112132385,TRUE,349,20
10,77,0.2,0.2,0.005,1,0.16298394633659877,0.4903836647097192,-0.07675265853610222,TRUE,361,20
11,77,0.2,0.2,0.005,1,NA,NA,NA,FALSE,341,20
12,77,0.2,0.2,0.005,1,0.8223082230300056,0.48112823223962886,-0.07939151145163761,TRUE,361,20
13,77,0.2,0.2,0.005,1,0.4163146769962708,0.4649503585806845,-0.08489985595454272,TRUE,397,20
14,77,0.2,0.2,0.005,1,0.0574952056603442,0.6025284400514888,-0.0797906994656308,TRUE,306,20
15,77,0.2,0.2,0.005,1,0.5969880293474253,0.48611241008110867,-0.07667002530932686,TRUE,337,20
16,77,0.2,0.2,0.005,1,0.9619149501973738,0.47980460352206467,-0.07323020284295098,TRUE,352,20
17,77,0.2,0.2,0.005,1,NA,NA,NA,FALSE,359,20
18,77,0.2,0.2,0.005,1,0.20805858750160908,0.48560662794417553,-0.07961673411461774,TRUE,369,20
19,77,0.2,0.2,0.005,1,0,0,-0.07959899696878656,TRUE,358,20
20,77,0.2,0.2,0.005,1,0.06482989151739614,0.4675762937443785,-0.06996295750042718,TRUE,374,20
21,77,0.2,0.2,0.005,1,0.15708904043309288,0.5130107866527488,-0.07702145291061574,TRUE,375,20
22,77,0.2,0.2,0.005,1,0.0674554156453526,0.5193075478326545,-0.07393808920468276,TRUE,340,20
23,77,0.2,0.2,0.005,1,NA,NA,NA,FALSE,374,20
24,77,0.2,0.2,0.005,1,NA,NA,NA,FALSE,361,20
25,77,0.2,0.2,0.005,1,1.272278852271036,0.5068603243173131,-0.06662229826400776,TRUE,338,20
26,77,0.2,0.2,0.005,1,0.68742497433462,0.4429867472231763,-0.06596240305355695,TRUE,407,20
27,77,0.2,0.2,0.005,1,0.3583046364372371,0.4572375369470619,-0.07858483664698206,TRUE,347,20
28,77,0.2,0.2,0.005,1,0.7375176297120506,0.5036552119905607,-0.0688350965898039,TRUE,359,20
29,77,0.2,0.2,0.005,1,0.3220403441909204,0.42652525927345664,-0.0657460888175451,TRUE,368,20
30,77,0.2,0.2,0.005,1,NA,NA,NA,FALSE,352,20
31,77,0.2,0.2,0.005,1,0.0780639625913761,0.5685035017770924,-0.07029080240037576,TRUE,347,20
32,77,0.2,0.2,0.005,1,NA,NA,NA,FALSE,375,20
33,77,0.2,0.2,0.005,1,0.36480824261944794,0.43661705517642657,-0.0859180695151029,TRUE,338,20
34,77,0.2,0.2,0.005,1,0.8951825956165163,0.4791387611130944,-0.07492952224159305,TRUE,368,20
35,77,0.2,0.2,0.005,1,1.0039005034116186,0.4760025856753066,-0.07440743159656582,TRUE,362,20
36,77,0.2,0.2,0.005,1,0.30257891101137707,0.47559410163583576,-0.06736759377006966,TRUE,363,20
37,77,0.2,0.2,0.005,1,0.08849931947723548,0.41152900974276885,-0.07385950035243746,TRUE,363,20
38,77,0.2,0.2,0.005,1,NA,NA,NA,FALSE,345,20
39,77,0.2,0.2,0.005,1,0.38283466255776194,0.5372327782266775,-0.06509932727419326,TRUE,355,20
40,77,0.2,0.2,0.005,1,NA,NA,NA,FALSE,360,20
41,77,0.2,0.2,0.005,1,0.6565423342198566,0.4518391305860616,-0.06382091303310454,TRUE,390,20
42,77,0.2,0.2,0.005,1,NA,NA,NA,FALSE,360,20
43,77,0.2,0.2,0.005,1,0.45033014699396606,0.4349033746610397,-0.08296270119667974,TRUE,359,20
44,77,0.2,0.2,0.005,1,NA,NA,NA,FALSE,370,20
45,77,0.2,0.2,0.005,1,0.041134916149998126,0.5035278658214861,-0.07416075787993665,TRUE,340,20
46,77,0.2,0.2,0.005,1,NA,NA,NA,FALSE,366,20
47,77,0.2,0.2,0.005,1,0.11496815296637422,0.46788009025884186,-0.08323010937769554,TRUE,369,20
48,77,0.2,0.2,0.005,1,1.1252869502438578,0.4801538650894135,-0.07456530246248937,TRUE,347,20
49,77,0.2,0.2,0.005,1,0.31045203830921475,0.4442798117425909,-0.0808982001257292,TRUE,361,20
50,77,0.2,0.2,0.005,1,NA,NA,NA,FALSE,325,20
1,78,0.2,0.02,0.01,1,1.9269655877623684,1.7855724026684072,-0.08611442899052234,TRUE,333,20
2,78,0.2,0.02,0.01,1,0.7068789815123184,0.9588151559292917,-0.08626876390255804,TRUE,358,20
3,78,0.2,0.02,0.01,1,5.191498374980078,1.741834770701373,-0.06457517327974732,TRUE,367,20
4,78,0.2,0.02,0.01,1,0.5183377923939892,3.5848412613548795,-0.09933926439170733,TRUE,339,20
5,78,0.2,0.02,0.01,1,1.2046362779482669,1.9443167069286438,-0.08330847281921387,TRUE,337,20
6,78,0.2,0.02,0.01,1,2.591124103988187,1.1993758391195022,-0.06978649457880431,TRUE,385,20
7,78,0.2,0.02,0.01,1,NA,NA,NA,FALSE,376,20
8,78,0.2,0.02,0.01,1,1.1880212753168713,1.198902086426686,-0.07726525932162015,TRUE,383,20
9,78,0.2,0.02,0.01,1,1.5095669727502734,1.193380198079318,-0.06494014196824993,TRUE,347,20
10,78,0.2,0.02,0.01,1,NA,NA,NA,FALSE,347,20
11,78,0.2,0.02,0.01,1,0.4397267662344124,1.5128396600917338,-0.07591581661986792,TRUE,354,20
12,78,0.2,0.02,0.01,1,NA,NA,NA,FALSE,350,20
13,78,0.2,0.02,0.01,1,0.704535547480856,1.4535396731516363,-0.07726261513033607,TRUE,375,20
14,78,0.2,0.02,0.01,1,NA,NA,NA,FALSE,385,20
15,78,0.2,0.02,0.01,1,0.7880771950676323,0.9575718480214483,-0.07274746566073656,TRUE,378,20
16,78,0.2,0.02,0.01,1,NA,NA,NA,FALSE,327,20
17,78,0.2,0.02,0.01,1,1.100936624710713,2.660310409829094,-0.07002517262072044,TRUE,339,20
18,78,0.2,0.02,0.01,1,NA,NA,NA,FALSE,352,20
19,78,0.2,0.02,0.01,1,1.1167064270975096,1.4535236439304777,-0.09252767982972772,TRUE,370,20
20,78,0.2,0.02,0.01,1,NA,NA,NA,FALSE,344,20
21,78,0.2,0.02,0.01,1,NA,NA,NA,FALSE,357,20
22,78,0.2,0.02,0.01,1,0.16566353967862413,1.4398895920780415,-0.07416446865350362,TRUE,360,20
23,78,0.2,0.02,0.01,1,NA,NA,NA,FALSE,354,20
24,78,0.2,0.02,0.01,1,5.141452658663397,2.678674643074092,-0.07276843304399633,TRUE,401,20
25,78,0.2,0.02,0.01,1,NA,NA,NA,FALSE,382,20
26,78,0.2,0.02,0.01,1,0.27712422633437284,1.790412933610504,-0.08080260751492943,TRUE,351,20
27,78,0.2,0.02,0.01,1,0.23761365541049848,1.2901812460303215,-0.06707734339741746,TRUE,366,20
28,78,0.2,0.02,0.01,1,1.8174601521690807,1.6570588130647042,-0.0754650787624534,TRUE,366,20
29,78,0.2,0.02,0.01,1,0.8479028986391155,1.5688909355438245,-0.06541424514454741,TRUE,340,20
30,78,0.2,0.02,0.01,1,1.9940983554568639,1.249332747180007,-0.0849452685767332,TRUE,330,20
31,78,0.2,0.02,0.01,1,0.8452366904796877,1.1581021587269056,-0.07770519711243933,TRUE,360,20
32,78,0.2,0.02,0.01,1,0.2928934188325011,1.0560874524726085,-0.0668527902533607,TRUE,379,20
33,78,0.2,0.02,0.01,1,2.0875396411726577,2.7518595489489024,-0.06217914678130888,TRUE,352,20
34,78,0.2,0.02,0.01,1,0.14955431692687465,1.2654553952568899,-0.07204899633164176,TRUE,334,20
35,78,0.2,0.02,0.01,1,1.9002962412919808,2.5683123526228835,-0.06465283853087783,TRUE,384,20
36,78,0.2,0.02,0.01,1,1.2659405452237174,1.9208442365469856,-0.06974719889170489,TRUE,323,20
37,78,0.2,0.02,0.01,1,2.879982090319316,1.0531383258697913,-0.06858440354830347,TRUE,350,20
38,78,0.2,0.02,0.01,1,1.3153326399777006,1.3069829832670725,-0.06055353177491108,TRUE,393,20
39,78,0.2,0.02,0.01,1,NA,NA,NA,FALSE,374,20
40,78,0.2,0.02,0.01,1,NA,NA,NA,FALSE,351,20
41,78,0.2,0.02,0.01,1,2.987054750217907,1.4869627385517057,-0.08154428793065553,TRUE,349,20
42,78,0.2,0.02,0.01,1,NA,NA,NA,FALSE,356,20
43,78,0.2,0.02,0.01,1,NA,NA,NA,FALSE,372,20
44,78,0.2,0.02,0.01,1,NA,NA,NA,FALSE,339,20
45,78,0.2,0.02,0.01,1,0.7371297085178313,1.3891842898351485,-0.05572894115613289,TRUE,377,20
46,78,0.2,0.02,0.01,1,2.514431233944883,1.34476780160819,-0.07670473235441591,TRUE,353,20
47,78,0.2,0.02,0.01,1,NA,NA,NA,FALSE,398,20
48,78,0.2,0.02,0.01,1,NA,NA,NA,FALSE,404,20
49,78,0.2,0.02,0.01,1,2.2344785762342045,1.1200969929777422,-0.08681197803906449,TRUE,395,20
50,78,0.2,0.02,0.01,1,1.518664932776887,1.21061915705593,-0.05763557807346644,TRUE,363,20
1,79,0.2,0.05,0.01,1,1.15780349327206,1.4484756645447012,-0.08831999530288279,TRUE,340,20
2,79,0.2,0.05,0.01,1,NA,NA,NA,FALSE,365,20
3,79,0.2,0.05,0.01,1,0.9269584549438172,0.9325854742407569,-0.08091387308755539,TRUE,357,20
4,79,0.2,0.05,0.01,1,1.5879302164439648,0.8252031034627622,-0.08836804659577702,TRUE,372,20
5,79,0.2,0.05,0.01,1,0.5347926215647439,1.0924054692595118,-0.08370160651850234,TRUE,377,20
6,79,0.2,0.05,0.01,1,0.7073160607998473,0.8048105469183681,-0.07940310087828654,TRUE,349,20
7,79,0.2,0.05,0.01,1,NA,NA,NA,FALSE,363,20
8,79,0.2,0.05,0.01,1,NA,NA,NA,FALSE,390,20
9,79,0.2,0.05,0.01,1,0.5999319050700967,0.8491604395943572,-0.07440481547994847,TRUE,338,20
10,79,0.2,0.05,0.01,1,0.764757347598986,0.9161969384210408,-0.07885841291346331,TRUE,354,20
11,79,0.2,0.05,0.01,1,0.5675500909108888,1.372310310466049,-0.046766133397603465,TRUE,323,20
12,79,0.2,0.05,0.01,1,1.3271993948356189,0.7941063836399218,-0.08343896642884012,TRUE,355,20
13,79,0.2,0.05,0.01,1,NA,NA,NA,FALSE,380,20
14,79,0.2,0.05,0.01,1,0.9267287943667345,0.916671772991701,-0.061273992724199845,TRUE,357,20
15,79,0.2,0.05,0.01,1,4.616200301264177,1.4345801739296469,-0.0705885588097773,TRUE,361,20
16,79,0.2,0.05,0.01,1,0.8226432563064379,0.8642522344445788,-0.0701218480251143,TRUE,359,20
17,79,0.2,0.05,0.01,1,2.5968276547783877,1.2035712076754514,-0.09699571464435741,TRUE,341,20
18,79,0.2,0.05,0.01,1,0.44605586237517036,0.8252536512847609,-0.0756755394311627,TRUE,375,20
19,79,0.2,0.05,0.01,1,NA,NA,NA,FALSE,369,20
20,79,0.2,0.05,0.01,1,0,NA,NA,FALSE,351,20
21,79,0.2,0.05,0.01,1,NA,NA,NA,FALSE,364,20
22,79,0.2,0.05,0.01,1,NA,NA,NA,FALSE,353,20
23,79,0.2,0.05,0.01,1,1.3282893124755148,1.0085399564578816,-0.06989062497895425,TRUE,354,20
24,79,0.2,0.05,0.01,1,0.6236831180440531,1.35801606084895,-0.07935374906242258,TRUE,398,20
25,79,0.2,0.05,0.01,1,0.1453349758768542,0.8505554055768332,-0.07005548351506323,TRUE,376,20
26,79,0.2,0.05,0.01,1,0.032202428446371716,1.1988596314213855,-0.06726858298387756,TRUE,335,20
27,79,0.2,0.05,0.01,1,2.4470105363438046,1.1265822264152903,-0.06825337246162251,TRUE,373,20
28,79,0.2,0.05,0.01,1,0.04985704569527855,1.189568152586248,-0.06785733970847116,TRUE,359,20
29,79,0.2,0.05,0.01,1,0.5770222026186621,0.8842799213447382,-0.07394704071132042,TRUE,383,20
30,79,0.2,0.05,0.01,1,0.6964548242480583,0.899247189846861,-0.06643000282754767,TRUE,375,20
31,79,0.2,0.05,0.01,1,NA,NA,NA,FALSE,356,20
32,79,0.2,0.05,0.01,1,1.6421517158589587,1.2502280107177453,-0.08076068967841932,TRUE,349,20
33,79,0.2,0.05,0.01,1,NA,NA,NA,FALSE,359,20
34,79,0.2,0.05,0.01,1,1.5383880304215858,1.0894725798200529,-0.08435321259239766,TRUE,341,20
35,79,0.2,0.05,0.01,1,0.6798139412761747,0.826489107758472,-0.09352767454955914,TRUE,365,20
36,79,0.2,0.05,0.01,1,NA,NA,NA,FALSE,364,20
37,79,0.2,0.05,0.01,1,NA,NA,NA,FALSE,337,20
38,79,0.2,0.05,0.01,1,2.350380784970729,1.105077531011564,-0.07991963088298489,TRUE,357,20
39,79,0.2,0.05,0.01,1,1.9452182796118829,1.2500058947694979,-0.05213970786210895,TRUE,360,20
40,79,0.2,0.05,0.01,1,0.25238300156035914,1.0291782056044563,-0.06939451814358204,TRUE,362,20
41,79,0.2,0.05,0.01,1,NA,NA,NA,FALSE,339,20
42,79,0.2,0.05,0.01,1,1.1651859121205455,0.7525355563864967,-0.08387212896383833,TRUE,349,20
43,79,0.2,0.05,0.01,1,0.906618300711974,1.4151995116246068,-0.06781498915007066,TRUE,351,20
44,79,0.2,0.05,0.01,1,0.8219745927170428,0.7466151939312422,-0.07425877978303237,TRUE,357,20
45,79,0.2,0.05,0.01,1,0.28617789170474184,0.902307598256933,-0.07400907333796117,TRUE,361,20
46,79,0.2,0.05,0.01,1,NA,NA,NA,FALSE,382,20
47,79,0.2,0.05,0.01,1,0.4004956716426845,0.8832988651227969,-0.08168123021377148,TRUE,346,20
48,79,0.2,0.05,0.01,1,NA,NA,NA,FALSE,362,20
49,79,0.2,0.05,0.01,1,0.29000980206926824,1.0202771054993776,-0.0874910182089773,TRUE,370,20
50,79,0.2,0.05,0.01,1,NA,NA,NA,FALSE,360,20
1,80,0.2,0.09,0.01,1,NA,NA,NA,FALSE,362,20
2,80,0.2,0.09,0.01,1,0.14853012205966504,0.6607618639496816,-0.06942758256645108,TRUE,383,20
3,80,0.2,0.09,0.01,1,0,0,-0.07642543559831487,TRUE,363,20
4,80,0.2,0.09,0.01,1,0.024321028304014326,0.5935603210158541,-0.06726549673674699,TRUE,335,20
5,80,0.2,0.09,0.01,1,0.7039211992488643,0.7229890723136502,-0.08285290403868636,TRUE,332,20
6,80,0.2,0.09,0.01,1,0.6842336632943037,0.6244578002236131,-0.08876229567287937,TRUE,371,20
7,80,0.2,0.09,0.01,1,0.36812917478165125,0.7222638375576849,-0.0868827251896719,TRUE,332,20
8,80,0.2,0.09,0.01,1,0.822426316398303,0.7520175811786414,-0.0884152213426078,TRUE,333,20
9,80,0.2,0.09,0.01,1,NA,NA,NA,FALSE,364,20
10,80,0.2,0.09,0.01,1,NA,NA,NA,FALSE,364,20
11,80,0.2,0.09,0.01,1,NA,NA,NA,FALSE,360,20
12,80,0.2,0.09,0.01,1,NA,NA,NA,FALSE,337,20
13,80,0.2,0.09,0.01,1,0.3193945007097542,0.5825001792397531,-0.08712399684706582,TRUE,348,20
14,80,0.2,0.09,0.01,1,NA,NA,NA,FALSE,343,20
15,80,0.2,0.09,0.01,1,1.1227564485201516,0.6431697552207246,-0.06441109307850602,TRUE,342,20
16,80,0.2,0.09,0.01,1,NA,NA,NA,FALSE,360,20
17,80,0.2,0.09,0.01,1,0.2801253883829505,0.6045674891841326,-0.06495599318042275,TRUE,354,20
18,80,0.2,0.09,0.01,1,NA,NA,NA,FALSE,314,20
19,80,0.2,0.09,0.01,1,NA,NA,NA,FALSE,342,20
20,80,0.2,0.09,0.01,1,NA,NA,NA,FALSE,355,20
21,80,0.2,0.09,0.01,1,1.7917119999631634,0.8566940692226849,-0.07795538234996555,TRUE,381,20
22,80,0.2,0.09,0.01,1,0.7745734049046825,0.6249346280460897,-0.0697392636885251,TRUE,347,20
23,80,0.2,0.09,0.01,1,NA,NA,NA,FALSE,326,20
24,80,0.2,0.09,0.01,1,NA,NA,NA,FALSE,349,20
25,80,0.2,0.09,0.01,1,0.4002413040106506,0.6413063608774574,-0.06803202238289709,TRUE,366,20
26,80,0.2,0.09,0.01,1,NA,NA,NA,FALSE,364,20
27,80,0.2,0.09,0.01,1,NA,NA,NA,FALSE,350,20
28,80,0.2,0.09,0.01,1,0.18352492243791338,0.6331441373789477,-0.06783651072571942,TRUE,354,20
29,80,0.2,0.09,0.01,1,NA,NA,NA,FALSE,344,20
30,80,0.2,0.09,0.01,1,1.0516147054114586,0.6643195374508614,-0.07533186875267983,TRUE,376,20
31,80,0.2,0.09,0.01,1,0.16531380408192062,0.5956699155258882,-0.10611043091683756,TRUE,349,20
32,80,0.2,0.09,0.01,1,0.4851577258475409,0.8258152206187033,-0.07256606498560754,TRUE,372,20
33,80,0.2,0.09,0.01,1,0.08792987033573894,0.6208513394520617,-0.0752954577969671,TRUE,346,20
34,80,0.2,0.09,0.01,1,0.019473466757265866,0.562716859477911,-0.0709294840471482,TRUE,382,20
35,80,0.2,0.09,0.01,1,NA,NA,NA,FALSE,389,20
36,80,0.2,0.09,0.01,1,NA,NA,NA,FALSE,416,20
37,80,0.2,0.09,0.01,1,NA,NA,NA,FALSE,364,20
38,80,0.2,0.09,0.01,1,0.8110394933316706,0.8425206609995712,-0.08060785093883459,TRUE,348,20
39,80,0.2,0.09,0.01,1,NA,NA,NA,FALSE,385,20
40,80,0.2,0.09,0.01,1,NA,NA,NA,FALSE,365,20
41,80,0.2,0.09,0.01,1,NA,NA,NA,FALSE,360,20
42,80,0.2,0.09,0.01,1,0.4613898476965601,0.6737293417795038,-0.08216139909145205,TRUE,336,20
43,80,0.2,0.09,0.01,1,1.771084509091498,0.7107475504916289,-0.08740745284576974,TRUE,361,20
44,80,0.2,0.09,0.01,1,1.6050179974365866,0.5763416417413367,-0.06674881493863014,TRUE,350,20
45,80,0.2,0.09,0.01,1,1.207087364330215,0.6835399550437009,-0.09799067777940168,TRUE,356,20
46,80,0.2,0.09,0.01,1,1.5809205833749809,0.7006383182101524,-0.06301980669051327,TRUE,332,20
47,80,0.2,0.09,0.01,1,0.6072263429776787,0.692528513245529,-0.09611833151114078,TRUE,342,20
48,80,0.2,0.09,0.01,1,1.0560391213396492,0.6786459266122682,-0.08441192126297671,TRUE,383,20
49,80,0.2,0.09,0.01,1,0.5413566865659887,0.5923584488237083,-0.09795429816556778,TRUE,367,20
50,80,0.2,0.09,0.01,1,NA,NA,NA,FALSE,338,20
1,81,0.2,0.15,0.01,1,0.4269864678374693,0.4379356675734078,-0.05712321776022096,TRUE,389,20
2,81,0.2,0.15,0.01,1,0.17787640956004003,0.4463092946456384,-0.06963566145089897,TRUE,380,20
3,81,0.2,0.15,0.01,1,NA,NA,NA,FALSE,346,20
4,81,0.2,0.15,0.01,1,0.7469285629667366,0.6029910466941332,-0.0801202467518012,TRUE,365,20
5,81,0.2,0.15,0.01,1,NA,NA,NA,FALSE,362,20
6,81,0.2,0.15,0.01,1,0.47068239684272845,0.44122509478049304,-0.06125767351754422,TRUE,355,20
7,81,0.2,0.15,0.01,1,NA,NA,NA,FALSE,376,20
8,81,0.2,0.15,0.01,1,0.9103397009240309,0.514099183021715,-0.06286978766487804,TRUE,353,20
9,81,0.2,0.15,0.01,1,NA,NA,NA,FALSE,365,20
10,81,0.2,0.15,0.01,1,0.12550253520045204,0.5232205019693703,-0.07225559923969725,TRUE,371,20
11,81,0.2,0.15,0.01,1,0.5869998238545332,0.5474315320683133,-0.07792873691052488,TRUE,369,20
12,81,0.2,0.15,0.01,1,0.13163751592723455,0.586537412694778,-0.07572056417374712,TRUE,354,20
13,81,0.2,0.15,0.01,1,0.6015859777802003,0.4657926876811634,-0.07804515208781292,TRUE,358,20
14,81,0.2,0.15,0.01,1,0.3181017472532916,0.5184946391799331,-0.07184009420872696,TRUE,362,20
15,81,0.2,0.15,0.01,1,0.3974623041708187,0.5399096168584003,-0.06344685321012064,TRUE,384,20
16,81,0.2,0.15,0.01,1,NA,NA,NA,FALSE,352,20
17,81,0.2,0.15,0.01,1,0.3504030947491132,0.5393088723591832,-0.08167126987097902,TRUE,329,20
18,81,0.2,0.15,0.01,1,NA,NA,NA,FALSE,327,20
19,81,0.2,0.15,0.01,1,0.40201729214827253,0.5304464553962646,-0.08300236822665583,TRUE,349,20
20,81,0.2,0.15,0.01,1,0.9890552626295346,0.735215026830378,-0.07765425666097549,TRUE,362,20
21,81,0.2,0.15,0.01,1,0,NA,NA,FALSE,355,20
22,81,0.2,0.15,0.01,1,1.397189360791178,0.6119796639701212,-0.0680935169060788,TRUE,329,20
23,81,0.2,0.15,0.01,1,0.4468460955676653,0.5121586230506459,-0.07390006567998877,TRUE,354,20
24,81,0.2,0.15,0.01,1,NA,NA,NA,FALSE,370,20
25,81,0.2,0.15,0.01,1,1.0655661949324362,0.46687874770007415,-0.08567833370093336,TRUE,358,20
26,81,0.2,0.15,0.01,1,NA,NA,NA,FALSE,364,20
27,81,0.2,0.15,0.01,1,0.46116972719296445,0.5554062726357283,-0.06721564546762746,TRUE,359,20
28,81,0.2,0.15,0.01,1,NA,NA,NA,FALSE,329,20
29,81,0.2,0.15,0.01,1,0.2116004513593331,0.622282133174969,-0.06721860931499003,TRUE,346,20
30,81,0.2,0.15,0.01,1,0.267969191608505,0.542965108626813,-0.06708525485812482,TRUE,360,20
31,81,0.2,0.15,0.01,1,0.36345825796962206,0.46330651026354913,-0.06779094003237282,TRUE,368,20
32,81,0.2,0.15,0.01,1,NA,NA,NA,FALSE,389,20
33,81,0.2,0.15,0.01,1,0.1518961107659739,0.48976159662927254,-0.07726755366526572,TRUE,354,20
34,81,0.2,0.15,0.01,1,0.0826371338739396,0.6200809831462375,-0.06698464828520741,TRUE,322,20
35,81,0.2,0.15,0.01,1,0.23538602629421032,0.6245778129790648,-0.0787402897634021,TRUE,348,20
36,81,0.2,0.15,0.01,1,NA,NA,NA,FALSE,335,20
37,81,0.2,0.15,0.01,1,NA,NA,NA,FALSE,359,20
38,81,0.2,0.15,0.01,1,0.8243493827084375,0.56208584925452,-0.07461622743027671,TRUE,361,20
39,81,0.2,0.15,0.01,1,NA,NA,NA,FALSE,376,20
40,81,0.2,0.15,0.01,1,0.14772883539093207,0.5533969376626675,-0.07555157836795078,TRUE,343,20
41,81,0.2,0.15,0.01,1,0.970177862204928,0.5964549855756887,-0.07737249664050683,TRUE,331,20
42,81,0.2,0.15,0.01,1,NA,NA,NA,FALSE,367,20
43,81,0.2,0.15,0.01,1,0.2883366042878328,0.5623541090345813,-0.07851181284568708,TRUE,370,20
44,81,0.2,0.15,0.01,1,1.1711213552048885,0.6552137208040333,-0.09008301847707846,TRUE,361,20
45,81,0.2,0.15,0.01,1,0.29517998898683573,0.5121473535513673,-0.07508516407042232,TRUE,339,20
46,81,0.2,0.15,0.01,1,1.3081317166804887,0.5565191554060845,-0.09565384209647025,TRUE,381,20
47,81,0.2,0.15,0.01,1,0.4310810699035769,0.5798228082936202,-0.05751660284004596,TRUE,333,20
48,81,0.2,0.15,0.01,1,NA,NA,NA,FALSE,371,20
49,81,0.2,0.15,0.01,1,NA,NA,NA,FALSE,377,20
50,81,0.2,0.15,0.01,1,0.2697921640847792,0.5661247129317645,-0.061488817436767776,TRUE,345,20
1,82,0.2,0.2,0.01,1,NA,NA,NA,FALSE,366,20
2,82,0.2,0.2,0.01,1,NA,NA,NA,FALSE,338,20
3,82,0.2,0.2,0.01,1,NA,NA,NA,FALSE,393,20
4,82,0.2,0.2,0.01,1,0.4417563868018793,0.49390612804123607,-0.06823722632167652,TRUE,355,20
5,82,0.2,0.2,0.01,1,NA,NA,NA,FALSE,366,20
6,82,0.2,0.2,0.01,1,0.5178424423422694,0.6571533241380538,-0.09652835887729017,TRUE,370,20
7,82,0.2,0.2,0.01,1,1.0601583678653654,0.47578094843931135,-0.06742948320757182,TRUE,355,20
8,82,0.2,0.2,0.01,1,1.661729959517259,0.601862061628145,-0.0777102675557009,TRUE,342,20
9,82,0.2,0.2,0.01,1,0.42594611895871176,0.5096878066869184,-0.08832353086370007,TRUE,349,20
10,82,0.2,0.2,0.01,1,0.05550488231083092,0.49160466499076005,-0.07418511861548327,TRUE,348,20
11,82,0.2,0.2,0.01,1,0.11055782447268975,0.4398416171695987,-0.06690761152226642,TRUE,350,20
12,82,0.2,0.2,0.01,1,0.49232086058754204,0.4434629377840359,-0.06361932285014425,TRUE,380,20
13,82,0.2,0.2,0.01,1,0.2540772506797415,0.4557027532319352,-0.07099278839790915,TRUE,361,20
14,82,0.2,0.2,0.01,1,NA,NA,NA,FALSE,383,20
15,82,0.2,0.2,0.01,1,0.37060455005268506,0.469361575032746,-0.06139534894934383,TRUE,375,20
16,82,0.2,0.2,0.01,1,NA,NA,NA,FALSE,341,20
17,82,0.2,0.2,0.01,1,0.673814824592204,0.3730001931022148,-0.06154900866570645,TRUE,395,20
18,82,0.2,0.2,0.01,1,0.8604813028627324,0.5028183725602839,-0.069837352930268,TRUE,354,20
19,82,0.2,0.2,0.01,1,0.348869775704781,0.4589784407589328,-0.07379750874225302,TRUE,357,20
20,82,0.2,0.2,0.01,1,NA,NA,NA,FALSE,367,20
21,82,0.2,0.2,0.01,1,0.38426805256975044,0.44226894771058434,-0.0839828324476677,TRUE,343,20
22,82,0.2,0.2,0.01,1,NA,NA,NA,FALSE,366,20
23,82,0.2,0.2,0.01,1,0.04161290339392371,0.4308653026277375,-0.06476450326141112,TRUE,379,20
24,82,0.2,0.2,0.01,1,0.14736294915185125,0.4267822459858674,-0.08360640032038086,TRUE,362,20
25,82,0.2,0.2,0.01,1,0.14760769102356247,0.44925331616570485,-0.08509363250595098,TRUE,381,20
26,82,0.2,0.2,0.01,1,1.0185692832671083,0.4744621735866574,-0.06093548768476736,TRUE,368,20
27,82,0.2,0.2,0.01,1,NA,NA,NA,FALSE,329,20
28,82,0.2,0.2,0.01,1,0.3359477103250221,0.482673144367898,-0.0845902471725967,TRUE,351,20
29,82,0.2,0.2,0.01,1,0.6182029879572986,0.4273486957204656,-0.06765312451952481,TRUE,340,20
30,82,0.2,0.2,0.01,1,0.7335664261711604,0.44108539214049286,-0.06671376332204276,TRUE,385,20
31,82,0.2,0.2,0.01,1,NA,NA,NA,FALSE,372,20
32,82,0.2,0.2,0.01,1,0.3060597287526617,0.46482250786784174,-0.06496396747380113,TRUE,380,20
33,82,0.2,0.2,0.01,1,1.3176090163440508,0.48223918422379797,-0.05412977383526518,TRUE,342,20
34,82,0.2,0.2,0.01,1,0.775822143324704,0.439223682119606,-0.07626929652370801,TRUE,393,20
35,82,0.2,0.2,0.01,1,0.07619892045847958,0.455912666635775,-0.05682447914978383,TRUE,355,20
36,82,0.2,0.2,0.01,1,NA,NA,NA,FALSE,379,20
37,82,0.2,0.2,0.01,1,NA,NA,NA,FALSE,362,20
38,82,0.2,0.2,0.01,1,0.10719043741886504,0.451330816349011,-0.07126957562268231,TRUE,361,20
39,82,0.2,0.2,0.01,1,0.6620993231063812,0.4861580057201688,-0.06423303743544809,TRUE,364,20
40,82,0.2,0.2,0.01,1,NA,NA,NA,FALSE,384,20
41,82,0.2,0.2,0.01,1,0.7411949816782087,0.4593481133828,-0.07574756623234902,TRUE,393,20
42,82,0.2,0.2,0.01,1,0.35358730926576853,0.4344926454122488,-0.07863383532074417,TRUE,371,20
43,82,0.2,0.2,0.01,1,NA,NA,NA,FALSE,352,20
44,82,0.2,0.2,0.01,1,NA,NA,NA,FALSE,312,20
45,82,0.2,0.2,0.01,1,NA,NA,NA,FALSE,356,20
46,82,0.2,0.2,0.01,1,0.3178687949501982,0.4781062485662277,-0.07171926503924188,TRUE,389,20
47,82,0.2,0.2,0.01,1,0.32536572742125813,0.4498307592891828,-0.06681270362234565,TRUE,364,20
48,82,0.2,0.2,0.01,1,0.4294374420913239,0.4687430463473528,-0.06770992274730742,TRUE,372,20
49,82,0.2,0.2,0.01,1,0.25079614114032345,0.4314677560046273,-0.07964229679263009,TRUE,390,20
50,82,0.2,0.2,0.01,1,0.5501457914757095,0.4185991291594974,-0.07112237790787261,TRUE,341,20
1,83,0.2,0.05,0.02,1,0.4986334003533348,0.9558579403110852,-0.0748965261276819,TRUE,368,20
2,83,0.2,0.05,0.02,1,NA,NA,NA,FALSE,395,20
3,83,0.2,0.05,0.02,1,1.4920260517713133,1.083805816085966,-0.07889024599638571,TRUE,339,20
4,83,0.2,0.05,0.02,1,NA,NA,NA,FALSE,363,20
5,83,0.2,0.05,0.02,1,NA,NA,NA,FALSE,380,20
6,83,0.2,0.05,0.02,1,2.538342454903015,1.1730090316360224,-0.08224030468388858,TRUE,366,20
7,83,0.2,0.05,0.02,1,0.4796390279611593,0.8507438093915964,-0.07163680833592538,TRUE,357,20
8,83,0.2,0.05,0.02,1,0,NA,NA,FALSE,344,20
9,83,0.2,0.05,0.02,1,0.07375151919774854,1.0608832830941712,-0.07864097628040206,TRUE,355,20
10,83,0.2,0.05,0.02,1,NA,NA,NA,FALSE,354,20
11,83,0.2,0.05,0.02,1,0.5871104821849681,1.140965406054646,-0.07145331482382872,TRUE,359,20
12,83,0.2,0.05,0.02,1,0.7353041067915914,0.9728844981594058,-0.07219758475769529,TRUE,411,20
13,83,0.2,0.05,0.02,1,NA,NA,NA,FALSE,352,20
14,83,0.2,0.05,0.02,1,NA,NA,NA,FALSE,326,20
15,83,0.2,0.05,0.02,1,0.2958211799526172,1.0635117253714106,-0.07078985250039078,TRUE,365,20
16,83,0.2,0.05,0.02,1,0.39780260564528813,0.988220704074216,-0.07395014575728877,TRUE,334,20
17,83,0.2,0.05,0.02,1,0.6973458097487821,0.848865708638546,-0.05938057050749432,TRUE,361,20
18,83,0.2,0.05,0.02,1,0.9011802942546997,0.7607932137731062,-0.07670015023667796,TRUE,378,20
19,83,0.2,0.05,0.02,1,NA,NA,NA,FALSE,370,20
20,83,0.2,0.05,0.02,1,0,NA,NA,FALSE,334,20
21,83,0.2,0.05,0.02,1,NA,NA,NA,FALSE,403,20
22,83,0.2,0.05,0.02,1,2.5530391987306507,0.8962589652501497,-0.07495847216834926,TRUE,380,20
23,83,0.2,0.05,0.02,1,NA,NA,NA,FALSE,357,20
24,83,0.2,0.05,0.02,1,0.6682101034238224,0.8256027470436397,-0.07967822094725101,TRUE,345,20
25,83,0.2,0.05,0.02,1,0.34107150930315155,0.8860001069608912,-0.07278758692878037,TRUE,349,20
26,83,0.2,0.05,0.02,1,0.764431354290131,1.0591286806245173,-0.076758235249157,TRUE,341,20
27,83,0.2,0.05,0.02,1,NA,NA,NA,FALSE,370,20
28,83,0.2,0.05,0.02,1,1.3856853831867104,0.9811224617349407,-0.07045732259386774,TRUE,354,20
29,83,0.2,0.05,0.02,1,NA,NA,NA,FALSE,335,20
30,83,0.2,0.05,0.02,1,1.35185176349073,1.2132252269387034,-0.06279940509225948,TRUE,348,20
31,83,0.2,0.05,0.02,1,1.8579203999110274,1.1995618355840727,-0.0715826454987127,TRUE,342,20
32,83,0.2,0.05,0.02,1,NA,NA,NA,FALSE,370,20
33,83,0.2,0.05,0.02,1,0.47329427876858143,0.6567582057552805,-0.08698625331973965,TRUE,357,20
34,83,0.2,0.05,0.02,1,0.4024744392547806,1.106263507809126,-0.06031267938045078,TRUE,329,20
35,83,0.2,0.05,0.02,1,0.4072466524108022,1.00969456887135,-0.06399865532810678,TRUE,373,20
36,83,0.2,0.05,0.02,1,NA,NA,NA,FALSE,386,20
37,83,0.2,0.05,0.02,1,0,NA,NA,FALSE,383,20
38,83,0.2,0.05,0.02,1,NA,NA,NA,FALSE,397,20
39,83,0.2,0.05,0.02,1,NA,NA,NA,FALSE,376,20
40,83,0.2,0.05,0.02,1,0.772109305492325,0.9683039182424595,-0.07171413414228428,TRUE,317,20
41,83,0.2,0.05,0.02,1,NA,NA,NA,FALSE,360,20
42,83,0.2,0.05,0.02,1,NA,NA,NA,FALSE,349,20
43,83,0.2,0.05,0.02,1,0.3800868501276529,0.797956991446539,-0.08621951030437436,TRUE,377,20
44,83,0.2,0.05,0.02,1,0.2553725738240965,0.8059437389829929,-0.06490069395802744,TRUE,369,20
45,83,0.2,0.05,0.02,1,0,NA,NA,FALSE,341,20
46,83,0.2,0.05,0.02,1,NA,NA,NA,FALSE,360,20
47,83,0.2,0.05,0.02,1,0.9411250974454265,0.9865274004038401,-0.08385259949319421,TRUE,343,20
48,83,0.2,0.05,0.02,1,NA,NA,NA,FALSE,340,20
49,83,0.2,0.05,0.02,1,NA,NA,NA,FALSE,334,20
50,83,0.2,0.05,0.02,1,0.1953828157684883,0.8637386498967446,-0.07978234714316416,TRUE,383,20
1,84,0.2,0.09,0.02,1,0.16515262064485794,0.7699767382112772,-0.08734629598220289,TRUE,326,20
2,84,0.2,0.09,0.02,1,0.9257221485393785,0.6726230704106156,-0.07419740992024375,TRUE,372,20
3,84,0.2,0.09,0.02,1,NA,NA,NA,FALSE,345,20
4,84,0.2,0.09,0.02,1,NA,NA,NA,FALSE,338,20
5,84,0.2,0.09,0.02,1,0.22287137781964766,0.6373224668719538,-0.07556305688350115,TRUE,401,20
6,84,0.2,0.09,0.02,1,NA,NA,NA,FALSE,358,20
7,84,0.2,0.09,0.02,1,NA,NA,NA,FALSE,335,20
8,84,0.2,0.09,0.02,1,NA,NA,NA,FALSE,360,20
9,84,0.2,0.09,0.02,1,NA,NA,NA,FALSE,336,20
10,84,0.2,0.09,0.02,1,NA,NA,NA,FALSE,358,20
11,84,0.2,0.09,0.02,1,NA,NA,NA,FALSE,362,20
12,84,0.2,0.09,0.02,1,NA,NA,NA,FALSE,362,20
13,84,0.2,0.09,0.02,1,NA,NA,NA,FALSE,367,20
14,84,0.2,0.09,0.02,1,NA,NA,NA,FALSE,328,20
15,84,0.2,0.09,0.02,1,0.316750425027529,0.5635134239902768,-0.06400656638975617,TRUE,375,20
16,84,0.2,0.09,0.02,1,NA,NA,NA,FALSE,360,20
17,84,0.2,0.09,0.02,1,0.6610901784630175,0.6681578046305306,-0.07527214865554192,TRUE,375,20
18,84,0.2,0.09,0.02,1,NA,NA,NA,FALSE,364,20
19,84,0.2,0.09,0.02,1,2.6760819712479833,0.8247118860765171,-0.06530023499337276,TRUE,338,20
20,84,0.2,0.09,0.02,1,0.2749292523104514,0.6961560419838202,-0.08577986426661142,TRUE,355,20
21,84,0.2,0.09,0.02,1,NA,NA,NA,FALSE,392,20
22,84,0.2,0.09,0.02,1,0.8861074952575257,0.6921315349216867,-0.08331035119925267,TRUE,348,20
23,84,0.2,0.09,0.02,1,0,NA,NA,FALSE,337,20
24,84,0.2,0.09,0.02,1,0.4923131454618405,0.8974479466371286,-0.08004638378209189,TRUE,379,20
25,84,0.2,0.09,0.02,1,NA,NA,NA,FALSE,374,20
26,84,0.2,0.09,0.02,1,NA,NA,NA,FALSE,382,20
27,84,0.2,0.09,0.02,1,0.5334806392597276,0.5952322119535463,-0.07453363771112215,TRUE,375,20
28,84,0.2,0.09,0.02,1,0.061310642816394666,0.5516478189062041,-0.08739345544243841,TRUE,359,20
29,84,0.2,0.09,0.02,1,1.1986436970148362,0.7520795940921899,-0.07413655530596852,TRUE,334,20
30,84,0.2,0.09,0.02,1,0.0749201172671874,0.6212312658513107,-0.06685457594458137,TRUE,345,20
31,84,0.2,0.09,0.02,1,0.040063483497179614,0.6481192391958,-0.053893319708406905,TRUE,330,20
32,84,0.2,0.09,0.02,1,0.7637917985561065,0.6249935179380927,-0.06572107324844126,TRUE,358,20
33,84,0.2,0.09,0.02,1,NA,NA,NA,FALSE,353,20
34,84,0.2,0.09,0.02,1,1.3341953801201467,0.7302657258018705,-0.07144966794674569,TRUE,361,20
35,84,0.2,0.09,0.02,1,0.35662884574258774,0.7213400829036621,-0.07058199850632071,TRUE,357,20
36,84,0.2,0.09,0.02,1,1.1979195172741512,0.9139903580449307,-0.06249498078721791,TRUE,345,20
37,84,0.2,0.09,0.02,1,NA,NA,NA,FALSE,381,20
38,84,0.2,0.09,0.02,1,NA,NA,NA,FALSE,375,20
39,84,0.2,0.09,0.02,1,NA,NA,NA,FALSE,350,20
40,84,0.2,0.09,0.02,1,0.3514057377002075,0.639528649575221,-0.07816194460485955,TRUE,406,20
41,84,0.2,0.09,0.02,1,NA,NA,NA,FALSE,363,20
42,84,0.2,0.09,0.02,1,NA,NA,NA,FALSE,362,20
43,84,0.2,0.09,0.02,1,NA,NA,NA,FALSE,346,20
44,84,0.2,0.09,0.02,1,NA,NA,NA,FALSE,352,20
45,84,0.2,0.09,0.02,1,0.7552773927310933,0.8248096244480608,-0.07573949800326267,TRUE,329,20
46,84,0.2,0.09,0.02,1,1.0663847521236252,0.6392915884270302,-0.09150740996280855,TRUE,351,20
47,84,0.2,0.09,0.02,1,1.8042307133300184,0.7625047421222593,-0.08258577147704846,TRUE,356,20
48,84,0.2,0.09,0.02,1,NA,NA,NA,FALSE,364,20
49,84,0.2,0.09,0.02,1,NA,NA,NA,FALSE,360,20
50,84,0.2,0.09,0.02,1,1.0243453742272888,0.4807462072305834,-0.07003283720707654,TRUE,362,20
1,85,0.2,0.15,0.02,1,0.08948728581499586,0.7013553218674702,-0.08021992844156586,TRUE,355,20
2,85,0.2,0.15,0.02,1,NA,NA,NA,FALSE,384,20
3,85,0.2,0.15,0.02,1,0.5658951732374773,0.6461042382650195,-0.08118108295731047,TRUE,367,20
4,85,0.2,0.15,0.02,1,0.6371972361124826,0.6369890616265071,-0.08574030850323783,TRUE,370,20
5,85,0.2,0.15,0.02,1,NA,NA,NA,FALSE,354,20
6,85,0.2,0.15,0.02,1,0.7179683841940858,0.5581759777467542,-0.06404061803846425,TRUE,367,20
7,85,0.2,0.15,0.02,1,0.16848364578316044,0.43895009626948445,-0.08382407343433827,TRUE,374,20
8,85,0.2,0.15,0.02,1,0.9022421553348435,0.5208864786182357,-0.05813563469923331,TRUE,342,20
9,85,0.2,0.15,0.02,1,NA,NA,NA,FALSE,341,20
10,85,0.2,0.15,0.02,1,0.6671555061753324,0.6285205208943228,-0.06608658359032227,TRUE,333,20
11,85,0.2,0.15,0.02,1,0.5319149050472597,0.5002136161260498,-0.06085856037009354,TRUE,359,20
12,85,0.2,0.15,0.02,1,NA,NA,NA,FALSE,371,20
13,85,0.2,0.15,0.02,1,NA,NA,NA,FALSE,350,20
14,85,0.2,0.15,0.02,1,0.5438693374795365,0.5251823962677921,-0.06805900515496069,TRUE,374,20
15,85,0.2,0.15,0.02,1,0.35313900739838333,0.565595669987347,-0.06948114438206199,TRUE,329,20
16,85,0.2,0.15,0.02,1,NA,NA,NA,FALSE,350,20
17,85,0.2,0.15,0.02,1,0.8035184623879055,0.5354255021931548,-0.06862152710634625,TRUE,380,20
18,85,0.2,0.15,0.02,1,0.9089715935499756,0.6551862506631632,-0.07310747006616573,TRUE,351,20
19,85,0.2,0.15,0.02,1,NA,NA,NA,FALSE,358,20
20,85,0.2,0.15,0.02,1,0.8410234690214502,0.573966083514946,-0.07511480148859173,TRUE,336,20
21,85,0.2,0.15,0.02,1,NA,NA,NA,FALSE,369,20
22,85,0.2,0.15,0.02,1,0.11848623341746962,0.495549533180963,-0.07056197411801253,TRUE,379,20
23,85,0.2,0.15,0.02,1,NA,NA,NA,FALSE,348,20
24,85,0.2,0.15,0.02,1,NA,NA,NA,FALSE,387,20
25,85,0.2,0.15,0.02,1,0.4065038134540577,0.5512716856337585,-0.07559804906160965,TRUE,355,20
26,85,0.2,0.15,0.02,1,0.18122821123481445,0.514577591449047,-0.08028745244254935,TRUE,375,20
27,85,0.2,0.15,0.02,1,0.8823139129279264,0.6198838057168644,-0.0836739431997299,TRUE,364,20
28,85,0.2,0.15,0.02,1,0.3047944487361733,0.4790332342539958,-0.0848475302991183,TRUE,351,20
29,85,0.2,0.15,0.02,1,0.13081476683921991,0.600360811469566,-0.08240103010206394,TRUE,357,20
30,85,0.2,0.15,0.02,1,0.7620185282307974,0.5433880517240783,-0.05682810031735998,TRUE,375,20
31,85,0.2,0.15,0.02,1,0.4640401123633721,0.5036971540330105,-0.07057385103341192,TRUE,341,20
32,85,0.2,0.15,0.02,1,0.7213965919325261,0.5609644147980409,-0.07220435272591752,TRUE,374,20
33,85,0.2,0.15,0.02,1,0.6801623344009133,0.6251325169691578,-0.08445087420041793,TRUE,382,20
34,85,0.2,0.15,0.02,1,0.344156847225176,0.589608952819731,-0.07453213969073866,TRUE,368,20
35,85,0.2,0.15,0.02,1,0.2791192380905801,0.500219166643445,-0.08823990349844721,TRUE,345,20
36,85,0.2,0.15,0.02,1,NA,NA,NA,FALSE,320,20
37,85,0.2,0.15,0.02,1,NA,NA,NA,FALSE,365,20
38,85,0.2,0.15,0.02,1,NA,NA,NA,FALSE,367,20
39,85,0.2,0.15,0.02,1,0.8973348454608367,0.5286579818105026,-0.06796110501715923,TRUE,356,20
40,85,0.2,0.15,0.02,1,NA,NA,NA,FALSE,372,20
41,85,0.2,0.15,0.02,1,0.14222327945183874,0.49624028905404183,-0.07785230727457668,TRUE,381,20
42,85,0.2,0.15,0.02,1,0.02806045032386343,0.4116737813567379,-0.07184769851459594,TRUE,386,20
43,85,0.2,0.15,0.02,1,NA,NA,NA,FALSE,364,20
44,85,0.2,0.15,0.02,1,NA,NA,NA,FALSE,385,20
45,85,0.2,0.15,0.02,1,0.45444838112127833,0.5533211861973562,-0.08608933688676199,TRUE,370,20
46,85,0.2,0.15,0.02,1,0.21233589044683515,0.5964634825322945,-0.0746316263947071,TRUE,368,20
47,85,0.2,0.15,0.02,1,0.30478243880694983,0.4709446568666696,-0.07867166941989179,TRUE,350,20
48,85,0.2,0.15,0.02,1,NA,NA,NA,FALSE,323,20
49,85,0.2,0.15,0.02,1,0.4532583719925484,0.5126757553056885,-0.0889731271955629,TRUE,328,20
50,85,0.2,0.15,0.02,1,1.0002247140841152,0.546337958495249,-0.07215510400606466,TRUE,349,20
1,86,0.2,0.2,0.02,1,0.0723781131794171,0.4434973209214683,-0.06341062426453807,TRUE,352,20
2,86,0.2,0.2,0.02,1,0.5092496845179617,0.4382478264673003,-0.06864830332011153,TRUE,382,20
3,86,0.2,0.2,0.02,1,0.3961658692930867,0.49435780139708707,-0.05999477437023189,TRUE,358,20
4,86,0.2,0.2,0.02,1,0.12808544340114064,0.5411996499990592,-0.05737475886266753,TRUE,356,20
5,86,0.2,0.2,0.02,1,0.9388870419550553,0.45251873674464194,-0.08612434693896695,TRUE,355,20
6,86,0.2,0.2,0.02,1,0.030858122774552788,0.45382870335770936,-0.0787573360913739,TRUE,354,20
7,86,0.2,0.2,0.02,1,0.308064303663092,0.5071843068586976,-0.08616670915663212,TRUE,338,20
8,86,0.2,0.2,0.02,1,0.3710823503109379,0.4618647990759075,-0.07527591468353033,TRUE,379,20
9,86,0.2,0.2,0.02,1,0.9493225738514436,0.47920706607199665,-0.08284980821307077,TRUE,345,20
10,86,0.2,0.2,0.02,1,0.1823342077829314,0.47553948251069605,-0.08228575003296172,TRUE,325,20
11,86,0.2,0.2,0.02,1,NA,NA,NA,FALSE,351,20
12,86,0.2,0.2,0.02,1,0.46542806090580524,0.5128708566729575,-0.061127351019008694,TRUE,346,20
13,86,0.2,0.2,0.02,1,0.720619554769737,0.5635850777913486,-0.08091266815705633,TRUE,331,20
14,86,0.2,0.2,0.02,1,NA,NA,NA,FALSE,332,20
15,86,0.2,0.2,0.02,1,0.08514016848628216,0.474827982692134,-0.06684357386876046,TRUE,398,20
16,86,0.2,0.2,0.02,1,0.4222266939942596,0.46232862279354686,-0.06376767217403387,TRUE,340,20
17,86,0.2,0.2,0.02,1,NA,NA,NA,FALSE,359,20
18,86,0.2,0.2,0.02,1,0.176281658703041,0.49361439741098684,-0.05774708562095178,TRUE,342,20
19,86,0.2,0.2,0.02,1,0.976362944652101,0.535167848585485,-0.07784439363520036,TRUE,389,20
20,86,0.2,0.2,0.02,1,NA,NA,NA,FALSE,385,20
21,86,0.2,0.2,0.02,1,0.384587663401364,0.43112273958766834,-0.06553184068884219,TRUE,372,20
22,86,0.2,0.2,0.02,1,NA,NA,NA,FALSE,344,20
23,86,0.2,0.2,0.02,1,4.422002746104969e-4,0.5365174236009026,-0.08676054567684736,TRUE,390,20
24,86,0.2,0.2,0.02,1,0.24233050468538092,0.57253733011015,-0.06228970198263006,TRUE,342,20
25,86,0.2,0.2,0.02,1,NA,NA,NA,FALSE,380,20
26,86,0.2,0.2,0.02,1,0.63287809815737,0.4883974075336628,-0.07061654929309293,TRUE,328,20
27,86,0.2,0.2,0.02,1,NA,NA,NA,FALSE,358,20
28,86,0.2,0.2,0.02,1,0.15578309168031973,0.46977271847276264,-0.09812001046500897,TRUE,348,20
29,86,0.2,0.2,0.02,1,0,NA,NA,FALSE,359,20
30,86,0.2,0.2,0.02,1,NA,NA,NA,FALSE,373,20
31,86,0.2,0.2,0.02,1,0.07036967267135766,0.48471487237780486,-0.06884000034462533,TRUE,372,20
32,86,0.2,0.2,0.02,1,0.05411467531107111,0.5764169986334476,-0.08204494019370998,TRUE,328,20
33,86,0.2,0.2,0.02,1,1.0165657830399175,0.47347189115581056,-0.0847845343816711,TRUE,351,20
34,86,0.2,0.2,0.02,1,0.30410577607874695,0.4343239765080104,-0.06969396936803761,TRUE,361,20
35,86,0.2,0.2,0.02,1,0.16239002292415813,0.41124329325603864,-0.06441233417280202,TRUE,362,20
36,86,0.2,0.2,0.02,1,0.9265632281064584,0.4942788618461838,-0.071631561883521,TRUE,379,20
37,86,0.2,0.2,0.02,1,0.2582334697052422,0.44679286946397656,-0.07233395412419735,TRUE,384,20
38,86,0.2,0.2,0.02,1,0.16715278596647323,0.45326600698327313,-0.06765258491098466,TRUE,354,20
39,86,0.2,0.2,0.02,1,1.1243732550043908,0.4726902935370329,-0.09109007104598998,TRUE,384,20
40,86,0.2,0.2,0.02,1,0.6520386180535223,0.4614683497238748,-0.07589388231792842,TRUE,384,20
41,86,0.2,0.2,0.02,1,0.1295443737008723,0.5237763117552738,-0.08482224577672637,TRUE,376,20
42,86,0.2,0.2,0.02,1,1.2244353770121454,0.5321714796512145,-0.07705812211710335,TRUE,325,20
43,86,0.2,0.2,0.02,1,NA,NA,NA,FALSE,366,20
44,86,0.2,0.2,0.02,1,0.5190612808098927,0.5245409948475973,-0.05640907255359881,TRUE,337,20
45,86,0.2,0.2,0.02,1,NA,NA,NA,FALSE,361,20
46,86,0.2,0.2,0.02,1,NA,NA,NA,FALSE,378,20
47,86,0.2,0.2,0.02,1,NA,NA,NA,FALSE,356,20
48,86,0.2,0.2,0.02,1,0,NA,NA,FALSE,359,20
49,86,0.2,0.2,0.02,1,0.6273350286818451,0.5245571866537491,-0.08556534081187739,TRUE,357,20
50,86,0.2,0.2,0.02,1,0.7414052446054198,0.43849711815953846,-0.06535842317021766,TRUE,334,20
1,87,0.2,0.05,0.03,1,0.45181035052049534,0.9016012580991293,-0.07689565329158693,TRUE,392,20
2,87,0.2,0.05,0.03,1,NA,NA,NA,FALSE,319,20
3,87,0.2,0.05,0.03,1,0.09114390236615387,0.752276831948942,-0.07836656472601405,TRUE,354,20
4,87,0.2,0.05,0.03,1,NA,NA,NA,FALSE,334,20
5,87,0.2,0.05,0.03,1,5.107419373581571,2.264238280383453,-0.060586707787555684,TRUE,326,20
6,87,0.2,0.05,0.03,1,0.9542415664348994,0.9275265921831772,-0.08848521825577906,TRUE,383,20
7,87,0.2,0.05,0.03,1,0.9659794726964627,0.9969629346431844,-0.07119417104325818,TRUE,346,20
8,87,0.2,0.05,0.03,1,0.4389868280007765,0.7263637807362824,-0.0652983972899354,TRUE,368,20
9,87,0.2,0.05,0.03,1,0.6585446935963826,0.9861860440412167,-0.07349381672414965,TRUE,358,20
10,87,0.2,0.05,0.03,1,NA,NA,NA,FALSE,351,20
11,87,0.2,0.05,0.03,1,0.3522189845415171,1.1397402714854703,-0.07932179691177016,TRUE,373,20
12,87,0.2,0.05,0.03,1,NA,NA,NA,FALSE,387,20
13,87,0.2,0.05,0.03,1,1.9620062773808602,1.1438887759777299,-0.07865912072679407,TRUE,358,20
14,87,0.2,0.05,0.03,1,0.20852040266510394,0.819607306025252,-0.0693563873551499,TRUE,376,20
15,87,0.2,0.05,0.03,1,0.8883277860830128,0.7737951931292573,-0.07733519281630513,TRUE,369,20
16,87,0.2,0.05,0.03,1,0.5912603707393801,0.9768047852484533,-0.06788412077616861,TRUE,332,20
17,87,0.2,0.05,0.03,1,1.209919713762661,1.7031269630322181,-0.08378767027603988,TRUE,334,20
18,87,0.2,0.05,0.03,1,0.5934072908273925,0.6261055923876965,-0.07850044441264006,TRUE,334,20
19,87,0.2,0.05,0.03,1,NA,NA,NA,FALSE,352,20
20,87,0.2,0.05,0.03,1,1.9496263824514788,1.424812604576582,-0.09351821660068589,TRUE,368,20
21,87,0.2,0.05,0.03,1,0.22712393280361423,0.7722400003412233,-0.08885890678618619,TRUE,361,20
22,87,0.2,0.05,0.03,1,NA,NA,NA,FALSE,365,20
23,87,0.2,0.05,0.03,1,0.6014618322592705,0.6733710031397374,-0.07348658580516251,TRUE,344,20
24,87,0.2,0.05,0.03,1,NA,NA,NA,FALSE,353,20
25,87,0.2,0.05,0.03,1,NA,NA,NA,FALSE,398,20
26,87,0.2,0.05,0.03,1,NA,NA,NA,FALSE,343,20
27,87,0.2,0.05,0.03,1,NA,NA,NA,FALSE,375,20
28,87,0.2,0.05,0.03,1,1.841728741363172,1.1140126229356286,-0.07502594912063602,TRUE,369,20
29,87,0.2,0.05,0.03,1,0.42638649183009664,0.7931397513624866,-0.08077497390915714,TRUE,339,20
30,87,0.2,0.05,0.03,1,0.5028488764970528,0.8348795249452541,-0.08648174115081987,TRUE,379,20
31,87,0.2,0.05,0.03,1,0.30481141084254265,0.8650558928777295,-0.06942647987228018,TRUE,347,20
32,87,0.2,0.05,0.03,1,1.982205884889437,1.002088673650302,-0.08554980035887323,TRUE,350,20
33,87,0.2,0.05,0.03,1,2.478037306549556,1.291372096152097,-0.07455036593226885,TRUE,350,20
34,87,0.2,0.05,0.03,1,1.9277524691641788,1.1774468857802374,-0.08404189709786561,TRUE,372,20
35,87,0.2,0.05,0.03,1,1.402992415912306,1.0836936470284628,-0.05481556254874797,TRUE,409,20
36,87,0.2,0.05,0.03,1,1.2222466385296504,0.9155328330717188,-0.062453671203300254,TRUE,349,20
37,87,0.2,0.05,0.03,1,NA,NA,NA,FALSE,329,20
38,87,0.2,0.05,0.03,1,0.2949407015807069,0.8352240163325285,-0.06560052873838051,TRUE,368,20
39,87,0.2,0.05,0.03,1,NA,NA,NA,FALSE,381,20
40,87,0.2,0.05,0.03,1,0.15600048660402088,1.0121342868510859,-0.08447599195409627,TRUE,378,20
41,87,0.2,0.05,0.03,1,1.3628018391539618,0.9044389434824642,-0.06080417859273836,TRUE,376,20
42,87,0.2,0.05,0.03,1,NA,NA,NA,FALSE,352,20
43,87,0.2,0.05,0.03,1,0.5809240069721897,0.9738694213787619,-0.08697119333134878,TRUE,366,20
44,87,0.2,0.05,0.03,1,0.3847092325500676,1.2373153254288238,-0.06904553780564553,TRUE,336,20
45,87,0.2,0.05,0.03,1,NA,NA,NA,FALSE,337,20
46,87,0.2,0.05,0.03,1,NA,NA,NA,FALSE,367,20
47,87,0.2,0.05,0.03,1,0.6029877664219451,0.7860181996408773,-0.07761037665548898,TRUE,369,20
48,87,0.2,0.05,0.03,1,0.41105927882921434,0.8785179231796119,-0.061730903611069005,TRUE,351,20
49,87,0.2,0.05,0.03,1,0.367589639046341,0.8031137006707625,-0.07796583101013109,TRUE,384,20
50,87,0.2,0.05,0.03,1,NA,NA,NA,FALSE,351,20
1,88,0.2,0.09,0.03,1,NA,NA,NA,FALSE,373,20
2,88,0.2,0.09,0.03,1,NA,NA,NA,FALSE,350,20
3,88,0.2,0.09,0.03,1,NA,NA,NA,FALSE,387,20
4,88,0.2,0.09,0.03,1,NA,NA,NA,FALSE,364,20
5,88,0.2,0.09,0.03,1,NA,NA,NA,FALSE,372,20
6,88,0.2,0.09,0.03,1,NA,NA,NA,FALSE,372,20
7,88,0.2,0.09,0.03,1,0.1809905019662507,0.5857707057503625,-0.07697172296394465,TRUE,374,20
8,88,0.2,0.09,0.03,1,NA,NA,NA,FALSE,387,20
9,88,0.2,0.09,0.03,1,0.5398690277903483,0.6483544356825727,-0.0854621152761735,TRUE,355,20
10,88,0.2,0.09,0.03,1,NA,NA,NA,FALSE,339,20
11,88,0.2,0.09,0.03,1,NA,NA,NA,FALSE,343,20
12,88,0.2,0.09,0.03,1,0.2902062152012484,0.7503338112835096,-0.08382205040779692,TRUE,347,20
13,88,0.2,0.09,0.03,1,0.17499397409370657,0.6705363727083677,-0.05818014319577628,TRUE,370,20
14,88,0.2,0.09,0.03,1,NA,NA,NA,FALSE,357,20
15,88,0.2,0.09,0.03,1,0.2852294071512511,0.580808014843935,-0.05231840854129777,TRUE,369,20
16,88,0.2,0.09,0.03,1,NA,NA,NA,FALSE,356,20
17,88,0.2,0.09,0.03,1,NA,NA,NA,FALSE,372,20
18,88,0.2,0.09,0.03,1,0.6464995795839913,0.5616283629845583,-0.06937683204886697,TRUE,340,20
19,88,0.2,0.09,0.03,1,NA,NA,NA,FALSE,382,20
20,88,0.2,0.09,0.03,1,0.16834701513074748,0.7375944413354619,-0.08078953283355828,TRUE,398,20
21,88,0.2,0.09,0.03,1,1.173929101896682,0.8103856430444781,-0.086497215546099,TRUE,357,20
22,88,0.2,0.09,0.03,1,2.8503767933090423,1.1816346008220844,-0.06254180178959537,TRUE,358,20
23,88,0.2,0.09,0.03,1,NA,NA,NA,FALSE,384,20
24,88,0.2,0.09,0.03,1,0.8301130946559627,0.6642577033903488,-0.07140865359913323,TRUE,356,20
25,88,0.2,0.09,0.03,1,0.0912659124466429,0.5985093290266095,-0.07944402970747261,TRUE,356,20
26,88,0.2,0.09,0.03,1,NA,NA,NA,FALSE,332,20
27,88,0.2,0.09,0.03,1,NA,NA,NA,FALSE,349,20
28,88,0.2,0.09,0.03,1,1.413808072344115,0.6770970106289594,-0.06098442347984797,TRUE,359,20
29,88,0.2,0.09,0.03,1,0,0,-0.060707188320396524,TRUE,361,20
30,88,0.2,0.09,0.03,1,0,NA,NA,FALSE,352,20
31,88,0.2,0.09,0.03,1,NA,NA,NA,FALSE,360,20
32,88,0.2,0.09,0.03,1,0.8870315598898342,0.6978584215258533,-0.06679618605315604,TRUE,341,20
33,88,0.2,0.09,0.03,1,NA,NA,NA,FALSE,342,20
34,88,0.2,0.09,0.03,1,0.574113543060064,0.65658095264202,-0.08806535731687506,TRUE,377,20
35,88,0.2,0.09,0.03,1,0.005399530404065315,0.9596847258944836,-0.07783200031555283,TRUE,335,20
36,88,0.2,0.09,0.03,1,0,NA,NA,FALSE,358,20
37,88,0.2,0.09,0.03,1,0.9854595760796818,0.617163164015329,-0.08304895826258098,TRUE,358,20
38,88,0.2,0.09,0.03,1,NA,NA,NA,FALSE,369,20
39,88,0.2,0.09,0.03,1,NA,NA,NA,FALSE,381,20
40,88,0.2,0.09,0.03,1,0.13046976514919376,0.5167806619042347,-0.08952747337694719,TRUE,360,20
41,88,0.2,0.09,0.03,1,0.7101375972111055,0.7041642975710977,-0.08440467799503418,TRUE,351,20
42,88,0.2,0.09,0.03,1,1.3561871897626787,0.6190292890561498,-0.08079640138345687,TRUE,365,20
43,88,0.2,0.09,0.03,1,0.7225429281026725,0.6473700044269671,-0.08459464257359404,TRUE,364,20
44,88,0.2,0.09,0.03,1,0.8161420194792774,0.6098712143966109,-0.08077269920226704,TRUE,398,20
45,88,0.2,0.09,0.03,1,0.4391724118875658,0.6796197350636225,-0.07970204144712688,TRUE,341,20
46,88,0.2,0.09,0.03,1,NA,NA,NA,FALSE,358,20
47,88,0.2,0.09,0.03,1,NA,NA,NA,FALSE,377,20
48,88,0.2,0.09,0.03,1,0.18266511091506615,0.7548204233260564,-0.0778002858719772,TRUE,329,20
49,88,0.2,0.09,0.03,1,NA,NA,NA,FALSE,356,20
50,88,0.2,0.09,0.03,1,0.40936843427400005,0.6661385489179772,-0.08558654889841645,TRUE,391,20
1,89,0.2,0.15,0.03,1,0.9048743166574745,0.6260589555343333,-0.0748495726022266,TRUE,313,20
2,89,0.2,0.15,0.03,1,NA,NA,NA,FALSE,365,20
3,89,0.2,0.15,0.03,1,NA,NA,NA,FALSE,340,20
4,89,0.2,0.15,0.03,1,NA,NA,NA,FALSE,331,20
5,89,0.2,0.15,0.03,1,2.0374905540147323,0.6443081321414889,-0.07758416284681172,TRUE,390,20
6,89,0.2,0.15,0.03,1,0.2728009382623368,0.45492769760514756,-0.07489677716353846,TRUE,350,20
7,89,0.2,0.15,0.03,1,0.06787975112006298,0.6465529944528472,-0.07592808688923365,TRUE,364,20
8,89,0.2,0.15,0.03,1,NA,NA,NA,FALSE,373,20
9,89,0.2,0.15,0.03,1,0.3749592964953237,0.5647443670201115,-0.06214810049770607,TRUE,364,20
10,89,0.2,0.15,0.03,1,1.101067528519154,0.5919105585655875,-0.07826619647371191,TRUE,379,20
11,89,0.2,0.15,0.03,1,NA,NA,NA,FALSE,373,20
12,89,0.2,0.15,0.03,1,0.2924771855298543,0.5953206040295999,-0.07354380120746429,TRUE,373,20
13,89,0.2,0.15,0.03,1,NA,NA,NA,FALSE,323,20
14,89,0.2,0.15,0.03,1,0.32755190436749204,0.650969435950597,-0.08454831716297176,TRUE,357,20
15,89,0.2,0.15,0.03,1,0.6993628920698048,0.5601595319584672,-0.07117050920672255,TRUE,353,20
16,89,0.2,0.15,0.03,1,0.47356825273082115,0.4536679290245852,-0.0668225960029518,TRUE,355,20
17,89,0.2,0.15,0.03,1,NA,NA,NA,FALSE,391,20
18,89,0.2,0.15,0.03,1,0.20929491817546034,0.4646962932623182,-0.08440848954196006,TRUE,389,20
19,89,0.2,0.15,0.03,1,NA,NA,NA,FALSE,365,20
20,89,0.2,0.15,0.03,1,NA,NA,NA,FALSE,381,20
21,89,0.2,0.15,0.03,1,0.9824660983033464,0.7246682136730492,-0.07299532891694432,TRUE,369,20
22,89,0.2,0.15,0.03,1,0.18388180052614247,0.5926492432546098,-0.07975820860043492,TRUE,329,20
23,89,0.2,0.15,0.03,1,0.8025896399600134,0.5470783841588079,-0.07268260126980079,TRUE,384,20
24,89,0.2,0.15,0.03,1,0.46729278880491987,0.5520991311643956,-0.07369599403035947,TRUE,338,20
25,89,0.2,0.15,0.03,1,NA,NA,NA,FALSE,336,20
26,89,0.2,0.15,0.03,1,0.8007884682956229,0.6038359842960344,-0.09673890249727463,TRUE,312,20
27,89,0.2,0.15,0.03,1,0.8832941395097427,0.5425018293173871,-0.08298569628589308,TRUE,367,20
28,89,0.2,0.15,0.03,1,0.3298245643789577,0.5282957357258703,-0.08150264096186424,TRUE,356,20
29,89,0.2,0.15,0.03,1,0.8596056470052862,0.5940819944554684,-0.0658742441768153,TRUE,376,20
30,89,0.2,0.15,0.03,1,0.034761624695046345,0.504048125249093,-0.07550921596151038,TRUE,350,20
31,89,0.2,0.15,0.03,1,NA,NA,NA,FALSE,374,20
32,89,0.2,0.15,0.03,1,NA,NA,NA,FALSE,358,20
33,89,0.2,0.15,0.03,1,0,NA,NA,FALSE,319,20
34,89,0.2,0.15,0.03,1,0.834970759015813,0.6297141245404131,-0.07057161003487823,TRUE,345,20
35,89,0.2,0.15,0.03,1,0.19095646171099495,0.47589792507513046,-0.06303301525938113,TRUE,367,20
36,89,0.2,0.15,0.03,1,1.2397973797954454,0.5875794147604104,-0.07490377655111244,TRUE,358,20
37,89,0.2,0.15,0.03,1,0.8611958130197829,0.701894615142789,-0.09702062436708539,TRUE,352,20
38,89,0.2,0.15,0.03,1,NA,NA,NA,FALSE,364,20
39,89,0.2,0.15,0.03,1,0.30582293218102924,0.5764296489231047,-0.08540037286745408,TRUE,389,20
40,89,0.2,0.15,0.03,1,NA,NA,NA,FALSE,378,20
41,89,0.2,0.15,0.03,1,NA,NA,NA,FALSE,376,20
42,89,0.2,0.15,0.03,1,NA,NA,NA,FALSE,348,20
43,89,0.2,0.15,0.03,1,0.8226245705894852,0.6593193468534913,-0.0609039344863281,TRUE,348,20
44,89,0.2,0.15,0.03,1,NA,NA,NA,FALSE,379,20
45,89,0.2,0.15,0.03,1,NA,NA,NA,FALSE,344,20
46,89,0.2,0.15,0.03,1,NA,NA,NA,FALSE,384,20
47,89,0.2,0.15,0.03,1,NA,NA,NA,FALSE,401,20
48,89,0.2,0.15,0.03,1,NA,NA,NA,FALSE,374,20
49,89,0.2,0.15,0.03,1,0.7304792370719545,0.5610556218557402,-0.08232321885189996,TRUE,366,20
50,89,0.2,0.15,0.03,1,NA,NA,NA,FALSE,354,20
1,90,0.2,0.2,0.03,1,0,0,-0.07797162844724899,TRUE,350,20
2,90,0.2,0.2,0.03,1,1.4341968457458798,0.5194000920191438,-0.07619344884926323,TRUE,360,20
3,90,0.2,0.2,0.03,1,0.12351147488533956,0.4348506136587997,-0.05583938323091728,TRUE,368,20
4,90,0.2,0.2,0.03,1,0.7094968853418877,0.49208808860634606,-0.08551689628016507,TRUE,371,20
5,90,0.2,0.2,0.03,1,0.5782577216716669,0.474212538108236,-0.07445855998444684,TRUE,383,20
6,90,0.2,0.2,0.03,1,0.18895158251880445,0.5050867668066034,-0.07648039132231056,TRUE,390,20
7,90,0.2,0.2,0.03,1,1.0236219164225782,0.4798651933943217,-0.06311542631894419,TRUE,370,20
8,90,0.2,0.2,0.03,1,NA,NA,NA,FALSE,358,20
9,90,0.2,0.2,0.03,1,0.3702284207204927,0.4202207854793476,-0.0944147025455893,TRUE,395,20
10,90,0.2,0.2,0.03,1,0.21701743606710988,0.4667793207457629,-0.05800570021241448,TRUE,357,20
11,90,0.2,0.2,0.03,1,0.2819050373974416,0.5312343149642759,-0.0664895330119008,TRUE,353,20
12,90,0.2,0.2,0.03,1,0.6672657960901032,0.46157276610126824,-0.08408767922804962,TRUE,385,20
13,90,0.2,0.2,0.03,1,1.4004599570119582,0.4445356625311914,-0.07476414946493672,TRUE,383,20
14,90,0.2,0.2,0.03,1,NA,NA,NA,FALSE,338,20
15,90,0.2,0.2,0.03,1,0.23487501176876768,0.4341216024301466,-0.05922813840039631,TRUE,354,20
16,90,0.2,0.2,0.03,1,NA,NA,NA,FALSE,356,20
17,90,0.2,0.2,0.03,1,0.7760935624017484,0.505942237978314,-0.06955772589931854,TRUE,356,20
18,90,0.2,0.2,0.03,1,0.07905145974151266,0.4487658854814006,-0.06652837776526153,TRUE,326,20
19,90,0.2,0.2,0.03,1,0.7618135526133981,0.47147920171603164,-0.0686435741706972,TRUE,346,20
20,90,0.2,0.2,0.03,1,NA,NA,NA,FALSE,369,20
21,90,0.2,0.2,0.03,1,0.7756861453292615,0.48708907380864275,-0.07535246653307341,TRUE,344,20
22,90,0.2,0.2,0.03,1,0.6616861658945025,0.47069968203437595,-0.08399148535676229,TRUE,384,20
23,90,0.2,0.2,0.03,1,0.30590804190155013,0.4856860996666846,-0.06445166774980945,TRUE,329,20
24,90,0.2,0.2,0.03,1,NA,NA,NA,FALSE,357,20
25,90,0.2,0.2,0.03,1,0.0874574267867481,0.4476110654728273,-0.08025139074551203,TRUE,340,20
26,90,0.2,0.2,0.03,1,0.37887345819804136,0.5638012203565317,-0.0625146716595603,TRUE,359,20
27,90,0.2,0.2,0.03,1,0.8921841324291087,0.4885553072302629,-0.08702644535870903,TRUE,401,20
28,90,0.2,0.2,0.03,1,NA,NA,NA,FALSE,363,20
29,90,0.2,0.2,0.03,1,NA,NA,NA,FALSE,352,20
30,90,0.2,0.2,0.03,1,0.09657624580854927,0.4767178578268262,-0.06564452606969136,TRUE,383,20
31,90,0.2,0.2,0.03,1,0.11670542012877239,0.4750458116655516,-0.06837462759290719,TRUE,396,20
32,90,0.2,0.2,0.03,1,0.4856237291569118,0.46611475054146695,-0.0660622799679077,TRUE,360,20
33,90,0.2,0.2,0.03,1,0.030373371962869728,0.6127505882330491,-0.06437381208967648,TRUE,341,20
34,90,0.2,0.2,0.03,1,0.6972370636958234,0.45070108555007793,-0.08340067036835325,TRUE,370,20
35,90,0.2,0.2,0.03,1,NA,NA,NA,FALSE,365,20
36,90,0.2,0.2,0.03,1,0.3712283087709905,0.4462569288393488,-0.07051354749924965,TRUE,383,20
37,90,0.2,0.2,0.03,1,0.35211746459725063,0.5315054490270797,-0.07988789044943044,TRUE,353,20
38,90,0.2,0.2,0.03,1,0.1562677005507163,0.4422574882982785,-0.08188952474817318,TRUE,369,20
39,90,0.2,0.2,0.03,1,0.42489713010958874,0.42819684996094465,-0.05683985889486251,TRUE,354,20
40,90,0.2,0.2,0.03,1,NA,NA,NA,FALSE,353,20
41,90,0.2,0.2,0.03,1,0.6885112576355686,0.48961380717025027,-0.06910250339055742,TRUE,353,20
42,90,0.2,0.2,0.03,1,NA,NA,NA,FALSE,378,20
43,90,0.2,0.2,0.03,1,NA,NA,NA,FALSE,368,20
44,90,0.2,0.2,0.03,1,NA,NA,NA,FALSE,360,20
45,90,0.2,0.2,0.03,1,0.4810235555355316,0.4609474061538399,-0.08701387646754624,TRUE,359,20
46,90,0.2,0.2,0.03,1,0.5328649684229628,0.41129046885088133,-0.07108972990116755,TRUE,348,20
47,90,0.2,0.2,0.03,1,0.09405204699134644,0.4199131645205117,-0.07354631029927296,TRUE,357,20
48,90,0.2,0.2,0.03,1,1.2027267339937786,0.5433926708347243,-0.06947109965011292,TRUE,381,20
49,90,0.2,0.2,0.03,1,0.2699970532567167,0.5015440542319765,-0.06799138049037674,TRUE,360,20
50,90,0.2,0.2,0.03,1,0.28751148246414593,0.3963907647425974,-0.06546856082633844,TRUE,382,20
1,91,0.2,0.09,0.05,1,0.3072427299775432,0.7162981073656727,-0.08340456516765146,TRUE,352,20
2,91,0.2,0.09,0.05,1,0.5637000096972998,0.7512978318444222,-0.06932248952876036,TRUE,361,20
3,91,0.2,0.09,0.05,1,0.36352608415714566,0.5570733869178146,-0.0529806069027096,TRUE,359,20
4,91,0.2,0.09,0.05,1,0.5006584655920747,0.5267264148950187,-0.08147136459190721,TRUE,348,20
5,91,0.2,0.09,0.05,1,0.5639012993222,0.7379629798602438,-0.06925441122312877,TRUE,359,20
6,91,0.2,0.09,0.05,1,NA,NA,NA,FALSE,352,20
7,91,0.2,0.09,0.05,1,NA,NA,NA,FALSE,346,20
8,91,0.2,0.09,0.05,1,0.46386388120670646,0.604127543167846,-0.07466065554257162,TRUE,346,20
9,91,0.2,0.09,0.05,1,0.7151595512696194,0.8374027244835093,-0.06919136305519663,TRUE,345,20
10,91,0.2,0.09,0.05,1,0.024198501438168624,0.6811881189145872,-0.0714891346967413,TRUE,378,20
11,91,0.2,0.09,0.05,1,NA,NA,NA,FALSE,371,20
12,91,0.2,0.09,0.05,1,0.6048353998764193,0.5787045015880361,-0.08227344282864862,TRUE,407,20
13,91,0.2,0.09,0.05,1,1.0924191915281247,0.6804963189181488,-0.07276870997931012,TRUE,334,20
14,91,0.2,0.09,0.05,1,0.776193442656159,0.6513131578340892,-0.07883777774520487,TRUE,363,20
15,91,0.2,0.09,0.05,1,NA,NA,NA,FALSE,375,20
16,91,0.2,0.09,0.05,1,NA,NA,NA,FALSE,355,20
17,91,0.2,0.09,0.05,1,0.637180597130876,0.8627071436670686,-0.05783422955325904,TRUE,366,20
18,91,0.2,0.09,0.05,1,NA,NA,NA,FALSE,367,20
19,91,0.2,0.09,0.05,1,1.0249904743594502,0.8154876319498163,-0.0646341219906541,TRUE,339,20
20,91,0.2,0.09,0.05,1,0.21528637188069547,0.5083512227005865,-0.08752167982414663,TRUE,353,20
21,91,0.2,0.09,0.05,1,NA,NA,NA,FALSE,345,20
22,91,0.2,0.09,0.05,1,0.1121984530308061,0.7865255978454772,-0.10022979408002226,TRUE,372,20
23,91,0.2,0.09,0.05,1,NA,NA,NA,FALSE,384,20
24,91,0.2,0.09,0.05,1,0.18745969587482147,0.5119687272857537,-0.06351476213248669,TRUE,353,20
25,91,0.2,0.09,0.05,1,1.0574455775410887,0.7091285075658204,-0.07526688295099569,TRUE,380,20
26,91,0.2,0.09,0.05,1,0.7268486219070552,0.49464223721738765,-0.06577803910071582,TRUE,364,20
27,91,0.2,0.09,0.05,1,NA,NA,NA,FALSE,346,20
28,91,0.2,0.09,0.05,1,NA,NA,NA,FALSE,346,20
29,91,0.2,0.09,0.05,1,2.19940582327577,1.0589336747386935,-0.06803662874670992,TRUE,322,20
30,91,0.2,0.09,0.05,1,0.38324120694805025,0.5526623474710074,-0.08026189449397968,TRUE,369,20
31,91,0.2,0.09,0.05,1,NA,NA,NA,FALSE,358,20
32,91,0.2,0.09,0.05,1,3.3566122871066413,1.3101313159557102,-0.07216885543307122,TRUE,312,20
33,91,0.2,0.09,0.05,1,1.4378115338654291,0.8410541615811746,-0.08219880765445291,TRUE,337,20
34,91,0.2,0.09,0.05,1,NA,NA,NA,FALSE,366,20
35,91,0.2,0.09,0.05,1,NA,NA,NA,FALSE,389,20
36,91,0.2,0.09,0.05,1,0.03137947402432172,0.6325150508721342,-0.06679604082029868,TRUE,357,20
37,91,0.2,0.09,0.05,1,0.22886501503530232,0.6930893519214733,-0.0706007849878011,TRUE,338,20
38,91,0.2,0.09,0.05,1,0,0,-0.07171923105812332,TRUE,339,20
39,91,0.2,0.09,0.05,1,0.3021057512702428,0.7051956856492054,-0.061434709782553186,TRUE,346,20
40,91,0.2,0.09,0.05,1,1.7753489945227556,0.7306193234109776,-0.06029645658878636,TRUE,360,20
41,91,0.2,0.09,0.05,1,NA,NA,NA,FALSE,328,20
42,91,0.2,0.09,0.05,1,0.2601126202597614,0.6938063052095281,-0.09174158365366901,TRUE,348,20
43,91,0.2,0.09,0.05,1,1.2828189226271938,0.641007245335873,-0.09079325512168569,TRUE,365,20
44,91,0.2,0.09,0.05,1,NA,NA,NA,FALSE,359,20
45,91,0.2,0.09,0.05,1,0.7240346786672752,0.643717513354423,-0.06798434636519078,TRUE,346,20
46,91,0.2,0.09,0.05,1,0.5475364772417461,0.5373181052142401,-0.06859954880697776,TRUE,394,20
47,91,0.2,0.09,0.05,1,1.2005355351475442,0.8795942450475985,-0.08622980354173782,TRUE,372,20
48,91,0.2,0.09,0.05,1,0.7895247747733715,0.7312148258482865,-0.07565440342910353,TRUE,313,20
49,91,0.2,0.09,0.05,1,0.026384011652666507,0.6183519568824813,-0.07590214632275676,TRUE,349,20
50,91,0.2,0.09,0.05,1,NA,NA,NA,FALSE,335,20
1,92,0.2,0.15,0.05,1,0.05920181181501813,0.5544285723474137,-0.07669936878121447,TRUE,353,20
2,92,0.2,0.15,0.05,1,0.04626908179255104,0.59473279353288655,-0.0796428798518954,TRUE,359,20
3,92,0.2,0.15,0.05,1,0.49125166180736995,0.6282641329443073,-0.06993987287177643,TRUE,342,20
4,92,0.2,0.15,0.05,1,NA,NA,NA,FALSE,333,20
5,92,0.2,0.15,0.05,1,1.1059940125234875,0.5674784356221177,-0.06056315962464495,TRUE,373,20
6,92,0.2,0.15,0.05,1,NA,NA,NA,FALSE,356,20
7,92,0.2,0.15,0.05,1,NA,NA,NA,FALSE,385,20
8,92,0.2,0.15,0.05,1,NA,NA,NA,FALSE,335,20
9,92,0.2,0.15,0.05,1,0.8900300478739932,0.5025843848689607,-0.06655153562424736,TRUE,357,20
10,92,0.2,0.15,0.05,1,0.9148279908050398,0.6196252499881443,-0.07893307536685522,TRUE,351,20
11,92,0.2,0.15,0.05,1,NA,NA,NA,FALSE,339,20
12,92,0.2,0.15,0.05,1,NA,NA,NA,FALSE,327,20
13,92,0.2,0.15,0.05,1,NA,NA,NA,FALSE,336,20
14,92,0.2,0.15,0.05,1,0.21708300593249572,0.5434525082042666,-0.0791568498129838,TRUE,368,20
15,92,0.2,0.15,0.05,1,0.39925331410767073,0.5014741051345994,-0.0837748709493032,TRUE,374,20
16,92,0.2,0.15,0.05,1,0.1776995894508969,0.5972806243956342,-0.07590659612379849,TRUE,365,20
17,92,0.2,0.15,0.05,1,NA,NA,NA,FALSE,368,20
18,92,0.2,0.15,0.05,1,0.06638531366440013,0.5113553409649276,-0.05733689888418439,TRUE,366,20
19,92,0.2,0.15,0.05,1,0.1533474548606744,0.5119485491489862,-0.07467240559619395,TRUE,356,20
20,92,0.2,0.15,0.05,1,0.7050343044574677,0.7036643698196999,-0.07304912981428419,TRUE,355,20
21,92,0.2,0.15,0.05,1,NA,NA,NA,FALSE,354,20
22,92,0.2,0.15,0.05,1,NA,NA,NA,FALSE,357,20
23,92,0.2,0.15,0.05,1,NA,NA,NA,FALSE,348,20
24,92,0.2,0.15,0.05,1,1.151343635169859,0.5294403084846359,-0.08894900663542538,TRUE,411,20
25,92,0.2,0.15,0.05,1,1.3654914731374468,0.49380826170229075,-0.1125164601434373,TRUE,371,20
26,92,0.2,0.15,0.05,1,NA,NA,NA,FALSE,383,20
27,92,0.2,0.15,0.05,1,NA,NA,NA,FALSE,371,20
28,92,0.2,0.15,0.05,1,0.5044779000980855,0.5268102423919413,-0.07494728029623263,TRUE,365,20
29,92,0.2,0.15,0.05,1,NA,NA,NA,FALSE,388,20
30,92,0.2,0.15,0.05,1,1.9341663261010424,0.6152231359033556,-0.07104194164652479,TRUE,366,20
31,92,0.2,0.15,0.05,1,NA,NA,NA,FALSE,330,20
32,92,0.2,0.15,0.05,1,0.37717737222317077,0.6018555198716151,-0.05262599277205955,TRUE,373,20
33,92,0.2,0.15,0.05,1,NA,NA,NA,FALSE,355,20
34,92,0.2,0.15,0.05,1,NA,NA,NA,FALSE,376,20
35,92,0.2,0.15,0.05,1,0.9588925849092201,0.46980862220872555,-0.09577418174218932,TRUE,386,20
36,92,0.2,0.15,0.05,1,0.037950335289591644,0.5877725669353054,-0.057564488698592625,TRUE,361,20
37,92,0.2,0.15,0.05,1,NA,NA,NA,FALSE,359,20
38,92,0.2,0.15,0.05,1,0.9982886218472217,0.6013123578487664,-0.06339731165330596,TRUE,356,20
39,92,0.2,0.15,0.05,1,NA,NA,NA,FALSE,378,20
40,92,0.2,0.15,0.05,1,NA,NA,NA,FALSE,358,20
41,92,0.2,0.15,0.05,1,0.8183200234287584,0.5242972007211713,-0.06903700587601826,TRUE,376,20
42,92,0.2,0.15,0.05,1,NA,NA,NA,FALSE,397,20
43,92,0.2,0.15,0.05,1,0.046457312487674846,0.5143768706578761,-0.06389331313280186,TRUE,376,20
44,92,0.2,0.15,0.05,1,NA,NA,NA,FALSE,331,20
45,92,0.2,0.15,0.05,1,0.7736607588528334,0.5152373698431125,-0.06754002119894707,TRUE,372,20
46,92,0.2,0.15,0.05,1,NA,NA,NA,FALSE,352,20
47,92,0.2,0.15,0.05,1,0.762607809014038,0.6244546481976965,-0.07415512479312429,TRUE,367,20
48,92,0.2,0.15,0.05,1,0.9373538231670755,0.6302910267428912,-0.07969536064136405,TRUE,372,20
49,92,0.2,0.15,0.05,1,0.35672527964249445,0.6083419015837706,-0.06748863049579909,TRUE,341,20
50,92,0.2,0.15,0.05,1,0.5065031311321537,0.5021937939078717,-0.0797817312022543,TRUE,350,20
1,93,0.2,0.2,0.05,1,1.0759222769878278,0.5122842390826383,-0.09800144216385506,TRUE,346,20
2,93,0.2,0.2,0.05,1,0.15328095829304375,0.42370546365958056,-0.09172364162952938,TRUE,356,20
3,93,0.2,0.2,0.05,1,NA,NA,NA,FALSE,347,20
4,93,0.2,0.2,0.05,1,0.7808493348386819,0.4852583818522848,-0.06203511265327254,TRUE,353,20
5,93,0.2,0.2,0.05,1,0.37583415239284146,0.43874909425423037,-0.06024889018648607,TRUE,367,20
6,93,0.2,0.2,0.05,1,NA,NA,NA,FALSE,349,20
7,93,0.2,0.2,0.05,1,0.6553219327265867,0.5736884341760056,-0.08533563850846428,TRUE,338,20
8,93,0.2,0.2,0.05,1,0.7684975307448624,0.5293352252183287,-0.05638332038510975,TRUE,348,20
9,93,0.2,0.2,0.05,1,0.15925566956181508,0.4482186762545949,-0.06280735497168739,TRUE,350,20
10,93,0.2,0.2,0.05,1,0.4488794185682543,0.5586993451824904,-0.08265101354863809,TRUE,325,20
11,93,0.2,0.2,0.05,1,0.2637790523114263,0.46956111567793185,-0.10012510945703057,TRUE,358,20
12,93,0.2,0.2,0.05,1,NA,NA,NA,FALSE,368,20
13,93,0.2,0.2,0.05,1,0.9170590349643848,0.44969020890089484,-0.07501931341974467,TRUE,348,20
14,93,0.2,0.2,0.05,1,NA,NA,NA,FALSE,338,20
15,93,0.2,0.2,0.05,1,NA,NA,NA,FALSE,309,20
16,93,0.2,0.2,0.05,1,0.06368836774285186,0.41993982927801676,-0.0653772230118596,TRUE,347,20
17,93,0.2,0.2,0.05,1,0.678533210928327,0.6436878474016702,-0.09216251605915213,TRUE,375,20
18,93,0.2,0.2,0.05,1,0.6337351896159434,0.514869205193364,-0.07015308015652635,TRUE,356,20
19,93,0.2,0.2,0.05,1,NA,NA,NA,FALSE,362,20
20,93,0.2,0.2,0.05,1,0.523862471192435,0.4474203767822037,-0.0655047586542696,TRUE,370,20
21,93,0.2,0.2,0.05,1,0.031819163316412484,0.42695356166044185,-0.08074330260070464,TRUE,394,20
22,93,0.2,0.2,0.05,1,0.3177350833791953,0.47753099507476254,-0.09155928967507829,TRUE,376,20
23,93,0.2,0.2,0.05,1,NA,NA,NA,FALSE,372,20
24,93,0.2,0.2,0.05,1,NA,NA,NA,FALSE,344,20
25,93,0.2,0.2,0.05,1,1.1226724022600745,0.5138072576066574,-0.0652357205830665,TRUE,348,20
26,93,0.2,0.2,0.05,1,NA,NA,NA,FALSE,362,20
27,93,0.2,0.2,0.05,1,0.15736548245297777,0.39843842549652725,-0.06948415416282148,TRUE,363,20
28,93,0.2,0.2,0.05,1,0.2438600062877607,0.49779295691570735,-0.09136542995822053,TRUE,364,20
29,93,0.2,0.2,0.05,1,0.5454622175569004,0.49033504917520426,-0.07538789577805965,TRUE,344,20
30,93,0.2,0.2,0.05,1,0.46347192210456895,0.4743435845933437,-0.08677432739488605,TRUE,378,20
31,93,0.2,0.2,0.05,1,NA,NA,NA,FALSE,364,20
32,93,0.2,0.2,0.05,1,0.6314694999480049,0.5190585158762251,-0.07772785187718145,TRUE,364,20
33,93,0.2,0.2,0.05,1,NA,NA,NA,FALSE,378,20
34,93,0.2,0.2,0.05,1,0.6116977250587954,0.4825457560563356,-0.07935948689582974,TRUE,366,20
35,93,0.2,0.2,0.05,1,0.6887592181519451,0.4964206862165036,-0.05468586651957805,TRUE,344,20
36,93,0.2,0.2,0.05,1,0.29432842687068717,0.41864850504674705,-0.05995957873829221,TRUE,362,20
37,93,0.2,0.2,0.05,1,0.139133497171649,0.4202640362468535,-0.08217860114280046,TRUE,362,20
38,93,0.2,0.2,0.05,1,NA,NA,NA,FALSE,380,20
39,93,0.2,0.2,0.05,1,0.14664693950268962,0.5571269145355896,-0.06865732686374898,TRUE,338,20
40,93,0.2,0.2,0.05,1,1.3074926889941847,0.4372032059182368,-0.06468372144221567,TRUE,395,20
41,93,0.2,0.2,0.05,1,0.05917207062406818,0.4687209901762423,-0.062457715325889535,TRUE,347,20
42,93,0.2,0.2,0.05,1,0,NA,NA,FALSE,352,20
43,93,0.2,0.2,0.05,1,0.3188857639312323,0.4898907188002943,-0.07668716396301206,TRUE,347,20
44,93,0.2,0.2,0.05,1,1.5244828112459705,0.5654876014527026,-0.0864523626558313,TRUE,347,20
45,93,0.2,0.2,0.05,1,0.6247174445858783,0.4503481091422251,-0.08669782552313852,TRUE,351,20
46,93,0.2,0.2,0.05,1,0.6459100376278304,0.49426032285791804,-0.07714596317341688,TRUE,381,20
47,93,0.2,0.2,0.05,1,NA,NA,NA,FALSE,342,20
48,93,0.2,0.2,0.05,1,0.27569438997380585,0.4418796870643474,-0.08518132209603939,TRUE,349,20
49,93,0.2,0.2,0.05,1,0.30110928116280644,0.4822544067729253,-0.08376044829704976,TRUE,358,20
50,93,0.2,0.2,0.05,1,1.1651543667999746,0.5296846533776508,-0.06409076037450144,TRUE,355,20
1,94,0.2,0.09,0.08,1,NA,NA,NA,FALSE,376,20
2,94,0.2,0.09,0.08,1,NA,NA,NA,FALSE,374,20
3,94,0.2,0.09,0.08,1,0.7251744514557593,0.7697598490877162,-0.06842440723588711,TRUE,365,20
4,94,0.2,0.09,0.08,1,0.8580995509081694,0.7272281731700736,-0.07450926926417895,TRUE,354,20
5,94,0.2,0.09,0.08,1,0.3488209946238371,0.6166152054654431,-0.07406745160039041,TRUE,381,20
6,94,0.2,0.09,0.08,1,1.6297801591749916,0.8676621179492295,-0.08737079332349963,TRUE,344,20
7,94,0.2,0.09,0.08,1,1.0684077224033655,0.6739675828629521,-0.07388319703599786,TRUE,345,20
8,94,0.2,0.09,0.08,1,0.09627123353501787,0.5426770651411121,-0.07919161861481364,TRUE,376,20
9,94,0.2,0.09,0.08,1,NA,NA,NA,FALSE,349,20
10,94,0.2,0.09,0.08,1,NA,NA,NA,FALSE,349,20
11,94,0.2,0.09,0.08,1,NA,NA,NA,FALSE,372,20
12,94,0.2,0.09,0.08,1,NA,NA,NA,FALSE,349,20
13,94,0.2,0.09,0.08,1,NA,NA,NA,FALSE,347,20
14,94,0.2,0.09,0.08,1,0.7388066054652509,0.52867200290351,-0.07000984679777446,TRUE,349,20
15,94,0.2,0.09,0.08,1,NA,NA,NA,FALSE,377,20
16,94,0.2,0.09,0.08,1,0.38639783743408257,0.648599755566604,-0.06415798201347143,TRUE,369,20
17,94,0.2,0.09,0.08,1,NA,NA,NA,FALSE,360,20
18,94,0.2,0.09,0.08,1,0.07557586046865487,0.6870018130561482,-0.06542725596492592,TRUE,373,20
19,94,0.2,0.09,0.08,1,1.0818728097322747,0.941948794113669,-0.09193594918999709,TRUE,364,20
20,94,0.2,0.09,0.08,1,NA,NA,NA,FALSE,357,20
21,94,0.2,0.09,0.08,1,0.9951410285698151,0.5254495190174159,-0.07928354641485556,TRUE,358,20
22,94,0.2,0.09,0.08,1,0.5423613108059387,0.6488237130025509,-0.07012268292269963,TRUE,393,20
23,94,0.2,0.09,0.08,1,NA,NA,NA,FALSE,340,20
24,94,0.2,0.09,0.08,1,NA,NA,NA,FALSE,360,20
25,94,0.2,0.09,0.08,1,1.4193011999491643,0.79345248670437,-0.06465029800244544,TRUE,355,20
26,94,0.2,0.09,0.08,1,NA,NA,NA,FALSE,317,20
27,94,0.2,0.09,0.08,1,NA,NA,NA,FALSE,376,20
28,94,0.2,0.09,0.08,1,NA,NA,NA,FALSE,368,20
29,94,0.2,0.09,0.08,1,NA,NA,NA,FALSE,365,20
30,94,0.2,0.09,0.08,1,0.7503888683813984,0.6461134989904229,-0.06478847986268448,TRUE,391,20
31,94,0.2,0.09,0.08,1,1.146905152567803,0.6090145554278182,-0.07510011911492942,TRUE,363,20
32,94,0.2,0.09,0.08,1,0.20673542738958942,0.7316986747115595,-0.06379097960116273,TRUE,357,20
33,94,0.2,0.09,0.08,1,0,NA,NA,FALSE,322,20
34,94,0.2,0.09,0.08,1,1.0425510654730386,0.5407539020801081,-0.06720166964513329,TRUE,369,20
35,94,0.2,0.09,0.08,1,0.4202866883520192,0.6755224341609212,-0.09042092091557746,TRUE,349,20
36,94,0.2,0.09,0.08,1,NA,NA,NA,FALSE,380,20
37,94,0.2,0.09,0.08,1,NA,NA,NA,FALSE,344,20
38,94,0.2,0.09,0.08,1,0.47110608658014436,0.6338403707870744,-0.07137280744555596,TRUE,363,20
39,94,0.2,0.09,0.08,1,0.8003410437378706,0.7679769258708943,-0.07416329016780153,TRUE,333,20
40,94,0.2,0.09,0.08,1,0.28612407952398394,0.6220761635140645,-0.06905845789070217,TRUE,344,20
41,94,0.2,0.09,0.08,1,NA,NA,NA,FALSE,364,20
42,94,0.2,0.09,0.08,1,0.5390675617935934,1.033657595708204,-0.08853578921216274,TRUE,367,20
43,94,0.2,0.09,0.08,1,0.024035969467647654,0.5906562995069119,-0.06502205553658556,TRUE,329,20
44,94,0.2,0.09,0.08,1,1.699496807776251,0.810900549755982,-0.08016822534832417,TRUE,380,20
45,94,0.2,0.09,0.08,1,0,NA,NA,FALSE,313,20
46,94,0.2,0.09,0.08,1,NA,NA,NA,FALSE,340,20
47,94,0.2,0.09,0.08,1,1.871448904182404,0.7138144077933382,-0.08485633694356766,TRUE,391,20
48,94,0.2,0.09,0.08,1,1.7796434659851856,0.7515364377425622,-0.07303820468746891,TRUE,348,20
49,94,0.2,0.09,0.08,1,0.34568926739505823,0.5915391655936992,-0.07839517016202768,TRUE,348,20
50,94,0.2,0.09,0.08,1,0.46715137000613155,0.4660216123296303,-0.0830775081495934,TRUE,418,20
1,95,0.2,0.15,0.08,1,NA,NA,NA,FALSE,316,20
2,95,0.2,0.15,0.08,1,NA,NA,NA,FALSE,355,20
3,95,0.2,0.15,0.08,1,NA,NA,NA,FALSE,365,20
4,95,0.2,0.15,0.08,1,1.3093976946590968,0.5242177118952474,-0.06880380241097558,TRUE,363,20
5,95,0.2,0.15,0.08,1,0.1672465464635919,0.5024275254817925,-0.06928267346729476,TRUE,345,20
6,95,0.2,0.15,0.08,1,0.13368131563162014,0.49580830543610815,-0.07055256137443203,TRUE,328,20
7,95,0.2,0.15,0.08,1,1.1025157924293199,0.49764507452391826,-0.07740863807577486,TRUE,399,20
8,95,0.2,0.15,0.08,1,NA,NA,NA,FALSE,383,20
9,95,0.2,0.15,0.08,1,0.13370831885072226,0.45069565832430664,-0.07665205036152992,TRUE,380,20
10,95,0.2,0.15,0.08,1,0.4995480717891468,0.5792708432831055,-0.06402350306159882,TRUE,341,20
11,95,0.2,0.15,0.08,1,NA,NA,NA,FALSE,355,20
12,95,0.2,0.15,0.08,1,NA,NA,NA,FALSE,382,20
13,95,0.2,0.15,0.08,1,NA,NA,NA,FALSE,346,20
14,95,0.2,0.15,0.08,1,0.8993139405505922,0.5721207134500238,-0.07173991014108268,TRUE,339,20
15,95,0.2,0.15,0.08,1,0.12509638786158858,0.5242816876253259,-0.0785919002162584,TRUE,371,20
16,95,0.2,0.15,0.08,1,NA,NA,NA,FALSE,339,20
17,95,0.2,0.15,0.08,1,0.39326074017902235,0.5004733721544548,-0.08067070955124975,TRUE,368,20
18,95,0.2,0.15,0.08,1,NA,NA,NA,FALSE,358,20
19,95,0.2,0.15,0.08,1,0.25051608744523235,0.5337983621811655,-0.05892177840074725,TRUE,366,20
20,95,0.2,0.15,0.08,1,0.4750972650243139,0.4893651328636138,-0.05873315805767648,TRUE,341,20
21,95,0.2,0.15,0.08,1,0.8067242299348617,0.5072391293050527,-0.08107914470961841,TRUE,361,20
22,95,0.2,0.15,0.08,1,1.0703116139857527,0.5270185406760504,-0.09274399881978955,TRUE,371,20
23,95,0.2,0.15,0.08,1,1.4623590086188474,0.8096622986216867,-0.07601366197875402,TRUE,378,20
24,95,0.2,0.15,0.08,1,0.11499616249034278,0.47053193800891635,-0.06992805467505664,TRUE,380,20
25,95,0.2,0.15,0.08,1,1.1832418289053859,0.698173217650385,-0.07437818499046536,TRUE,371,20
26,95,0.2,0.15,0.08,1,1.0039326921456506,0.729729761068188,-0.0706538603770981,TRUE,361,20
27,95,0.2,0.15,0.08,1,NA,NA,NA,FALSE,366,20
28,95,0.2,0.15,0.08,1,0.8017709861097987,0.5669539628601219,-0.06497373327365089,TRUE,366,20
29,95,0.2,0.15,0.08,1,NA,NA,NA,FALSE,350,20
30,95,0.2,0.15,0.08,1,0.8920073026220356,0.4643644184030398,-0.0849752916178018,TRUE,366,20
31,95,0.2,0.15,0.08,1,0.3956808032532374,0.6241059686383688,-0.07152002618145682,TRUE,354,20
32,95,0.2,0.15,0.08,1,NA,NA,NA,FALSE,324,20
33,95,0.2,0.15,0.08,1,NA,NA,NA,FALSE,356,20
34,95,0.2,0.15,0.08,1,NA,NA,NA,FALSE,361,20
35,95,0.2,0.15,0.08,1,NA,NA,NA,FALSE,323,20
36,95,0.2,0.15,0.08,1,0.958893631322787,0.5113687444885269,-0.07395508492547821,TRUE,388,20
37,95,0.2,0.15,0.08,1,0.005666520869671597,0.5333867588336054,-0.06918955265280334,TRUE,379,20
38,95,0.2,0.15,0.08,1,NA,NA,NA,FALSE,383,20
39,95,0.2,0.15,0.08,1,0.3589648689156508,0.6075014511348453,-0.0883746468364185,TRUE,352,20
40,95,0.2,0.15,0.08,1,0.3860151519179843,0.4787349830650673,-0.06755762340882367,TRUE,362,20
41,95,0.2,0.15,0.08,1,NA,NA,NA,FALSE,349,20
42,95,0.2,0.15,0.08,1,NA,NA,NA,FALSE,360,20
43,95,0.2,0.15,0.08,1,0.42663046355041473,0.5893840479183506,-0.10007879303098347,TRUE,361,20
44,95,0.2,0.15,0.08,1,0.7298567437104961,0.4860061389011584,-0.07217787871313325,TRUE,354,20
45,95,0.2,0.15,0.08,1,0.230639805279613,0.46193372675970745,-0.07302404772209814,TRUE,376,20
46,95,0.2,0.15,0.08,1,0.8058520874866274,0.5188236213091447,-0.08025592791437809,TRUE,368,20
47,95,0.2,0.15,0.08,1,0.3368434063497384,0.4828294097771741,-0.06999631911445865,TRUE,351,20
48,95,0.2,0.15,0.08,1,NA,NA,NA,FALSE,332,20
49,95,0.2,0.15,0.08,1,NA,NA,NA,FALSE,366,20
50,95,0.2,0.15,0.08,1,0.026782205030701934,0.5216309292964213,-0.07509421660260701,TRUE,377,20
1,96,0.2,0.2,0.08,1,0.8077923589036085,0.44927570740782513,-0.072069748317514,TRUE,380,20
2,96,0.2,0.2,0.08,1,0.5946461292302221,0.5495343219800054,-0.05660937706084215,TRUE,351,20
3,96,0.2,0.2,0.08,1,0.07617485902982009,0.45703238031144955,-0.08689345410843473,TRUE,345,20
4,96,0.2,0.2,0.08,1,0.7335675302652641,0.5942428004166511,-0.08668314335282461,TRUE,329,20
5,96,0.2,0.2,0.08,1,0.4601031432340104,0.4770905098620152,-0.06206411721769207,TRUE,371,20
6,96,0.2,0.2,0.08,1,NA,NA,NA,FALSE,353,20
7,96,0.2,0.2,0.08,1,0.7167991208719446,0.5328066821792755,-0.07140175665428808,TRUE,350,20
8,96,0.2,0.2,0.08,1,0.1843826203003828,0.46784805583968747,-0.047355665691834074,TRUE,371,20
9,96,0.2,0.2,0.08,1,0.06151413796906428,0.4487451446333162,-0.07551576156657644,TRUE,353,20
10,96,0.2,0.2,0.08,1,0.021370156811244486,0.5081619249985333,-0.08328330997012984,TRUE,332,20
11,96,0.2,0.2,0.08,1,0.19074480522533868,0.5105573989452122,-0.07256265562009269,TRUE,363,20
12,96,0.2,0.2,0.08,1,0.7155494397558697,0.5608035269390795,-0.08518200928329164,TRUE,409,20
13,96,0.2,0.2,0.08,1,0.3806500111854969,0.46097402661044157,-0.07519186865323751,TRUE,362,20
14,96,0.2,0.2,0.08,1,0.316798496715245,0.5130392292901583,-0.07941832639469792,TRUE,349,20
15,96,0.2,0.2,0.08,1,0.36576157359688044,0.505112554291313,-0.05764381618108878,TRUE,362,20
16,96,0.2,0.2,0.08,1,0.2642231138863279,0.4361258558981442,-0.07601314713412474,TRUE,360,20
17,96,0.2,0.2,0.08,1,0.06458667009936735,0.48259511323033744,-0.07667739593704916,TRUE,337,20
18,96,0.2,0.2,0.08,1,0,NA,NA,FALSE,372,20
19,96,0.2,0.2,0.08,1,0.7296927512383841,0.5153149335817241,-0.07480045825042618,TRUE,354,20
20,96,0.2,0.2,0.08,1,1.3322778253686511,0.576030789157387,-0.07520049845707596,TRUE,338,20
21,96,0.2,0.2,0.08,1,0.8492452742574517,0.5272599213185111,-0.0788812790482898,TRUE,360,20
22,96,0.2,0.2,0.08,1,0.5815346488266468,0.44412409839131567,-0.08271857859131197,TRUE,355,20
23,96,0.2,0.2,0.08,1,0.033246830050813386,0.5196764807925275,-0.08131976058641642,TRUE,319,20
24,96,0.2,0.2,0.08,1,NA,NA,NA,FALSE,352,20
25,96,0.2,0.2,0.08,1,0.6071764007803098,0.5019969441613038,-0.07843173222138981,TRUE,333,20
26,96,0.2,0.2,0.08,1,0.5289043734828787,0.5010954684331406,-0.07898166765722694,TRUE,355,20
27,96,0.2,0.2,0.08,1,NA,NA,NA,FALSE,406,20
28,96,0.2,0.2,0.08,1,NA,NA,NA,FALSE,369,20
29,96,0.2,0.2,0.08,1,0.3764229570188606,0.44275201577606893,-0.06765977813964476,TRUE,347,20
30,96,0.2,0.2,0.08,1,NA,NA,NA,FALSE,367,20
31,96,0.2,0.2,0.08,1,0.29848458170533343,0.47601864560579615,-0.071108933398078,TRUE,363,20
32,96,0.2,0.2,0.08,1,0.09400374194301593,0.4893797834728448,-0.06880926774118826,TRUE,354,20
33,96,0.2,0.2,0.08,1,0.31215482816360385,0.48920753241196974,-0.0788827296033772,TRUE,355,20
34,96,0.2,0.2,0.08,1,0.2588010214373191,0.4786179635208217,-0.08068495320361505,TRUE,333,20
35,96,0.2,0.2,0.08,1,NA,NA,NA,FALSE,354,20
36,96,0.2,0.2,0.08,1,0.5485995504526752,0.4429906241871733,-0.06496683099868494,TRUE,352,20
37,96,0.2,0.2,0.08,1,0.29079289568974387,0.4055858915592527,-0.06240715034810304,TRUE,373,20
38,96,0.2,0.2,0.08,1,0.5331625405872594,0.46157104963975676,-0.06057092732217915,TRUE,375,20
39,96,0.2,0.2,0.08,1,0.8303910734879175,0.7239459406423867,-0.05967712960878472,TRUE,362,20
40,96,0.2,0.2,0.08,1,NA,NA,NA,FALSE,375,20
41,96,0.2,0.2,0.08,1,0,NA,NA,FALSE,401,20
42,96,0.2,0.2,0.08,1,0.43067729464561355,0.4391189378409113,-0.07287029590809217,TRUE,365,20
43,96,0.2,0.2,0.08,1,0.45902338563074385,0.4259389740128282,-0.07807286889907346,TRUE,359,20
44,96,0.2,0.2,0.08,1,0.20851632072410034,0.39786145378481774,-0.06504768634203947,TRUE,372,20
45,96,0.2,0.2,0.08,1,1.006126053017844,0.4867383649304601,-0.0666308092057796,TRUE,341,20
46,96,0.2,0.2,0.08,1,0.9046252259686374,0.5180656248142913,-0.07626533280873968,TRUE,366,20
47,96,0.2,0.2,0.08,1,NA,NA,NA,FALSE,386,20
48,96,0.2,0.2,0.08,1,0.2117475017039694,0.4535957372927781,-0.06787289310668716,TRUE,354,20
49,96,0.2,0.2,0.08,1,NA,NA,NA,FALSE,385,20
50,96,0.2,0.2,0.08,1,0.6375411314622423,0.4157529347803476,-0.08365216393050841,TRUE,370,20
1,97,0.4,0.02,0.005,1,0.024913956545100886,0.9541997322317981,-0.05622896029928115,TRUE,388,20
2,97,0.4,0.02,0.005,1,1.537746815153341,2.090682677810222,-0.07522714995261212,TRUE,377,20
3,97,0.4,0.02,0.005,1,NA,NA,NA,FALSE,357,20
4,97,0.4,0.02,0.005,1,NA,NA,NA,FALSE,343,20
5,97,0.4,0.02,0.005,1,0.08137550406730212,1.0842681876294111,-0.06235716686091882,TRUE,351,20
6,97,0.4,0.02,0.005,1,0.7283823808706743,1.1916605620817216,-0.06752530924572374,TRUE,387,20
7,97,0.4,0.02,0.005,1,4.109207933502672,3.6234533246220644,-0.09956579452988407,TRUE,376,20
8,97,0.4,0.02,0.005,1,NA,NA,NA,FALSE,354,20
9,97,0.4,0.02,0.005,1,NA,NA,NA,FALSE,349,20
10,97,0.4,0.02,0.005,1,0,0,-0.07287922522116336,TRUE,363,20
11,97,0.4,0.02,0.005,1,3.709667286633222,2.5965854397137647,-0.08031312853112783,TRUE,361,20
12,97,0.4,0.02,0.005,1,2.4927388008132714,1.7467916343140104,-0.09320043930655837,TRUE,344,20
13,97,0.4,0.02,0.005,1,0.30595503602560575,1.4750783848716609,-0.07053039705984891,TRUE,361,20
14,97,0.4,0.02,0.005,1,NA,NA,NA,FALSE,364,20
15,97,0.4,0.02,0.005,1,0,0,-0.0829307684269046,TRUE,363,20
16,97,0.4,0.02,0.005,1,1.5659049089165697,1.4680160686577874,-0.08303702624249777,TRUE,376,20
17,97,0.4,0.02,0.005,1,0.2840478603090626,1.2209675833442817,-0.07417585244849421,TRUE,361,20
18,97,0.4,0.02,0.005,1,NA,NA,NA,FALSE,351,20
19,97,0.4,0.02,0.005,1,1.4318117635617802,1.1997273338989876,-0.06547833147972928,TRUE,363,20
20,97,0.4,0.02,0.005,1,0.9223178877378871,0.9990676513967894,-0.06963035533773959,TRUE,351,20
21,97,0.4,0.02,0.005,1,NA,NA,NA,FALSE,389,20
22,97,0.4,0.02,0.005,1,NA,NA,NA,FALSE,368,20
23,97,0.4,0.02,0.005,1,0.3422892118906298,1.087374390489344,-0.06494451848075262,TRUE,328,20
24,97,0.4,0.02,0.005,1,0.7362978639479799,1.0592456756751005,-0.0660098195740517,TRUE,362,20
25,97,0.4,0.02,0.005,1,1.7385441038768525,1.527958899201865,-0.07167362748672174,TRUE,388,20
26,97,0.4,0.02,0.005,1,0.8175158175787728,1.1412829276915724,-0.07390507154689176,TRUE,317,20
27,97,0.4,0.02,0.005,1,NA,NA,NA,FALSE,387,20
28,97,0.4,0.02,0.005,1,NA,NA,NA,FALSE,364,20
29,97,0.4,0.02,0.005,1,1.8650816275713866,1.2577456193006582,-0.07755516908539058,TRUE,387,20
30,97,0.4,0.02,0.005,1,1.5426872736527337,2.5126095906138985,-0.0725380906819691,TRUE,361,20
31,97,0.4,0.02,0.005,1,0.7606196985854732,1.1069883807373362,-0.06670834865289765,TRUE,391,20
32,97,0.4,0.02,0.005,1,0.8817150139662668,1.398976299267767,-0.07537144729707107,TRUE,352,20
33,97,0.4,0.02,0.005,1,0.7095725225732763,1.147321383682639,-0.08298115491783625,TRUE,361,20
34,97,0.4,0.02,0.005,1,0.6685149335248426,2.2108632263855332,-0.06546365203983075,TRUE,393,20
35,97,0.4,0.02,0.005,1,0.9103998338461923,0.9354774649911809,-0.07453786377059547,TRUE,365,20
36,97,0.4,0.02,0.005,1,0.629145214850767,1.315826728652275,-0.07004797391000944,TRUE,329,20
37,97,0.4,0.02,0.005,1,1.4248599771688573,1.0933723538882207,-0.08339637640149021,TRUE,358,20
38,97,0.4,0.02,0.005,1,0.1446124112098658,1.5206382546888781,-0.08194250964876693,TRUE,360,20
39,97,0.4,0.02,0.005,1,3.5173311920586223,2.74773150729417,-0.0682082927627987,TRUE,363,20
40,97,0.4,0.02,0.005,1,1.4140967191669953,1.2056190783854719,-0.0584843969295437,TRUE,391,20
41,97,0.4,0.02,0.005,1,1.32632245560967,1.5448618654134603,-0.056248653332192373,TRUE,347,20
42,97,0.4,0.02,0.005,1,0.3504052440990678,2.050627455046538,-0.06833487455168552,TRUE,352,20
43,97,0.4,0.02,0.005,1,1.1821017026246081,2.025321237407195,-0.06696063779217956,TRUE,356,20
44,97,0.4,0.02,0.005,1,2.7086128384781754,2.955271706579387,-0.07541034775719632,TRUE,370,20
45,97,0.4,0.02,0.005,1,NA,NA,NA,FALSE,356,20
46,97,0.4,0.02,0.005,1,NA,NA,NA,FALSE,356,20
47,97,0.4,0.02,0.005,1,2.5584709899442566,1.1188332904294398,-0.07248729846741613,TRUE,345,20
48,97,0.4,0.02,0.005,1,NA,NA,NA,FALSE,342,20
49,97,0.4,0.02,0.005,1,NA,NA,NA,FALSE,378,20
50,97,0.4,0.02,0.005,1,2.500259725430985,2.0400032213276247,-0.07226780119897581,TRUE,357,20
1,98,0.4,0.05,0.005,1,1.730617875042084,1.182592687278519,-0.07232073310642925,TRUE,335,20
2,98,0.4,0.05,0.005,1,NA,NA,NA,FALSE,353,20
3,98,0.4,0.05,0.005,1,NA,NA,NA,FALSE,382,20
4,98,0.4,0.05,0.005,1,0.24554249857023774,0.8836667590612012,-0.08452455109522074,TRUE,352,20
5,98,0.4,0.05,0.005,1,0.8798495628270195,0.9677315676751732,-0.09883029732291823,TRUE,381,20
6,98,0.4,0.05,0.005,1,NA,NA,NA,FALSE,371,20
7,98,0.4,0.05,0.005,1,0.6933577304956225,1.0441432220115283,-0.0833266338133304,TRUE,391,20
8,98,0.4,0.05,0.005,1,NA,NA,NA,FALSE,383,20
9,98,0.4,0.05,0.005,1,NA,NA,NA,FALSE,381,20
10,98,0.4,0.05,0.005,1,0.1645402823256495,0.9762860407417676,-0.0857329626640577,TRUE,367,20
11,98,0.4,0.05,0.005,1,0.4332335651092343,0.6790174683643087,-0.06762460176793127,TRUE,334,20
12,98,0.4,0.05,0.005,1,NA,NA,NA,FALSE,403,20
13,98,0.4,0.05,0.005,1,0.6197115552521929,0.9911227332175103,-0.06522210350557252,TRUE,340,20
14,98,0.4,0.05,0.005,1,0.4211906880297322,0.8175519524802909,-0.10564775869325654,TRUE,364,20
15,98,0.4,0.05,0.005,1,1.1759950846043004,1.1496947116378349,-0.06454620055967404,TRUE,331,20
16,98,0.4,0.05,0.005,1,0.27045330113862454,1.0670342696800972,-0.09171108841192133,TRUE,348,20
17,98,0.4,0.05,0.005,1,1.1548146812064397,1.0255915940091263,-0.06409206943148955,TRUE,342,20
18,98,0.4,0.05,0.005,1,1.0838762701647635,1.0491527608305928,-0.07219904598561834,TRUE,388,20
19,98,0.4,0.05,0.005,1,0.44456124255569535,0.865574235288676,-0.07015475348154267,TRUE,359,20
20,98,0.4,0.05,0.005,1,NA,NA,NA,FALSE,343,20
21,98,0.4,0.05,0.005,1,NA,NA,NA,FALSE,326,20
22,98,0.4,0.05,0.005,1,0.4248597222735022,0.8526912682956737,-0.0640173372828454,TRUE,329,20
23,98,0.4,0.05,0.005,1,0.2627062230907733,0.9156447168026114,-0.08245604894722719,TRUE,334,20
24,98,0.4,0.05,0.005,1,0.40790845924215396,0.9428039751866588,-0.08073740175998947,TRUE,333,20
25,98,0.4,0.05,0.005,1,0.21057960077242607,1.1043224926201634,-0.08324852034525604,TRUE,344,20
26,98,0.4,0.05,0.005,1,4.342437587239856,1.7777865689189332,-0.065997458082075,TRUE,336,20
27,98,0.4,0.05,0.005,1,0.4790948114507769,0.7782358870072503,-0.07899226213758298,TRUE,358,20
28,98,0.4,0.05,0.005,1,0.9133459351033233,0.9648388141043376,-0.09798529532169105,TRUE,364,20
29,98,0.4,0.05,0.005,1,0.9723752443960074,0.8773963699835567,-0.07628395820774236,TRUE,373,20
30,98,0.4,0.05,0.005,1,0.2734016510842489,0.8845473198733745,-0.06007867793131039,TRUE,372,20
31,98,0.4,0.05,0.005,1,NA,NA,NA,FALSE,358,20
32,98,0.4,0.05,0.005,1,0.5622130854768582,0.8589810821918005,-0.08093144713200232,TRUE,352,20
33,98,0.4,0.05,0.005,1,NA,NA,NA,FALSE,368,20
34,98,0.4,0.05,0.005,1,0.31329090836332796,1.006650656509973,-0.07067672932645214,TRUE,370,20
35,98,0.4,0.05,0.005,1,0.7094132135665839,1.3543779173252424,-0.06991577973973945,TRUE,351,20
36,98,0.4,0.05,0.005,1,0.6770829816124221,0.9050655264319446,-0.08574131581784393,TRUE,355,20
37,98,0.4,0.05,0.005,1,NA,NA,NA,FALSE,375,20
38,98,0.4,0.05,0.005,1,NA,NA,NA,FALSE,377,20
39,98,0.4,0.05,0.005,1,1.4632270877132125,1.0419220714953386,-0.060272448146208205,TRUE,362,20
40,98,0.4,0.05,0.005,1,0.9050882369855409,1.0784068447866904,-0.07048423186819898,TRUE,360,20
41,98,0.4,0.05,0.005,1,0,NA,NA,FALSE,360,20
42,98,0.4,0.05,0.005,1,NA,NA,NA,FALSE,355,20
43,98,0.4,0.05,0.005,1,0.1976640372346001,0.7340155365568175,-0.0743045357470664,TRUE,367,20
44,98,0.4,0.05,0.005,1,0.8177215669105318,1.0433174317186285,-0.061790319475728384,TRUE,348,20
45,98,0.4,0.05,0.005,1,NA,NA,NA,FALSE,326,20
46,98,0.4,0.05,0.005,1,NA,NA,NA,FALSE,328,20
47,98,0.4,0.05,0.005,1,NA,NA,NA,FALSE,366,20
48,98,0.4,0.05,0.005,1,NA,NA,NA,FALSE,354,20
49,98,0.4,0.05,0.005,1,0.9481954201919474,1.0698558666943927,-0.0776774421171034,TRUE,372,20
50,98,0.4,0.05,0.005,1,0.6524746941453073,0.9467765299312758,-0.08275470916419643,TRUE,344,20
1,99,0.4,0.09,0.005,1,0.6997348272376652,0.6046341038038876,-0.07635255935621325,TRUE,382,20
2,99,0.4,0.09,0.005,1,NA,NA,NA,FALSE,379,20
3,99,0.4,0.09,0.005,1,0.7055039891653004,0.7204462809981638,-0.09730635304960991,TRUE,349,20
4,99,0.4,0.09,0.005,1,0.7873991200529984,0.7003966638769068,-0.07002158274440075,TRUE,362,20
5,99,0.4,0.09,0.005,1,NA,NA,NA,FALSE,335,20
6,99,0.4,0.09,0.005,1,0.4546348799664024,0.6821096752438911,-0.06373680543977325,TRUE,355,20
7,99,0.4,0.09,0.005,1,1.6860412167252172,0.6386772987750863,-0.07155576786809878,TRUE,372,20
8,99,0.4,0.09,0.005,1,0.08845761988282956,0.6860590209032251,-0.06424460447557305,TRUE,400,20
9,99,0.4,0.09,0.005,1,0.4037270615670906,0.5905614832708556,-0.0708346924504914,TRUE,365,20
10,99,0.4,0.09,0.005,1,0.4021509787108094,0.5736658946659988,-0.07048680702945545,TRUE,358,20
11,99,0.4,0.09,0.005,1,0.3168187562978331,0.67796008610423375,-0.06548242430459145,TRUE,372,20
12,99,0.4,0.09,0.005,1,NA,NA,NA,FALSE,349,20
13,99,0.4,0.09,0.005,1,0.286109325173997,0.5162055900163642,-0.08433643599814722,TRUE,362,20
14,99,0.4,0.09,0.005,1,NA,NA,NA,FALSE,352,20
15,99,0.4,0.09,0.005,1,NA,NA,NA,FALSE,357,20
16,99,0.4,0.09,0.005,1,0.6927922318180306,0.6231869580493578,-0.05916127764865265,TRUE,416,20
17,99,0.4,0.09,0.005,1,0.40972929073847364,0.6844912176905587,-0.07609974464785119,TRUE,371,20
18,99,0.4,0.09,0.005,1,NA,NA,NA,FALSE,336,20
19,99,0.4,0.09,0.005,1,NA,NA,NA,FALSE,360,20
20,99,0.4,0.09,0.005,1,0.8023441690839672,0.8623736968459239,-0.06102073532191744,TRUE,337,20
21,99,0.4,0.09,0.005,1,1.439973669534066,0.7334629899433734,-0.06581338526151727,TRUE,375,20
22,99,0.4,0.09,0.005,1,0.2258407930124782,0.6203681171987855,-0.08860351883427087,TRUE,351,20
23,99,0.4,0.09,0.005,1,0.6338788571130836,0.6711532815287962,-0.06747420099657851,TRUE,345,20
24,99,0.4,0.09,0.005,1,0.5702929619439464,0.6493622710353532,-0.07596189579982458,TRUE,373,20
25,99,0.4,0.09,0.005,1,0.03621604089071615,0.7278661074634762,-0.06219519099990333,TRUE,400,20
26,99,0.4,0.09,0.005,1,0.9271159680620537,0.6253157432135678,-0.07765588481394559,TRUE,347,20
27,99,0.4,0.09,0.005,1,0.4318273792270233,0.68957297388795,-0.06228339869044164,TRUE,355,20
28,99,0.4,0.09,0.005,1,2.4413363912437323,0.8268918603838719,-0.09300737127111379,TRUE,349,20
29,99,0.4,0.09,0.005,1,NA,NA,NA,FALSE,323,20
30,99,0.4,0.09,0.005,1,0.4253161729895571,0.6960368863083751,-0.06741478735797453,TRUE,361,20
31,99,0.4,0.09,0.005,1,1.278168374783064,0.6464604844841213,-0.06347009822081948,TRUE,345,20
32,99,0.4,0.09,0.005,1,NA,NA,NA,FALSE,324,20
33,99,0.4,0.09,0.005,1,1.0615719790690525,0.6753379871354298,-0.07862397559408679,TRUE,381,20
34,99,0.4,0.09,0.005,1,NA,NA,NA,FALSE,375,20
35,99,0.4,0.09,0.005,1,1.3092466978354529,0.7888365741355129,-0.0854521891057305,TRUE,386,20
36,99,0.4,0.09,0.005,1,1.1308849239563916,0.617068184618693,-0.07056272280639,TRUE,338,20
37,99,0.4,0.09,0.005,1,0.6446304167338816,0.6492347842210328,-0.08078652856578668,TRUE,353,20
38,99,0.4,0.09,0.005,1,1.0538302637690735,0.7744632413628861,-0.09053986178131672,TRUE,339,20
39,99,0.4,0.09,0.005,1,NA,NA,NA,FALSE,340,20
40,99,0.4,0.09,0.005,1,0.2547639760226949,0.5102233958001471,-0.06773593387747624,TRUE,341,20
41,99,0.4,0.09,0.005,1,NA,NA,NA,FALSE,370,20
42,99,0.4,0.09,0.005,1,2.2046315451445104,0.8917157470115452,-0.07811262859541747,TRUE,391,20
43,99,0.4,0.09,0.005,1,0.8477323496173865,0.6882548409447561,-0.06937475134484536,TRUE,337,20
44,99,0.4,0.09,0.005,1,1.4014670523970936,0.7845788952435535,-0.07695830828972555,TRUE,326,20
45,99,0.4,0.09,0.005,1,0.8631590831912418,0.7944689752639987,-0.06240513577700661,TRUE,367,20
46,99,0.4,0.09,0.005,1,NA,NA,NA,FALSE,387,20
47,99,0.4,0.09,0.005,1,NA,NA,NA,FALSE,368,20
48,99,0.4,0.09,0.005,1,NA,NA,NA,FALSE,329,20
49,99,0.4,0.09,0.005,1,0.022703128046792663,0.6187228928695716,-0.07177140548296312,TRUE,376,20
50,99,0.4,0.09,0.005,1,0.852245409869957,0.538061577808091,-0.0726076408934524,TRUE,360,20
1,100,0.4,0.15,0.005,1,0.655804593328029,0.6080483948268408,-0.0743521465344412,TRUE,353,20
2,100,0.4,0.15,0.005,1,0.4920489921415413,0.4432693111777785,-0.10418040004934986,TRUE,361,20
3,100,0.4,0.15,0.005,1,0.29434231462152416,0.4209710094953237,-0.07635728487640711,TRUE,382,20
4,100,0.4,0.15,0.005,1,0.48340261452556504,0.5553119435957329,-0.07117602004757576,TRUE,344,20
5,100,0.4,0.15,0.005,1,NA,NA,NA,FALSE,343,20
6,100,0.4,0.15,0.005,1,1.3824565872252517,0.48890184882379933,-0.06555240107596667,TRUE,391,20
7,100,0.4,0.15,0.005,1,NA,NA,NA,FALSE,351,20
8,100,0.4,0.15,0.005,1,1.3389583694092284,0.5297436429548512,-0.09345246823344958,TRUE,380,20
9,100,0.4,0.15,0.005,1,0.06380926108401284,0.6328031984280069,-0.06912038350551636,TRUE,351,20
10,100,0.4,0.15,0.005,1,NA,NA,NA,FALSE,373,20
11,100,0.4,0.15,0.005,1,NA,NA,NA,FALSE,364,20
12,100,0.4,0.15,0.005,1,1.0079149900683746,0.5344456380342534,-0.06444224750044641,TRUE,346,20
13,100,0.4,0.15,0.005,1,1.0743405647342235,0.47632799508595264,-0.08015033909858406,TRUE,360,20
14,100,0.4,0.15,0.005,1,0.29042122407868026,0.5542668884102185,-0.08294820322097404,TRUE,354,20
15,100,0.4,0.15,0.005,1,0.25548819198074285,0.5281943749838023,-0.07708257538239574,TRUE,354,20
16,100,0.4,0.15,0.005,1,1.0726285554350845,0.5212284743625036,-0.07421504770238342,TRUE,367,20
17,100,0.4,0.15,0.005,1,1.240198853954526,0.5709076738544453,-0.08203940609174831,TRUE,352,20
18,100,0.4,0.15,0.005,1,0.6735243792839715,0.4636908622186127,-0.07752224270884972,TRUE,359,20
19,100,0.4,0.15,0.005,1,0.47991709559784185,0.5875348126136696,-0.06810547713577855,TRUE,351,20
20,100,0.4,0.15,0.005,1,NA,NA,NA,FALSE,324,20
21,100,0.4,0.15,0.005,1,0.07355274947174233,0.5180754699568118,-0.06484936123194607,TRUE,357,20
22,100,0.4,0.15,0.005,1,0.3262380171293948,0.7127503554407129,-0.0806285970071739,TRUE,351,20
23,100,0.4,0.15,0.005,1,0.5704957227432222,0.640850668405809,-0.06565000900583906,TRUE,328,20
24,100,0.4,0.15,0.005,1,1.0414558038289052,0.47822212567263933,-0.08058681322686953,TRUE,384,20
25,100,0.4,0.15,0.005,1,NA,NA,NA,FALSE,375,20
26,100,0.4,0.15,0.005,1,0.4195572460011999,0.545950693878446,-0.09186594877720514,TRUE,359,20
27,100,0.4,0.15,0.005,1,0.25194251523695926,0.700590548823476,-0.07443963339919014,TRUE,325,20
28,100,0.4,0.15,0.005,1,0.02668134797267061,0.5455324017860697,-0.07219374631453217,TRUE,379,20
29,100,0.4,0.15,0.005,1,NA,NA,NA,FALSE,353,20
30,100,0.4,0.15,0.005,1,1.1603679772349529,0.659297779117601,-0.06382380737581494,TRUE,350,20
31,100,0.4,0.15,0.005,1,NA,NA,NA,FALSE,378,20
32,100,0.4,0.15,0.005,1,0.29279638639165956,0.5767086960345397,-0.08264345771007633,TRUE,371,20
33,100,0.4,0.15,0.005,1,0.8586133914799257,0.5188110624755421,-0.07518563417357574,TRUE,386,20
34,100,0.4,0.15,0.005,1,1.4907389411234169,0.9138293683355437,-0.07159196467648447,TRUE,331,20
35,100,0.4,0.15,0.005,1,0.21623236213780928,0.5100006401746688,-0.08368557860388388,TRUE,351,20
36,100,0.4,0.15,0.005,1,0.8862608426076148,0.5968673427433738,-0.08504832724668122,TRUE,367,20
37,100,0.4,0.15,0.005,1,0.8083090291313072,0.6134989012116149,-0.07007890854741407,TRUE,334,20
38,100,0.4,0.15,0.005,1,1.0585129408960325,0.4800156551750607,-0.07017476863383657,TRUE,400,20
39,100,0.4,0.15,0.005,1,0.39376663524416317,0.4883575942335883,-0.0817976325981621,TRUE,352,20
40,100,0.4,0.15,0.005,1,0.22977322658491245,0.5757914335853132,-0.07035886031456497,TRUE,348,20
41,100,0.4,0.15,0.005,1,0.7679870300672598,0.5794757503911535,-0.0801157278069929,TRUE,323,20
42,100,0.4,0.15,0.005,1,NA,NA,NA,FALSE,388,20
43,100,0.4,0.15,0.005,1,0.3342833511693164,0.5970031605612753,-0.07912824898810909,TRUE,385,20
44,100,0.4,0.15,0.005,1,NA,NA,NA,FALSE,375,20
45,100,0.4,0.15,0.005,1,1.3682489180957844,0.6280914806374576,-0.050714031069734246,TRUE,370,20
46,100,0.4,0.15,0.005,1,0.17600092479153487,0.5850422909448155,-0.09162704377237595,TRUE,337,20
47,100,0.4,0.15,0.005,1,NA,NA,NA,FALSE,320,20
48,100,0.4,0.15,0.005,1,0.8819203511538574,0.536048671665179,-0.06752738651919934,TRUE,371,20
49,100,0.4,0.15,0.005,1,NA,NA,NA,FALSE,332,20
50,100,0.4,0.15,0.005,1,0.25145517650394733,0.5948256521334273,-0.10148413601435624,TRUE,313,20
1,101,0.4,0.2,0.005,1,0.431848004086191,0.4798061157566989,-0.0741567563865909,TRUE,351,20
2,101,0.4,0.2,0.005,1,0.6603833029089511,0.4515513015324094,-0.0705617827878503,TRUE,378,20
3,101,0.4,0.2,0.005,1,0.3635544273739325,0.5193833235993451,-0.06145943804610794,TRUE,356,20
4,101,0.4,0.2,0.005,1,0.39133328832497344,0.5046019571661787,-0.07617985841203347,TRUE,349,20
5,101,0.4,0.2,0.005,1,0.37805584477631454,0.44293412706436,-0.08637650664407359,TRUE,395,20
6,101,0.4,0.2,0.005,1,1.1811806920770715,0.453407795501209,-0.06097978248784202,TRUE,339,20
7,101,0.4,0.2,0.005,1,0.560041165498356,0.5460159824547978,-0.06361200451068713,TRUE,315,20
8,101,0.4,0.2,0.005,1,0.45278205216674494,0.37602530935858214,-0.09176429823370075,TRUE,382,20
9,101,0.4,0.2,0.005,1,0.6429511145147506,0.4902258628692816,-0.06718117960109987,TRUE,363,20
10,101,0.4,0.2,0.005,1,0.6162512345454962,0.5041155731661429,-0.06775132798813674,TRUE,358,20
11,101,0.4,0.2,0.005,1,0.10894384899133826,0.46368992253263214,-0.07905232754631264,TRUE,326,20
12,101,0.4,0.2,0.005,1,1.7730819257607755,0.49938221892294443,-0.10155160032685283,TRUE,325,20
13,101,0.4,0.2,0.005,1,1.2197788831743333,0.5155113839051962,-0.06718497943935095,TRUE,354,20
14,101,0.4,0.2,0.005,1,1.4871345089387773,0.5645916305526179,-0.06538878263836422,TRUE,328,20
15,101,0.4,0.2,0.005,1,0.26288223116697484,0.43044614295457795,-0.05981054998802315,TRUE,357,20
16,101,0.4,0.2,0.005,1,0.3200938430673119,0.5225730528727297,-0.06576168633588517,TRUE,342,20
17,101,0.4,0.2,0.005,1,0.3810648252682674,0.4660717722322097,-0.07943677785618049,TRUE,373,20
18,101,0.4,0.2,0.005,1,0.14456294979877943,0.5289228913103512,-0.09214803325173256,TRUE,378,20
19,101,0.4,0.2,0.005,1,0.6017978537755327,0.4417013160277821,-0.06349591380660453,TRUE,338,20
20,101,0.4,0.2,0.005,1,0.5818084947773472,0.5258811288634732,-0.07095073095545124,TRUE,352,20
21,101,0.4,0.2,0.005,1,NA,NA,NA,FALSE,330,20
22,101,0.4,0.2,0.005,1,0.12673011222476466,0.43639637832809425,-0.07347463992170974,TRUE,330,20
23,101,0.4,0.2,0.005,1,0.3566263186411611,0.5030443289191847,-0.08074994491503279,TRUE,371,20
24,101,0.4,0.2,0.005,1,0.6792258206142826,0.49110962550201026,-0.07159516485294358,TRUE,350,20
25,101,0.4,0.2,0.005,1,0.17247200351956124,0.42300904259856065,-0.07008149725726355,TRUE,374,20
26,101,0.4,0.2,0.005,1,1.4911544987660015,0.465878767757556,-0.07807707677229431,TRUE,358,20
27,101,0.4,0.2,0.005,1,0.3071923035649761,0.4576365736360229,-0.08005045032946287,TRUE,404,20
28,101,0.4,0.2,0.005,1,1.3033901268411252,0.609038322251555,-0.07296352109773395,TRUE,314,20
29,101,0.4,0.2,0.005,1,0.4423107164860104,0.4748311954431052,-0.06128730041726712,TRUE,358,20
30,101,0.4,0.2,0.005,1,0.9012269120636694,0.41099267736852024,-0.05460267871288325,TRUE,380,20
31,101,0.4,0.2,0.005,1,0.8536500051536514,0.5181780887232393,-0.06895965037439547,TRUE,353,20
32,101,0.4,0.2,0.005,1,1.6232473340876485,0.5061555694758142,-0.07629436868459594,TRUE,347,20
33,101,0.4,0.2,0.005,1,0.058090035241311865,0.4970865756857047,-0.08215277388314231,TRUE,384,20
34,101,0.4,0.2,0.005,1,NA,NA,NA,FALSE,362,20
35,101,0.4,0.2,0.005,1,0.47313745150473263,0.5607972728150465,-0.0855589812574193,TRUE,359,20
36,101,0.4,0.2,0.005,1,0.5274602427115445,0.5589336051849743,-0.07651132229849926,TRUE,360,20
37,101,0.4,0.2,0.005,1,NA,NA,NA,FALSE,381,20
38,101,0.4,0.2,0.005,1,0.8532377529920492,0.47159912894900524,-0.060810765368271416,TRUE,367,20
39,101,0.4,0.2,0.005,1,0.22993720497525927,0.4867058599396749,-0.07270205307028554,TRUE,349,20
40,101,0.4,0.2,0.005,1,NA,NA,NA,FALSE,357,20
41,101,0.4,0.2,0.005,1,0.2840204773360672,0.48751523523330886,-0.0698135002362072,TRUE,383,20
42,101,0.4,0.2,0.005,1,0.25594802933985883,0.4578597844252725,-0.08080829265719197,TRUE,406,20
43,101,0.4,0.2,0.005,1,0.3326612704523418,0.43896159987694044,-0.0873069613386574,TRUE,359,20
44,101,0.4,0.2,0.005,1,0.30631744017284873,0.4562742369179697,-0.08630522664442404,TRUE,362,20
45,101,0.4,0.2,0.005,1,NA,NA,NA,FALSE,386,20
46,101,0.4,0.2,0.005,1,0.634561919842569,0.46802985372247646,-0.08351821505197428,TRUE,346,20
47,101,0.4,0.2,0.005,1,NA,NA,NA,FALSE,345,20
48,101,0.4,0.2,0.005,1,0.9309006031391088,0.465643203586572,-0.0816483279040053,TRUE,373,20
49,101,0.4,0.2,0.005,1,0.6285043845928445,0.569460028508641,-0.08553874174032092,TRUE,366,20
50,101,0.4,0.2,0.005,1,0.21882620737762434,0.5387338020899101,-0.07034315379693147,TRUE,382,20
1,102,0.4,0.02,0.01,1,NA,NA,NA,FALSE,358,20
2,102,0.4,0.02,0.01,1,0.9071221834700927,1.315365627686285,-0.07515886962966026,TRUE,343,20
3,102,0.4,0.02,0.01,1,0.6510677540768609,0.9948878232744437,-0.06829254391835654,TRUE,388,20
4,102,0.4,0.02,0.01,1,NA,NA,NA,FALSE,389,20
5,102,0.4,0.02,0.01,1,2.545990594362779,3.2035229680288335,-0.08734160014138678,TRUE,350,20
6,102,0.4,0.02,0.01,1,12.107937293071311,38.30523514436791,-0.08346760899697846,TRUE,355,20
7,102,0.4,0.02,0.01,1,0.5165410125135832,1.0317454675832778,-0.07702846549170421,TRUE,341,20
8,102,0.4,0.02,0.01,1,1.0727538354920827,1.5165439369450382,-0.07457680009314883,TRUE,374,20
9,102,0.4,0.02,0.01,1,0.1665920228235443,1.0428249938134848,-0.06623690726651695,TRUE,339,20
10,102,0.4,0.02,0.01,1,NA,NA,NA,FALSE,342,20
11,102,0.4,0.02,0.01,1,0.15106235925041483,1.4951926291817956,-0.06740237410754031,TRUE,379,20
12,102,0.4,0.02,0.01,1,NA,NA,NA,FALSE,364,20
13,102,0.4,0.02,0.01,1,NA,NA,NA,FALSE,381,20
14,102,0.4,0.02,0.01,1,NA,NA,NA,FALSE,395,20
15,102,0.4,0.02,0.01,1,NA,NA,NA,FALSE,362,20
16,102,0.4,0.02,0.01,1,2.4442117669560215,1.533843775587478,-0.0665998022410958,TRUE,379,20
17,102,0.4,0.02,0.01,1,0.4604163652670809,1.7567252941242462,-0.08463031644636881,TRUE,381,20
18,102,0.4,0.02,0.01,1,2.2707255503631605,1.447363724827732,-0.0711765329096263,TRUE,343,20
19,102,0.4,0.02,0.01,1,1.5879515905101533,1.0778966592581758,-0.07997681663202054,TRUE,372,20
20,102,0.4,0.02,0.01,1,2.6997249898561284,2.4008972804287185,-0.06990038974741439,TRUE,347,20
21,102,0.4,0.02,0.01,1,NA,NA,NA,FALSE,362,20
22,102,0.4,0.02,0.01,1,1.0336417407829837,1.2751155682470832,-0.06622029469317256,TRUE,338,20
23,102,0.4,0.02,0.01,1,0.4088058617353584,1.2479925285501632,-0.07221024340677946,TRUE,346,20
24,102,0.4,0.02,0.01,1,NA,NA,NA,FALSE,371,20
25,102,0.4,0.02,0.01,1,NA,NA,NA,FALSE,363,20
26,102,0.4,0.02,0.01,1,NA,NA,NA,FALSE,376,20
27,102,0.4,0.02,0.01,1,NA,NA,NA,FALSE,353,20
28,102,0.4,0.02,0.01,1,NA,NA,NA,FALSE,347,20
29,102,0.4,0.02,0.01,1,NA,NA,NA,FALSE,353,20
30,102,0.4,0.02,0.01,1,0.5757128596877545,1.4156932686324135,-0.08712548788226633,TRUE,346,20
31,102,0.4,0.02,0.01,1,1.4607017137911718,1.6084145748788552,-0.0705065798613432,TRUE,343,20
32,102,0.4,0.02,0.01,1,1.449083815495416,1.0369896399152168,-0.07244815277696512,TRUE,373,20
33,102,0.4,0.02,0.01,1,NA,NA,NA,FALSE,384,20
34,102,0.4,0.02,0.01,1,4.198676046183428,2.626982227245042,-0.06741913987960511,TRUE,352,20
35,102,0.4,0.02,0.01,1,2.1601254537060193,3.3377798073312395,-0.08033535845074916,TRUE,379,20
36,102,0.4,0.02,0.01,1,1.2979784149928246,1.4298962966743487,-0.07454062395405144,TRUE,333,20
37,102,0.4,0.02,0.01,1,NA,NA,NA,FALSE,394,20
38,102,0.4,0.02,0.01,1,0.10702066595511922,1.4000213454023671,-0.07890223155760791,TRUE,356,20
39,102,0.4,0.02,0.01,1,NA,NA,NA,FALSE,364,20
40,102,0.4,0.02,0.01,1,0.04073011512365546,1.0708748777457582,-0.08670662777061969,TRUE,358,20
41,102,0.4,0.02,0.01,1,2.129054875441013,1.6490058356970787,-0.07366805705893979,TRUE,349,20
42,102,0.4,0.02,0.01,1,3.6029978721534475,2.2328161839202516,-0.07467833038405985,TRUE,380,20
43,102,0.4,0.02,0.01,1,0.2223749326584864,1.9220589555729666,-0.08388696566440695,TRUE,339,20
44,102,0.4,0.02,0.01,1,0.8636641645113198,1.2510379788963897,-0.06948532014612795,TRUE,359,20
45,102,0.4,0.02,0.01,1,16447917534471214e135,NA,NA,FALSE,322,20
46,102,0.4,0.02,0.01,1,NA,NA,NA,FALSE,363,20
47,102,0.4,0.02,0.01,1,NA,NA,NA,FALSE,376,20
48,102,0.4,0.02,0.01,1,NA,NA,NA,FALSE,378,20
49,102,0.4,0.02,0.01,1,1.6637327450340846,1.8920627031864963,-0.06805311407214243,TRUE,357,20
50,102,0.4,0.02,0.01,1,NA,NA,NA,FALSE,343,20
1,103,0.4,0.05,0.01,1,NA,NA,NA,FALSE,362,20
2,103,0.4,0.05,0.01,1,NA,NA,NA,FALSE,373,20
3,103,0.4,0.05,0.01,1,NA,NA,NA,FALSE,366,20
4,103,0.4,0.05,0.01,1,0.40402815630894845,0.9386619008300351,-0.06278766766174704,TRUE,343,20
5,103,0.4,0.05,0.01,1,0.409088414183144,0.8147600584099224,-0.08413775862360104,TRUE,384,20
6,103,0.4,0.05,0.01,1,NA,NA,NA,FALSE,378,20
7,103,0.4,0.05,0.01,1,1.4898000323725946,1.0492671066071642,-0.06751352966750644,TRUE,366,20
8,103,0.4,0.05,0.01,1,1.4986016817673316,0.9031683921402741,-0.08102662099852363,TRUE,367,20
9,103,0.4,0.05,0.01,1,0.9447084601791673,1.3993500157922074,-0.07390760417743845,TRUE,352,20
10,103,0.4,0.05,0.01,1,0.5559488904576046,0.8355787615464215,-0.0806243710123223,TRUE,336,20
11,103,0.4,0.05,0.01,1,1.1226653941943145,0.7726928858468357,-0.07840640137251265,TRUE,350,20
12,103,0.4,0.05,0.01,1,0.8987362668157044,0.7391608136745442,-0.06416169387528861,TRUE,332,20
13,103,0.4,0.05,0.01,1,0,0,-0.05632513598666177,TRUE,377,20
14,103,0.4,0.05,0.01,1,0.15633620701440015,1.1424665339778781,-0.0839903065268968,TRUE,351,20
15,103,0.4,0.05,0.01,1,1.098017647105499,0.8407510534140616,-0.0842121293421506,TRUE,347,20
16,103,0.4,0.05,0.01,1,1.3577334069235512,1.1059033544773642,-0.06311099847581834,TRUE,364,20
17,103,0.4,0.05,0.01,1,0,NA,NA,FALSE,377,20
18,103,0.4,0.05,0.01,1,0.773936975111755,0.8189749762951909,-0.06377883697246335,TRUE,363,20
19,103,0.4,0.05,0.01,1,0,0,-0.08749866803376447,TRUE,349,20
20,103,0.4,0.05,0.01,1,0.9389527609224365,1.0008734696007007,-0.06930309504766342,TRUE,343,20
21,103,0.4,0.05,0.01,1,NA,NA,NA,FALSE,367,20
22,103,0.4,0.05,0.01,1,2.35726960224016,0.9407337771623209,-0.08544957056959741,TRUE,361,20
23,103,0.4,0.05,0.01,1,0.6617311713808705,0.7997874066299427,-0.06646129912187247,TRUE,361,20
24,103,0.4,0.05,0.01,1,0.6080297635839733,0.8092909038744016,-0.08181942136472076,TRUE,348,20
25,103,0.4,0.05,0.01,1,1.0767179094445116,0.9724843824440643,-0.06291810800244374,TRUE,330,20
26,103,0.4,0.05,0.01,1,1.2595137539131747,0.6537297626592163,-0.08319737452490815,TRUE,333,20
27,103,0.4,0.05,0.01,1,NA,NA,NA,FALSE,361,20
28,103,0.4,0.05,0.01,1,0.2315058069081728,0.7590192479361529,-0.06577212951290827,TRUE,356,20
29,103,0.4,0.05,0.01,1,0.9648131397510881,0.909756023641937,-0.06376091499598262,TRUE,357,20
30,103,0.4,0.05,0.01,1,2.046004832541343,0.860055759388377,-0.06468532494521947,TRUE,359,20
31,103,0.4,0.05,0.01,1,1.4040613762554823,1.4252963086924642,-0.08349370032206842,TRUE,359,20
32,103,0.4,0.05,0.01,1,0.45033584393018083,0.903262409876832,-0.099364010287949,TRUE,339,20
33,103,0.4,0.05,0.01,1,NA,NA,NA,FALSE,349,20
34,103,0.4,0.05,0.01,1,0.11524083319075538,0.8816569018530716,-0.07528171417221456,TRUE,360,20
35,103,0.4,0.05,0.01,1,1.1820010014230928,0.9764722776744318,-0.08858425869329872,TRUE,345,20
36,103,0.4,0.05,0.01,1,1.2441800662689941,0.8933212572687785,-0.08101907369226301,TRUE,320,20
37,103,0.4,0.05,0.01,1,NA,NA,NA,FALSE,373,20
38,103,0.4,0.05,0.01,1,2.589307884542189,1.3574468750669864,-0.07215931042582548,TRUE,361,20
39,103,0.4,0.05,0.01,1,0.8668264931570544,1.0718926296729923,-0.09637433406729763,TRUE,368,20
40,103,0.4,0.05,0.01,1,0.01712082334823554,0.7178287873693588,-0.0682099160984658,TRUE,328,20
41,103,0.4,0.05,0.01,1,NA,NA,NA,FALSE,371,20
42,103,0.4,0.05,0.01,1,0.849102825825305,0.9577535145781663,-0.07101786554945108,TRUE,383,20
43,103,0.4,0.05,0.01,1,0.9005140732895481,0.9758924908222816,-0.05613083581194414,TRUE,381,20
44,103,0.4,0.05,0.01,1,2.011023185841657,1.0595769959398005,-0.07877714861901376,TRUE,364,20
45,103,0.4,0.05,0.01,1,1.5573960793620023,0.939837295583954,-0.06971929064986394,TRUE,387,20
46,103,0.4,0.05,0.01,1,2.6379846148286106,1.1143738385306112,-0.06974197521206152,TRUE,347,20
47,103,0.4,0.05,0.01,1,NA,NA,NA,FALSE,357,20
48,103,0.4,0.05,0.01,1,2.0525353145991048,0.8069801718037203,-0.07450567354845487,TRUE,375,20
49,103,0.4,0.05,0.01,1,1.5866999872394576,0.7061856275644532,-0.08212571692592645,TRUE,333,20
50,103,0.4,0.05,0.01,1,NA,NA,NA,FALSE,389,20
1,104,0.4,0.09,0.01,1,1.529820422692954,0.6162827671379899,-0.06149211337140969,TRUE,366,20
2,104,0.4,0.09,0.01,1,0.10823473986679959,0.6248311611833777,-0.07048440429905618,TRUE,370,20
3,104,0.4,0.09,0.01,1,0.8605715150291152,0.6181235428996339,-0.09136179721376263,TRUE,385,20
4,104,0.4,0.09,0.01,1,1.494688776957929,0.6749980335303931,-0.0638770560685472,TRUE,349,20
5,104,0.4,0.09,0.01,1,0.24482506713114266,0.778102239244246,-0.08177208484274177,TRUE,351,20
6,104,0.4,0.09,0.01,1,0,0,-0.0683967218247792,TRUE,363,20
7,104,0.4,0.09,0.01,1,0.8338457325181459,0.7904804195443458,-0.07155281508082942,TRUE,336,20
8,104,0.4,0.09,0.01,1,0.489608760459634,0.7606579921294081,-0.06969811965387387,TRUE,355,20
9,104,0.4,0.09,0.01,1,0.3695250163159867,0.6360035208786046,-0.08089849034783096,TRUE,376,20
10,104,0.4,0.09,0.01,1,0.9450751000420817,0.8497651978166197,-0.07086046599976413,TRUE,331,20
11,104,0.4,0.09,0.01,1,NA,NA,NA,FALSE,364,20
12,104,0.4,0.09,0.01,1,0.6133279279607368,0.6348353685519471,-0.07793535351290688,TRUE,383,20
13,104,0.4,0.09,0.01,1,0.4096429449567414,0.5624042116416698,-0.06441302728664196,TRUE,365,20
14,104,0.4,0.09,0.01,1,1.8226233983863784,0.7678931055483957,-0.0806391208923123,TRUE,359,20
15,104,0.4,0.09,0.01,1,1.0575117083608163,0.6790779181007078,-0.07193333422296554,TRUE,330,20
16,104,0.4,0.09,0.01,1,1.488557365716522,0.8213063153723871,-0.06005504568947159,TRUE,367,20
17,104,0.4,0.09,0.01,1,0.527252842301069,0.669297851998965,-0.07825218390786724,TRUE,386,20
18,104,0.4,0.09,0.01,1,1.5091376326816488,0.8558198851782459,-0.07734884921870337,TRUE,357,20
19,104,0.4,0.09,0.01,1,0.99072258331198515,0.6930950698742481,-0.06997915310514405,TRUE,366,20
20,104,0.4,0.09,0.01,1,0.7768656409990927,0.5868671469675465,-0.08453585336462789,TRUE,357,20
21,104,0.4,0.09,0.01,1,0.8997210397661796,0.7733064062283602,-0.08300422440250674,TRUE,351,20
22,104,0.4,0.09,0.01,1,0.05960484475161026,0.5925152279450757,-0.06753803380246035,TRUE,388,20
23,104,0.4,0.09,0.01,1,0.6192111114771217,0.6230749934432629,-0.074767792149373,TRUE,342,20
24,104,0.4,0.09,0.01,1,NA,NA,NA,FALSE,376,20
25,104,0.4,0.09,0.01,1,0.1410513726871069,0.774524490564083,-0.06356889534535101,TRUE,354,20
26,104,0.4,0.09,0.01,1,0.0036016097401126083,0.6727344797052686,-0.06217078850855191,TRUE,355,20
27,104,0.4,0.09,0.01,1,0.2938761642528725,0.5865380977226716,-0.05739797470287018,TRUE,374,20
28,104,0.4,0.09,0.01,1,0.6613999678892019,0.5908083368932209,-0.07788643092298816,TRUE,404,20
29,104,0.4,0.09,0.01,1,0.9528038318721362,0.6770348243148286,-0.06600682253678333,TRUE,365,20
30,104,0.4,0.09,0.01,1,0.22973891710903155,0.60429916686883,-0.06649306259482096,TRUE,392,20
31,104,0.4,0.09,0.01,1,0.5888947987302553,0.9638167594373523,-0.08151288540257415,TRUE,356,20
32,104,0.4,0.09,0.01,1,1.0070452616720122,0.7379161097445862,-0.06094838387533315,TRUE,352,20
33,104,0.4,0.09,0.01,1,1.6052450667837894,0.8797992112738751,-0.06872545979044994,TRUE,332,20
34,104,0.4,0.09,0.01,1,NA,NA,NA,FALSE,344,20
35,104,0.4,0.09,0.01,1,0.8165405358199165,0.6593274327388237,-0.07266832507867191,TRUE,326,20
36,104,0.4,0.09,0.01,1,0.5734318301064564,0.47526852693794475,-0.06778461441386666,TRUE,381,20
37,104,0.4,0.09,0.01,1,0.08544158023362683,0.7002369254929247,-0.07862679344285271,TRUE,386,20
38,104,0.4,0.09,0.01,1,1.3756740486940835,0.7261525330162046,-0.06851035232772396,TRUE,344,20
39,104,0.4,0.09,0.01,1,NA,NA,NA,FALSE,388,20
40,104,0.4,0.09,0.01,1,NA,NA,NA,FALSE,373,20
41,104,0.4,0.09,0.01,1,NA,NA,NA,FALSE,356,20
42,104,0.4,0.09,0.01,1,NA,NA,NA,FALSE,340,20
43,104,0.4,0.09,0.01,1,NA,NA,NA,FALSE,395,20
44,104,0.4,0.09,0.01,1,0.8157207072110463,0.690035752969006,-0.059528735628820544,TRUE,355,20
45,104,0.4,0.09,0.01,1,0.9595153342294525,0.6431464795697861,-0.06791469836494225,TRUE,346,20
46,104,0.4,0.09,0.01,1,0.15953365428960706,0.5381934779592148,-0.08044020096730234,TRUE,367,20
47,104,0.4,0.09,0.01,1,NA,NA,NA,FALSE,363,20
48,104,0.4,0.09,0.01,1,1.5039470921950318,0.7802413729531209,-0.07290526931778825,TRUE,336,20
49,104,0.4,0.09,0.01,1,NA,NA,NA,FALSE,394,20
50,104,0.4,0.09,0.01,1,NA,NA,NA,FALSE,380,20
1,105,0.4,0.15,0.01,1,0.10647843748288342,0.49871159365377976,-0.07794725455741172,TRUE,360,20
2,105,0.4,0.15,0.01,1,0.846121493274226,0.5540929953367257,-0.06929207182541058,TRUE,363,20
3,105,0.4,0.15,0.01,1,1.4100181577435564,0.536249270862522,-0.06799391581907355,TRUE,347,20
4,105,0.4,0.15,0.01,1,0.5734197818297421,0.5541561944044946,-0.07503930476362963,TRUE,380,20
5,105,0.4,0.15,0.01,1,0.4845490645552484,0.5586637842968524,-0.06531340308727648,TRUE,294,20
6,105,0.4,0.15,0.01,1,0.309861592235214,0.42696639558999183,-0.08489413873486935,TRUE,374,20
7,105,0.4,0.15,0.01,1,0.5350192419073035,0.5439708122921332,-0.06342946732482038,TRUE,355,20
8,105,0.4,0.15,0.01,1,0.06578490736967538,0.511248206622308,-0.07867042211076351,TRUE,364,20
9,105,0.4,0.15,0.01,1,0.7350973142942467,0.4971411326097028,-0.07226776859269174,TRUE,358,20
10,105,0.4,0.15,0.01,1,0.17686642302574915,0.4531063969309339,-0.07377579577215751,TRUE,354,20
11,105,0.4,0.15,0.01,1,1.862980648722863,0.5844449566221023,-0.0654520791404858,TRUE,369,20
12,105,0.4,0.15,0.01,1,1.250139799740933,0.5542086081640486,-0.1034495037840551,TRUE,362,20
13,105,0.4,0.15,0.01,1,0.6381343384461667,0.5563782184014794,-0.08161501425859834,TRUE,367,20
14,105,0.4,0.15,0.01,1,1.119844101770819,0.48967040341201856,-0.07604261162959988,TRUE,378,20
15,105,0.4,0.15,0.01,1,0.5120201251132025,0.5321863664562322,-0.0699891771056696,TRUE,351,20
16,105,0.4,0.15,0.01,1,NA,NA,NA,FALSE,358,20
17,105,0.4,0.15,0.01,1,0.07246635055819262,0.5467150823363965,-0.06745563536470953,TRUE,347,20
18,105,0.4,0.15,0.01,1,0.22481833011613778,0.6291244324082689,-0.06300108106619386,TRUE,361,20
19,105,0.4,0.15,0.01,1,0.023752873612151802,0.5589452986606558,-0.06142392827454766,TRUE,350,20
20,105,0.4,0.15,0.01,1,1.112018102255638,0.5410347846441711,-0.07011039755092197,TRUE,367,20
21,105,0.4,0.15,0.01,1,NA,NA,NA,FALSE,332,20
22,105,0.4,0.15,0.01,1,0.16606089919216183,0.60123110641552,-0.07453604285585091,TRUE,371,20
23,105,0.4,0.15,0.01,1,0.10420713380179604,0.5183084726755168,-0.07582116419623113,TRUE,341,20
24,105,0.4,0.15,0.01,1,NA,NA,NA,FALSE,357,20
25,105,0.4,0.15,0.01,1,0.5054891731276729,0.5323358175749957,-0.07187011823985241,TRUE,368,20
26,105,0.4,0.15,0.01,1,NA,NA,NA,FALSE,395,20
27,105,0.4,0.15,0.01,1,0.6398232205519445,0.5519983180625296,-0.07032546824852919,TRUE,361,20
28,105,0.4,0.15,0.01,1,0.7128496286806515,0.5069289190001947,-0.06520721202281443,TRUE,369,20
29,105,0.4,0.15,0.01,1,0.0067781709207087905,0.5281262026239397,-0.0710197391856187,TRUE,376,20
30,105,0.4,0.15,0.01,1,1.138916993389739,0.5960136289773647,-0.07480192046773448,TRUE,360,20
31,105,0.4,0.15,0.01,1,0.22850178923222103,0.6050219242419483,-0.08534005318970277,TRUE,356,20
32,105,0.4,0.15,0.01,1,0.8469205201015307,0.503596966794219,-0.07930562530513731,TRUE,338,20
33,105,0.4,0.15,0.01,1,NA,NA,NA,FALSE,354,20
34,105,0.4,0.15,0.01,1,NA,NA,NA,FALSE,354,20
35,105,0.4,0.15,0.01,1,NA,NA,NA,FALSE,349,20
36,105,0.4,0.15,0.01,1,NA,NA,NA,FALSE,374,20
37,105,0.4,0.15,0.01,1,0.1842903726345781,0.4293073247071676,-0.08544508866980965,TRUE,385,20
38,105,0.4,0.15,0.01,1,NA,NA,NA,FALSE,334,20
39,105,0.4,0.15,0.01,1,0.39260330426372214,0.5761739435987401,-0.07405687454110664,TRUE,331,20
40,105,0.4,0.15,0.01,1,NA,NA,NA,FALSE,341,20
41,105,0.4,0.15,0.01,1,NA,NA,NA,FALSE,358,20
42,105,0.4,0.15,0.01,1,NA,NA,NA,FALSE,335,20
43,105,0.4,0.15,0.01,1,1.0154124992219289,0.5580350371461482,-0.06365777117301938,TRUE,383,20
44,105,0.4,0.15,0.01,1,NA,NA,NA,FALSE,353,20
45,105,0.4,0.15,0.01,1,NA,NA,NA,FALSE,358,20
46,105,0.4,0.15,0.01,1,1.1547623001286296,0.583044400780563,-0.06697773904847269,TRUE,366,20
47,105,0.4,0.15,0.01,1,0.04092453403771032,0.4994768152746355,-0.0785866547810236,TRUE,350,20
48,105,0.4,0.15,0.01,1,NA,NA,NA,FALSE,345,20
49,105,0.4,0.15,0.01,1,1.1456271965656404,0.6167047693955818,-0.07331895510563252,TRUE,375,20
50,105,0.4,0.15,0.01,1,0.6329215072833105,0.5585665348892777,-0.08792898887949097,TRUE,351,20
1,106,0.4,0.2,0.01,1,NA,NA,NA,FALSE,343,20
2,106,0.4,0.2,0.01,1,0.9294034948398361,0.4081024875842936,-0.05757121563767076,TRUE,344,20
3,106,0.4,0.2,0.01,1,0.7936021574389678,0.4815817341150004,-0.0904740241544375,TRUE,394,20
4,106,0.4,0.2,0.01,1,0.7330231259943798,0.5032920138528848,-0.07336345230321856,TRUE,345,20
5,106,0.4,0.2,0.01,1,0.9142179540687645,0.599042711910233,-0.05712139085360666,TRUE,351,20
6,106,0.4,0.2,0.01,1,0.31902233336639646,0.4825487534747699,-0.07554254002451524,TRUE,357,20
7,106,0.4,0.2,0.01,1,0.10219185272072949,0.4174264765836466,-0.07045530860439361,TRUE,379,20
8,106,0.4,0.2,0.01,1,0.5543794890739614,0.541973984823768,-0.07056683122820186,TRUE,370,20
9,106,0.4,0.2,0.01,1,0.4619992834278655,0.4927745411720295,-0.06514625992191668,TRUE,366,20
10,106,0.4,0.2,0.01,1,NA,NA,NA,FALSE,365,20
11,106,0.4,0.2,0.01,1,NA,NA,NA,FALSE,364,20
12,106,0.4,0.2,0.01,1,1.40678751011628,0.5492530338582168,-0.07856589640532684,TRUE,345,20
13,106,0.4,0.2,0.01,1,0.21076380740101586,0.41718243440036284,-0.07698646172480589,TRUE,358,20
14,106,0.4,0.2,0.01,1,0.19873154455473963,0.5350104622457735,-0.08036439859884381,TRUE,368,20
15,106,0.4,0.2,0.01,1,0.06830758386076213,0.4942478279959794,-0.07128176046853892,TRUE,323,20
16,106,0.4,0.2,0.01,1,1.3260761307942042,0.4365175631243364,-0.07333436462761395,TRUE,367,20
17,106,0.4,0.2,0.01,1,NA,NA,NA,FALSE,386,20
18,106,0.4,0.2,0.01,1,1.4534847043688859,0.4804513668479879,-0.06751522410767356,TRUE,339,20
19,106,0.4,0.2,0.01,1,0.07388519238724943,0.5277184108274087,-0.08319324221461359,TRUE,386,20
20,106,0.4,0.2,0.01,1,0.9062006789854086,0.4388074196562138,-0.08809171008709821,TRUE,361,20
21,106,0.4,0.2,0.01,1,0.6926267352038716,0.5523193586009916,-0.07893014844011316,TRUE,331,20
22,106,0.4,0.2,0.01,1,0.7486969996884066,0.5046476986544225,-0.0766655742768916,TRUE,361,20
23,106,0.4,0.2,0.01,1,NA,NA,NA,FALSE,374,20
24,106,0.4,0.2,0.01,1,0.37521224517492957,0.556897415365822,-0.06851736469143549,TRUE,345,20
25,106,0.4,0.2,0.01,1,0.16022445565537527,0.4601419376940669,-0.06975166220940365,TRUE,351,20
26,106,0.4,0.2,0.01,1,0.05809506089116575,0.4622538744004299,-0.0737996599080468,TRUE,354,20
27,106,0.4,0.2,0.01,1,0.7796768889627934,0.44509576367470527,-0.06516971683045406,TRUE,355,20
28,106,0.4,0.2,0.01,1,NA,NA,NA,FALSE,336,20
29,106,0.4,0.2,0.01,1,0.3541527699394921,0.459610156601706,-0.08634064839280756,TRUE,355,20
30,106,0.4,0.2,0.01,1,NA,NA,NA,FALSE,368,20
31,106,0.4,0.2,0.01,1,0.49896292892202365,0.4653378416356036,-0.059924453325138946,TRUE,360,20
32,106,0.4,0.2,0.01,1,NA,NA,NA,FALSE,380,20
33,106,0.4,0.2,0.01,1,0.2708522068396251,0.5797686967328635,-0.05995546953741555,TRUE,374,20
34,106,0.4,0.2,0.01,1,0.44566689795985753,0.4747347664822701,-0.0658617029295935,TRUE,373,20
35,106,0.4,0.2,0.01,1,0.5180310007173126,0.46580034978817114,-0.07571546059801151,TRUE,369,20
36,106,0.4,0.2,0.01,1,0.35886192614986895,0.49120659181444104,-0.0727326961737991,TRUE,362,20
37,106,0.4,0.2,0.01,1,NA,NA,NA,FALSE,410,20
38,106,0.4,0.2,0.01,1,1.1310857930484475,0.4396538846256969,-0.0703061595863733,TRUE,396,20
39,106,0.4,0.2,0.01,1,0.3639307080668876,0.4512789474326359,-0.07021852463508531,TRUE,367,20
40,106,0.4,0.2,0.01,1,0.6202918466021747,0.4352115133730667,-0.060689687356106414,TRUE,357,20
41,106,0.4,0.2,0.01,1,0.18961724431782973,0.47636278655754954,-0.07475845547520923,TRUE,386,20
42,106,0.4,0.2,0.01,1,0.5901527086166608,0.4716324657146966,-0.06818337858778253,TRUE,351,20
43,106,0.4,0.2,0.01,1,0.4825373333014445,0.46452406175154476,-0.07287694428022393,TRUE,369,20
44,106,0.4,0.2,0.01,1,0.8216827801704828,0.5393167201833943,-0.0913240989447445,TRUE,373,20
45,106,0.4,0.2,0.01,1,1.1118433651869795,0.549239945921811,-0.07157440504815926,TRUE,329,20
46,106,0.4,0.2,0.01,1,0.3876134229537658,0.4303855145784364,-0.08032140164768853,TRUE,380,20
47,106,0.4,0.2,0.01,1,0.26705667749600187,0.4418927548132409,-0.05923734030336711,TRUE,376,20
48,106,0.4,0.2,0.01,1,0.6268716799374247,0.46505970162654947,-0.07041124741570369,TRUE,353,20
49,106,0.4,0.2,0.01,1,1.9183399766050733,0.4602274525723649,-0.0793771641434591,TRUE,393,20
50,106,0.4,0.2,0.01,1,1.0601395531771347,0.5645244695504077,-0.06147335326131552,TRUE,370,20
1,107,0.4,0.05,0.02,1,1.9224678970409508,1.017513816485417,-0.06375162466649692,TRUE,342,20
2,107,0.4,0.05,0.02,1,0.8734784051470299,0.9356306922925623,-0.07460010865700026,TRUE,371,20
3,107,0.4,0.05,0.02,1,0.04052299008278275,1.029846613072146,-0.07225074372501637,TRUE,387,20
4,107,0.4,0.05,0.02,1,0.26149029085147524,0.8256922746289775,-0.06335242891235801,TRUE,380,20
5,107,0.4,0.05,0.02,1,NA,NA,NA,FALSE,372,20
6,107,0.4,0.05,0.02,1,0.7394371330793001,0.7677387817633592,-0.07184575499210914,TRUE,378,20
7,107,0.4,0.05,0.02,1,0.8540099105160525,0.7437300955757659,-0.08064218619163449,TRUE,356,20
8,107,0.4,0.05,0.02,1,2.1964675228611195,0.9921081602475745,-0.08390623502374205,TRUE,390,20
9,107,0.4,0.05,0.02,1,0.05442536944893546,0.6687635855534638,-0.06843002586104951,TRUE,346,20
10,107,0.4,0.05,0.02,1,NA,NA,NA,FALSE,370,20
11,107,0.4,0.05,0.02,1,0.6759796974871153,0.8033569832577563,-0.08096201310170598,TRUE,341,20
12,107,0.4,0.05,0.02,1,0.5860746907929203,0.879554248666659,-0.06650322537775546,TRUE,355,20
13,107,0.4,0.05,0.02,1,NA,NA,NA,FALSE,359,20
14,107,0.4,0.05,0.02,1,0.003239826511489918,1.172360610278967,-0.07851350351648105,TRUE,345,20
15,107,0.4,0.05,0.02,1,NA,NA,NA,FALSE,370,20
16,107,0.4,0.05,0.02,1,0.07958719675406352,0.89508888233357,-0.0641322671432315,TRUE,340,20
17,107,0.4,0.05,0.02,1,0.37279994646828923,0.7764388308626563,-0.06678409643065361,TRUE,382,20
18,107,0.4,0.05,0.02,1,3.6985382607006856,1.3557727092362537,-0.061280104777220894,TRUE,362,20
19,107,0.4,0.05,0.02,1,NA,NA,NA,FALSE,341,20
20,107,0.4,0.05,0.02,1,0.0586084963230608,0.8051068174116256,-0.06550115622842022,TRUE,327,20
21,107,0.4,0.05,0.02,1,0.9915645281446507,0.6446964000211828,-0.07549920459751192,TRUE,377,20
22,107,0.4,0.05,0.02,1,NA,NA,NA,FALSE,429,20
23,107,0.4,0.05,0.02,1,0,0,-0.07962136044402915,TRUE,334,20
24,107,0.4,0.05,0.02,1,NA,NA,NA,FALSE,371,20
25,107,0.4,0.05,0.02,1,0.500952012752351,0.9778548335241293,-0.08094109242571508,TRUE,352,20
26,107,0.4,0.05,0.02,1,1.3608297738891766,0.9751884545701323,-0.07188236034813134,TRUE,399,20
27,107,0.4,0.05,0.02,1,0.27990375532112893,0.8084374723133724,-0.057331227668608056,TRUE,359,20
28,107,0.4,0.05,0.02,1,NA,NA,NA,FALSE,365,20
29,107,0.4,0.05,0.02,1,0.23099721283607705,0.9977949063152519,-0.07447588224035633,TRUE,326,20
30,107,0.4,0.05,0.02,1,0.20040414214643215,0.6523979301441142,-0.06983626624581171,TRUE,341,20
31,107,0.4,0.05,0.02,1,0.21952838946710465,0.7784203471930526,-0.0801132053727277,TRUE,350,20
32,107,0.4,0.05,0.02,1,1.2097299464727658,0.9505348945834811,-0.07367251055853152,TRUE,365,20
33,107,0.4,0.05,0.02,1,NA,NA,NA,FALSE,354,20
34,107,0.4,0.05,0.02,1,2.4469767022628894,0.8843504881765515,-0.05743996021198718,TRUE,347,20
35,107,0.4,0.05,0.02,1,NA,NA,NA,FALSE,363,20
36,107,0.4,0.05,0.02,1,1.027857782000348,1.1005392841188706,-0.07956231200153638,TRUE,383,20
37,107,0.4,0.05,0.02,1,NA,NA,NA,FALSE,388,20
38,107,0.4,0.05,0.02,1,0.1968271077498191,0.7874969666007925,-0.07813938919803752,TRUE,382,20
39,107,0.4,0.05,0.02,1,0.14351201453169152,0.8821027328993079,-0.07158767505295616,TRUE,355,20
40,107,0.4,0.05,0.02,1,0.6337129933386997,0.7306449491605458,-0.06852092227667538,TRUE,377,20
41,107,0.4,0.05,0.02,1,0.6373708138620687,0.6391802512421594,-0.09434901740277767,TRUE,344,20
42,107,0.4,0.05,0.02,1,0.02744579125595304,0.7615273256258527,-0.06288987881257703,TRUE,389,20
43,107,0.4,0.05,0.02,1,NA,NA,NA,FALSE,319,20
44,107,0.4,0.05,0.02,1,NA,NA,NA,FALSE,340,20
45,107,0.4,0.05,0.02,1,0.2618322872795728,0.955800321447224,-0.06475712217975298,TRUE,382,20
46,107,0.4,0.05,0.02,1,1.3229457081788392,0.5906510691304264,-0.07183570546083426,TRUE,349,20
47,107,0.4,0.05,0.02,1,2.0712693297743896,1.0017675335054326,-0.0683686420738022,TRUE,368,20
48,107,0.4,0.05,0.02,1,NA,NA,NA,FALSE,391,20
49,107,0.4,0.05,0.02,1,1.2282717987850074,1.0243436157894859,-0.06043830372708411,TRUE,389,20
50,107,0.4,0.05,0.02,1,NA,NA,NA,FALSE,328,20
1,108,0.4,0.09,0.02,1,0.30669811228402877,0.6827868017240273,-0.09205188637232015,TRUE,337,20
2,108,0.4,0.09,0.02,1,0.22107885498620272,0.6790526496215787,-0.0792707878729152,TRUE,389,20
3,108,0.4,0.09,0.02,1,NA,NA,NA,FALSE,365,20
4,108,0.4,0.09,0.02,1,0.35557856767682405,0.740295535745221,-0.06932217118565852,TRUE,345,20
5,108,0.4,0.09,0.02,1,0.48533313704688363,0.5688755336148453,-0.07016351512269049,TRUE,373,20
6,108,0.4,0.09,0.02,1,0.29202863481494234,0.5903670124515835,-0.06577763813290012,TRUE,379,20
7,108,0.4,0.09,0.02,1,0.10270763632660393,0.5385122097249078,-0.08292694542434827,TRUE,354,20
8,108,0.4,0.09,0.02,1,NA,NA,NA,FALSE,337,20
9,108,0.4,0.09,0.02,1,1.1083759551861183,0.7992348073826632,-0.07219018637513248,TRUE,316,20
10,108,0.4,0.09,0.02,1,1.2444962387269027,1.1509927713567207,-0.0625744928205178,TRUE,341,20
11,108,0.4,0.09,0.02,1,0.00640417817941972,0.7827238815162798,-0.07000401659409793,TRUE,346,20
12,108,0.4,0.09,0.02,1,0.019038359233621283,0.6054693948646719,-0.06537199645836006,TRUE,356,20
13,108,0.4,0.09,0.02,1,1.565730572179227,0.8634051646588855,-0.07924357290362995,TRUE,330,20
14,108,0.4,0.09,0.02,1,NA,NA,NA,FALSE,377,20
15,108,0.4,0.09,0.02,1,0.23330832196230078,0.9131535620201072,-0.07519823202832089,TRUE,336,20
16,108,0.4,0.09,0.02,1,0.4588600628251281,0.6569125202555188,-0.06542887594144146,TRUE,367,20
17,108,0.4,0.09,0.02,1,0.45247853749094913,0.540075710831975,-0.07731332606952968,TRUE,355,20
18,108,0.4,0.09,0.02,1,0.0500774069757965,0.901534926214055,-0.08567994320195779,TRUE,357,20
19,108,0.4,0.09,0.02,1,NA,NA,NA,FALSE,363,20
20,108,0.4,0.09,0.02,1,1.1649679789893548,0.5186386135093002,-0.06184921388734319,TRUE,384,20
21,108,0.4,0.09,0.02,1,0.6766246259771911,0.6260069226228676,-0.07743454520067937,TRUE,338,20
22,108,0.4,0.09,0.02,1,0.49105612415872785,0.6465093904147786,-0.058282535760723245,TRUE,338,20
23,108,0.4,0.09,0.02,1,0.37287003822369474,0.7533535181128415,-0.09957380209108306,TRUE,340,20
24,108,0.4,0.09,0.02,1,0.5802242773455671,0.579065620338256,-0.09217284665296006,TRUE,352,20
25,108,0.4,0.09,0.02,1,1.5184144299144846,0.737009054720235,-0.05856319712938554,TRUE,338,20
26,108,0.4,0.09,0.02,1,0.465469125553027,0.70356046104068,-0.08241755533177808,TRUE,375,20
27,108,0.4,0.09,0.02,1,NA,NA,NA,FALSE,358,20
28,108,0.4,0.09,0.02,1,0.5341677825062235,0.5826659169168863,-0.08229193553273126,TRUE,399,20
29,108,0.4,0.09,0.02,1,NA,NA,NA,FALSE,376,20
30,108,0.4,0.09,0.02,1,0.03336605531840489,0.6479265138337017,-0.07504138634606787,TRUE,347,20
31,108,0.4,0.09,0.02,1,NA,NA,NA,FALSE,330,20
32,108,0.4,0.09,0.02,1,0.33891996842959643,0.6083430782590605,-0.06502774480207979,TRUE,394,20
33,108,0.4,0.09,0.02,1,0.9317700510570724,0.6397540514505076,-0.0766644189867654,TRUE,349,20
34,108,0.4,0.09,0.02,1,0.6275953937447973,0.8237320950682627,-0.09436418333671119,TRUE,363,20
35,108,0.4,0.09,0.02,1,0.22607946636872286,0.8056195981541673,-0.06311475981104389,TRUE,374,20
36,108,0.4,0.09,0.02,1,0.7629260771265535,0.6490774171805568,-0.0802959928516206,TRUE,360,20
37,108,0.4,0.09,0.02,1,2.078484629283878,0.8301799084933359,-0.07955391420252013,TRUE,360,20
38,108,0.4,0.09,0.02,1,NA,NA,NA,FALSE,354,20
39,108,0.4,0.09,0.02,1,0.703307571950049,0.9146631744207309,-0.07609992766751544,TRUE,366,20
40,108,0.4,0.09,0.02,1,0.26820340259022474,0.6249244294734541,-0.06161139794369839,TRUE,356,20
41,108,0.4,0.09,0.02,1,NA,NA,NA,FALSE,347,20
42,108,0.4,0.09,0.02,1,0.36301335039321786,0.571038973018398,-0.08290870697421572,TRUE,346,20
43,108,0.4,0.09,0.02,1,NA,NA,NA,FALSE,373,20
44,108,0.4,0.09,0.02,1,NA,NA,NA,FALSE,379,20
45,108,0.4,0.09,0.02,1,1.3127856603964105,0.5220214114651398,-0.08974106824886899,TRUE,327,20
46,108,0.4,0.09,0.02,1,0.2338115987565575,0.6141594756865111,-0.061354426598196156,TRUE,369,20
47,108,0.4,0.09,0.02,1,1.514180695691234,0.9540648262197147,-0.08348544697577541,TRUE,350,20
48,108,0.4,0.09,0.02,1,1.3113845221565088,0.855315593595204,-0.09072808374686672,TRUE,332,20
49,108,0.4,0.09,0.02,1,NA,NA,NA,FALSE,371,20
50,108,0.4,0.09,0.02,1,0.5583738686272509,0.6380293141337239,-0.0784374923998266,TRUE,368,20
1,109,0.4,0.15,0.02,1,0.9779783873054497,0.5733479425380454,-0.07230974235544105,TRUE,337,20
2,109,0.4,0.15,0.02,1,0.8157719737524585,0.5120424200828773,-0.054820433376882666,TRUE,372,20
3,109,0.4,0.15,0.02,1,0.2222247521217998,0.5295239567401686,-0.08646700341276443,TRUE,393,20
4,109,0.4,0.15,0.02,1,0.16709033479755894,0.4807885512467219,-0.056027027800938475,TRUE,389,20
5,109,0.4,0.15,0.02,1,1.208881795749812,0.6033434506659435,-0.08359337164656112,TRUE,327,20
6,109,0.4,0.15,0.02,1,0.20657163746355722,0.5780039325158857,-0.0677444091165113,TRUE,366,20
7,109,0.4,0.15,0.02,1,NA,NA,NA,FALSE,338,20
8,109,0.4,0.15,0.02,1,0.47863940569595165,0.43173707229952246,-0.083713761023232,TRUE,364,20
9,109,0.4,0.15,0.02,1,1.318795803634181,0.6495155715076619,-0.07704171151007234,TRUE,344,20
10,109,0.4,0.15,0.02,1,0.3129681788596025,0.5495873338326875,-0.051780201973314004,TRUE,354,20
11,109,0.4,0.15,0.02,1,NA,NA,NA,FALSE,372,20
12,109,0.4,0.15,0.02,1,1.1254687050572394,0.5746853586394892,-0.05897220804485999,TRUE,342,20
13,109,0.4,0.15,0.02,1,0.9257312830524707,0.530484405224854,-0.07010618954091971,TRUE,356,20
14,109,0.4,0.15,0.02,1,0.2684551467471049,0.46190105899231226,-0.06700106615645232,TRUE,358,20
15,109,0.4,0.15,0.02,1,0.5981690599413768,0.5539597181869531,-0.07008239110207179,TRUE,356,20
16,109,0.4,0.15,0.02,1,0.8899397264699108,0.5025820890848518,-0.06964489473731682,TRUE,359,20
17,109,0.4,0.15,0.02,1,0.662960227574319,0.5155527167774968,-0.06657536418709538,TRUE,330,20
18,109,0.4,0.15,0.02,1,0.21511949951542866,0.5115706327991807,-0.06987429727373452,TRUE,361,20
19,109,0.4,0.15,0.02,1,0.4079307679577789,0.4743817728520248,-0.06729511658866351,TRUE,374,20
20,109,0.4,0.15,0.02,1,NA,NA,NA,FALSE,348,20
21,109,0.4,0.15,0.02,1,1.1663155498599485,0.44002059829427376,-0.07064860151037702,TRUE,383,20
22,109,0.4,0.15,0.02,1,0.7300636427084806,0.5053386415510818,-0.09167480744324495,TRUE,375,20
23,109,0.4,0.15,0.02,1,NA,NA,NA,FALSE,339,20
24,109,0.4,0.15,0.02,1,0.5435301213168922,0.5123811378695685,-0.0742702030278084,TRUE,354,20
25,109,0.4,0.15,0.02,1,1.0984349760969254,0.5488062957194944,-0.0791567622854223,TRUE,378,20
26,109,0.4,0.15,0.02,1,0.7685753736117422,0.7098784735012565,-0.07750833652702192,TRUE,368,20
27,109,0.4,0.15,0.02,1,NA,NA,NA,FALSE,331,20
28,109,0.4,0.15,0.02,1,1.728511720570644,0.7013257543209822,-0.08730044465594651,TRUE,322,20
29,109,0.4,0.15,0.02,1,0.32849319596537147,0.529408585677327,-0.08535792228409371,TRUE,365,20
30,109,0.4,0.15,0.02,1,NA,NA,NA,FALSE,374,20
31,109,0.4,0.15,0.02,1,0.7002695424441694,0.4711336051084273,-0.08083904587535083,TRUE,376,20
32,109,0.4,0.15,0.02,1,0.852935889642427,0.4896018305269212,-0.06831247103021888,TRUE,345,20
33,109,0.4,0.15,0.02,1,NA,NA,NA,FALSE,369,20
34,109,0.4,0.15,0.02,1,1.2275753910763936,0.5223266492840407,-0.07035344762180495,TRUE,369,20
35,109,0.4,0.15,0.02,1,0.7876481529012545,0.5263618557837694,-0.06266430861949823,TRUE,368,20
36,109,0.4,0.15,0.02,1,0.21215662968340268,0.5059839355720216,-0.08295231281327124,TRUE,388,20
37,109,0.4,0.15,0.02,1,0.07895522362866131,0.5647938490725907,-0.08670400328677394,TRUE,397,20
38,109,0.4,0.15,0.02,1,1.0632925127011308,0.6411093809792384,-0.06870741226415591,TRUE,359,20
39,109,0.4,0.15,0.02,1,1.028860687531806,0.5078985077041124,-0.07946581465849768,TRUE,384,20
40,109,0.4,0.15,0.02,1,0.541589738444344,0.7067873646373999,-0.08005149434453636,TRUE,400,20
41,109,0.4,0.15,0.02,1,0.9164355303130002,0.5503279468952206,-0.08487316245283862,TRUE,337,20
42,109,0.4,0.15,0.02,1,0.37458875997895325,0.47810971543112823,-0.08177721752661721,TRUE,358,20
43,109,0.4,0.15,0.02,1,NA,NA,NA,FALSE,371,20
44,109,0.4,0.15,0.02,1,0.3468053440670782,0.489027881057896,-0.06570419182617802,TRUE,334,20
45,109,0.4,0.15,0.02,1,0.10963081527185674,0.5566606171468526,-0.0739913054247692,TRUE,355,20
46,109,0.4,0.15,0.02,1,0.5364924954457464,0.508968182226375,-0.0660093242098481,TRUE,378,20
47,109,0.4,0.15,0.02,1,1.357882893090636,0.6704942059811344,-0.07030565661128489,TRUE,363,20
48,109,0.4,0.15,0.02,1,0.7660867685932236,0.5701583002060109,-0.08043386903555687,TRUE,380,20
49,109,0.4,0.15,0.02,1,1.0112003714844702,0.5672335315322291,-0.06962694977086377,TRUE,340,20
50,109,0.4,0.15,0.02,1,0.46906018900714797,0.570676925077891,-0.055273297790316464,TRUE,357,20
1,110,0.4,0.2,0.02,1,0.1728268631435751,0.4736556748160254,-0.09468180212610457,TRUE,371,20
2,110,0.4,0.2,0.02,1,0,0,-0.06536344924849423,TRUE,350,20
3,110,0.4,0.2,0.02,1,0.19643861096411763,0.5030979095308115,-0.07952448623570126,TRUE,335,20
4,110,0.4,0.2,0.02,1,0.3692199320876663,0.4366200102829852,-0.07403690545894231,TRUE,353,20
5,110,0.4,0.2,0.02,1,0.5918216539988568,0.470403067115813,-0.06631440637254418,TRUE,369,20
6,110,0.4,0.2,0.02,1,0.2848324264424452,0.4673852317240142,-0.08005292585135862,TRUE,361,20
7,110,0.4,0.2,0.02,1,0,0,-0.06356359449056459,TRUE,372,20
8,110,0.4,0.2,0.02,1,0.13802586570251157,0.5028316882940874,-0.08759636062450024,TRUE,368,20
9,110,0.4,0.2,0.02,1,0.1454064368369816,0.4916577967122329,-0.07901468297424329,TRUE,332,20
10,110,0.4,0.2,0.02,1,NA,NA,NA,FALSE,354,20
11,110,0.4,0.2,0.02,1,0.7368051255162866,0.5015067374477298,-0.09750194739333731,TRUE,361,20
12,110,0.4,0.2,0.02,1,0.7754234892168973,0.5224152995634153,-0.06676630407315108,TRUE,358,20
13,110,0.4,0.2,0.02,1,0.6760925397805287,0.4872375706349058,-0.0703353052542291,TRUE,376,20
14,110,0.4,0.2,0.02,1,0,0,-0.08387079818125306,TRUE,370,20
15,110,0.4,0.2,0.02,1,0.5009187001022944,0.4155385841114884,-0.06559790720392504,TRUE,387,20
16,110,0.4,0.2,0.02,1,0.3851277708558095,0.49199858900373056,-0.058997532749759794,TRUE,353,20
17,110,0.4,0.2,0.02,1,0.40560888301029485,0.5339710910100408,-0.06847647778058767,TRUE,353,20
18,110,0.4,0.2,0.02,1,0.4600965256764785,0.43912328350827995,-0.07343645100617063,TRUE,347,20
19,110,0.4,0.2,0.02,1,0.12120240461562536,0.4712561961665451,-0.06174163935941311,TRUE,365,20
20,110,0.4,0.2,0.02,1,0.8795813027459055,0.487286563479286,-0.0721398337533936,TRUE,364,20
21,110,0.4,0.2,0.02,1,0.8265044569871766,0.45773212535402363,-0.06275631981606648,TRUE,335,20
22,110,0.4,0.2,0.02,1,1.4767636387486134,0.5990014302510551,-0.0807031503038332,TRUE,395,20
23,110,0.4,0.2,0.02,1,0.2933421161175727,0.416752799466945,-0.0794160538981427,TRUE,356,20
24,110,0.4,0.2,0.02,1,0.178694883864619,0.470605515019244,-0.06387629091471982,TRUE,334,20
25,110,0.4,0.2,0.02,1,0,NA,NA,FALSE,339,20
26,110,0.4,0.2,0.02,1,0.45523181842130356,0.47061972157896037,-0.087995927963904,TRUE,361,20
27,110,0.4,0.2,0.02,1,0.3331984858166785,0.4429838579750198,-0.07992425578563436,TRUE,342,20
28,110,0.4,0.2,0.02,1,0,NA,NA,FALSE,368,20
29,110,0.4,0.2,0.02,1,0.7561774624892642,0.47933803309709694,-0.07160590091466659,TRUE,352,20
30,110,0.4,0.2,0.02,1,NA,NA,NA,FALSE,392,20
31,110,0.4,0.2,0.02,1,0.36214432197031327,0.492621643321251,-0.07880738826523041,TRUE,365,20
32,110,0.4,0.2,0.02,1,NA,NA,NA,FALSE,359,20
33,110,0.4,0.2,0.02,1,0.3072003041695065,0.5012838622243517,-0.06192783454745328,TRUE,366,20
34,110,0.4,0.2,0.02,1,NA,NA,NA,FALSE,353,20
35,110,0.4,0.2,0.02,1,0.1024017076753527,0.5304479543212213,-0.07239981801720206,TRUE,371,20
36,110,0.4,0.2,0.02,1,0.671962898139721,0.4836496529787362,-0.0701670488409714,TRUE,332,20
37,110,0.4,0.2,0.02,1,0.2519342630184416,0.5463335032465034,-0.06742014518716526,TRUE,338,20
38,110,0.4,0.2,0.02,1,0.5781063871220756,0.5747701451869494,-0.06841501109832239,TRUE,370,20
39,110,0.4,0.2,0.02,1,NA,NA,NA,FALSE,384,20
40,110,0.4,0.2,0.02,1,0.769826833176241,0.4570857008117674,-0.07036118604575431,TRUE,394,20
41,110,0.4,0.2,0.02,1,0.44408632258216485,0.47997876776745624,-0.06386125637156026,TRUE,369,20
42,110,0.4,0.2,0.02,1,1.0845961566143887,0.5331253847850058,-0.06990895439998819,TRUE,348,20
43,110,0.4,0.2,0.02,1,1.5096648376567794,0.6186234430100505,-0.08423396361552372,TRUE,338,20
44,110,0.4,0.2,0.02,1,0.9818084474303012,0.5226814098486398,-0.06208097176226324,TRUE,345,20
45,110,0.4,0.2,0.02,1,0.0031685407782695977,0.4414265002056469,-0.06395106920302496,TRUE,336,20
46,110,0.4,0.2,0.02,1,1.252821217017183,0.49816552003912073,-0.09321198577650379,TRUE,364,20
47,110,0.4,0.2,0.02,1,0.12325506930822018,0.5683997800635062,-0.07312958319404095,TRUE,360,20
48,110,0.4,0.2,0.02,1,0.2700036783476246,0.5107606397200881,-0.06433288641290363,TRUE,352,20
49,110,0.4,0.2,0.02,1,1.0628247508782258,0.5099806513731514,-0.07530523340267632,TRUE,359,20
50,110,0.4,0.2,0.02,1,0.6142189724927456,0.4878753888027914,-0.0898670790812028,TRUE,346,20
1,111,0.4,0.05,0.03,1,2.145747690455062,0.9477307344930267,-0.09126691150156935,TRUE,334,20
2,111,0.4,0.05,0.03,1,NA,NA,NA,FALSE,342,20
3,111,0.4,0.05,0.03,1,NA,NA,NA,FALSE,359,20
4,111,0.4,0.05,0.03,1,0.3678761840007707,0.9206991253210982,-0.07834296163070785,TRUE,404,20
5,111,0.4,0.05,0.03,1,0.09183534400178597,0.610999280695787,-0.06775176938088381,TRUE,388,20
6,111,0.4,0.05,0.03,1,NA,NA,NA,FALSE,356,20
7,111,0.4,0.05,0.03,1,NA,NA,NA,FALSE,384,20
8,111,0.4,0.05,0.03,1,NA,NA,NA,FALSE,364,20
9,111,0.4,0.05,0.03,1,NA,NA,NA,FALSE,391,20
10,111,0.4,0.05,0.03,1,NA,NA,NA,FALSE,343,20
11,111,0.4,0.05,0.03,1,1.0427588633704148,1.180790289321087,-0.058591294952376013,TRUE,350,20
12,111,0.4,0.05,0.03,1,0.23521053891998497,0.7124538330414824,-0.06902013437203035,TRUE,397,20
13,111,0.4,0.05,0.03,1,0,0,-0.07149451396634815,TRUE,357,20
14,111,0.4,0.05,0.03,1,0.3382117147526822,0.8535775910998068,-0.078479186046035,TRUE,389,20
15,111,0.4,0.05,0.03,1,0.7597404708593718,1.1982547109197799,-0.08116049657447504,TRUE,310,20
16,111,0.4,0.05,0.03,1,NA,NA,NA,FALSE,357,20
17,111,0.4,0.05,0.03,1,1.580362725584773,0.7226866125360036,-0.07164255270646491,TRUE,354,20
18,111,0.4,0.05,0.03,1,0.8307213105519083,0.8248906367152948,-0.08317433811321655,TRUE,329,20
19,111,0.4,0.05,0.03,1,0.7459313045018886,1.1339800706364895,-0.07045675685419901,TRUE,347,20
20,111,0.4,0.05,0.03,1,0.5566179604016752,0.8277183723799807,-0.06520178347742829,TRUE,355,20
21,111,0.4,0.05,0.03,1,NA,NA,NA,FALSE,388,20
22,111,0.4,0.05,0.03,1,1.2889158562204648,0.8188119207500565,-0.0844550993626302,TRUE,348,20
23,111,0.4,0.05,0.03,1,NA,NA,NA,FALSE,387,20
24,111,0.4,0.05,0.03,1,0.005077011156648857,0.8567353750996597,-0.07657095466483273,TRUE,340,20
25,111,0.4,0.05,0.03,1,NA,NA,NA,FALSE,341,20
26,111,0.4,0.05,0.03,1,0.6632566968754852,1.056873308352896,-0.07151789884503898,TRUE,349,20
27,111,0.4,0.05,0.03,1,1.7028452689804185,1.062074963022288,-0.06237866371950158,TRUE,369,20
28,111,0.4,0.05,0.03,1,0.463872991622983,0.8039734927503343,-0.06889467869120397,TRUE,373,20
29,111,0.4,0.05,0.03,1,NA,NA,NA,FALSE,334,20
30,111,0.4,0.05,0.03,1,NA,NA,NA,FALSE,339,20
31,111,0.4,0.05,0.03,1,0.18238216996805698,0.6415269469627332,-0.07514697897451234,TRUE,371,20
32,111,0.4,0.05,0.03,1,0.46494287789016764,1.0344622875534137,-0.07020889089571075,TRUE,375,20
33,111,0.4,0.05,0.03,1,1.2990479341474361,0.7667249881408054,-0.06160797704085401,TRUE,358,20
34,111,0.4,0.05,0.03,1,0.9272727742432858,0.892340129523685,-0.09003808511325687,TRUE,333,20
35,111,0.4,0.05,0.03,1,0.5459326218183324,1.1944268625149832,-0.06114417942273015,TRUE,374,20
36,111,0.4,0.05,0.03,1,NA,NA,NA,FALSE,344,20
37,111,0.4,0.05,0.03,1,NA,NA,NA,FALSE,357,20
38,111,0.4,0.05,0.03,1,0.7673445751713759,0.9925293616919636,-0.07615849323649036,TRUE,368,20
39,111,0.4,0.05,0.03,1,0.5971282430207916,0.7245482846858896,-0.08038165074177593,TRUE,374,20
40,111,0.4,0.05,0.03,1,0.4468851204880882,0.938303960980309,-0.07392904854154914,TRUE,382,20
41,111,0.4,0.05,0.03,1,2.538131626602975,1.1923984944718253,-0.0812670157701859,TRUE,378,20
42,111,0.4,0.05,0.03,1,0.9720335868589506,0.9328199727337717,-0.0924584091775663,TRUE,344,20
43,111,0.4,0.05,0.03,1,1.2374358462074198,0.72713013545328,-0.07250001188075067,TRUE,387,20
44,111,0.4,0.05,0.03,1,NA,NA,NA,FALSE,342,20
45,111,0.4,0.05,0.03,1,0.07298898966937685,0.8582555296328221,-0.06538754267595391,TRUE,362,20
46,111,0.4,0.05,0.03,1,0.4198398327105983,0.8242247930966503,-0.06687901809884352,TRUE,384,20
47,111,0.4,0.05,0.03,1,0.33848717806006196,1.1525691929414266,-0.0998764810626525,TRUE,359,20
48,111,0.4,0.05,0.03,1,0.6229568914290803,1.2303397103524147,-0.07460516418965105,TRUE,359,20
49,111,0.4,0.05,0.03,1,0.361888144636704,0.9776524776635628,-0.06223779619387694,TRUE,360,20
50,111,0.4,0.05,0.03,1,1.3560596482279195,1.0664376141224001,-0.08207935823867214,TRUE,375,20
1,112,0.4,0.09,0.03,1,NA,NA,NA,FALSE,367,20
2,112,0.4,0.09,0.03,1,NA,NA,NA,FALSE,361,20
3,112,0.4,0.09,0.03,1,0.7664354005453794,0.7101629106437242,-0.06012115528868205,TRUE,370,20
4,112,0.4,0.09,0.03,1,0.24016104606235875,0.6378822627800914,-0.07349068933955001,TRUE,371,20
5,112,0.4,0.09,0.03,1,0.08637115898480785,0.7294241259221497,-0.07893881763282184,TRUE,368,20
6,112,0.4,0.09,0.03,1,0.03153292984676986,0.7422082651044116,-0.0878221728286536,TRUE,349,20
7,112,0.4,0.09,0.03,1,1.5766047523588191,0.9655246937085583,-0.07536578813517343,TRUE,343,20
8,112,0.4,0.09,0.03,1,0.7613871810995899,0.6390234699050471,-0.06948722571893776,TRUE,373,20
9,112,0.4,0.09,0.03,1,NA,NA,NA,FALSE,334,20
10,112,0.4,0.09,0.03,1,0.7011260730108747,0.7531522219249753,-0.07216412231964954,TRUE,355,20
11,112,0.4,0.09,0.03,1,1.3081527676246498,0.7425614805177615,-0.07313138171680841,TRUE,390,20
12,112,0.4,0.09,0.03,1,0.2994773958020294,0.737659734267754,-0.0705596018516434,TRUE,394,20
13,112,0.4,0.09,0.03,1,NA,NA,NA,FALSE,330,20
14,112,0.4,0.09,0.03,1,0.4659164275985209,0.6368213443421054,-0.07689263843231962,TRUE,319,20
15,112,0.4,0.09,0.03,1,0.5037177549323163,0.5752739718848133,-0.07535580536325223,TRUE,368,20
16,112,0.4,0.09,0.03,1,1.6864680575694349,0.7600679755082234,-0.07087844488582692,TRUE,356,20
17,112,0.4,0.09,0.03,1,NA,NA,NA,FALSE,396,20
18,112,0.4,0.09,0.03,1,0.3604292576231348,0.6501982634736709,-0.07520986847368741,TRUE,369,20
19,112,0.4,0.09,0.03,1,1.76573062436542,1.025880904352702,-0.08008416240393086,TRUE,367,20
20,112,0.4,0.09,0.03,1,NA,NA,NA,FALSE,378,20
21,112,0.4,0.09,0.03,1,0,NA,NA,FALSE,310,20
22,112,0.4,0.09,0.03,1,NA,NA,NA,FALSE,366,20
23,112,0.4,0.09,0.03,1,NA,NA,NA,FALSE,359,20
24,112,0.4,0.09,0.03,1,2.1135365087775053,0.7660660639493616,-0.08306565932967945,TRUE,322,20
25,112,0.4,0.09,0.03,1,0.993635288344325,0.5854409651633067,-0.07403197357981212,TRUE,331,20
26,112,0.4,0.09,0.03,1,0.6743725986080513,0.6600391033285519,-0.06250086149705776,TRUE,369,20
27,112,0.4,0.09,0.03,1,1.6314978130865267,0.6264891544537354,-0.06668191268872477,TRUE,373,20
28,112,0.4,0.09,0.03,1,0,NA,NA,FALSE,348,20
29,112,0.4,0.09,0.03,1,NA,NA,NA,FALSE,347,20
30,112,0.4,0.09,0.03,1,2.1266565412705773,0.9201656701430062,-0.08337114799283588,TRUE,350,20
31,112,0.4,0.09,0.03,1,NA,NA,NA,FALSE,373,20
32,112,0.4,0.09,0.03,1,1.151108346482327,0.7992177734188868,-0.09489704825220066,TRUE,346,20
33,112,0.4,0.09,0.03,1,NA,NA,NA,FALSE,370,20
34,112,0.4,0.09,0.03,1,1.0129563362203329,0.664905338821458,-0.07888921329914252,TRUE,347,20
35,112,0.4,0.09,0.03,1,0.22991628559899657,0.6740427282000522,-0.08312730906330763,TRUE,371,20
36,112,0.4,0.09,0.03,1,0.6869125488030583,0.6276905203962057,-0.09047595070877111,TRUE,363,20
37,112,0.4,0.09,0.03,1,0.17360845415359957,0.8245614428109278,-0.08420235792700276,TRUE,356,20
38,112,0.4,0.09,0.03,1,NA,NA,NA,FALSE,388,20
39,112,0.4,0.09,0.03,1,1.4039652914898824,0.7650368099200134,-0.07439898610880083,TRUE,373,20
40,112,0.4,0.09,0.03,1,0.2213568336696215,0.935606113121918,-0.06353158115644868,TRUE,328,20
41,112,0.4,0.09,0.03,1,1.3550340443085118,0.9541497756048,-0.08698390675807904,TRUE,354,20
42,112,0.4,0.09,0.03,1,0.11201554975113628,0.53043885230204,-0.07405639058908015,TRUE,359,20
43,112,0.4,0.09,0.03,1,0.03329722739175368,0.5891195046271185,-0.07659534887807047,TRUE,390,20
44,112,0.4,0.09,0.03,1,0.48863869534050325,0.7174923153047283,-0.06318389446224745,TRUE,368,20
45,112,0.4,0.09,0.03,1,NA,NA,NA,FALSE,356,20
46,112,0.4,0.09,0.03,1,0.28233463715487245,0.7368954729499813,-0.0708101443834729,TRUE,333,20
47,112,0.4,0.09,0.03,1,1.0742773815557187,0.7491324715449503,-0.08118136589996318,TRUE,368,20
48,112,0.4,0.09,0.03,1,NA,NA,NA,FALSE,364,20
49,112,0.4,0.09,0.03,1,0.006726791440819026,0.7347951875154064,-0.0729554570259769,TRUE,328,20
50,112,0.4,0.09,0.03,1,0.22012460064192477,0.547700054848399,-0.0707062592598121,TRUE,364,20
1,113,0.4,0.15,0.03,1,0.4585053826925251,0.48935829602276476,-0.08246339811732491,TRUE,367,20
2,113,0.4,0.15,0.03,1,1.2475052340731716,0.543556935661929,-0.05863569022691004,TRUE,358,20
3,113,0.4,0.15,0.03,1,0.04719815834212532,0.4808469263144342,-0.06877526436542247,TRUE,349,20
4,113,0.4,0.15,0.03,1,0.9637062910814513,0.5957178009407748,-0.08786481393214243,TRUE,352,20
5,113,0.4,0.15,0.03,1,NA,NA,NA,FALSE,371,20
6,113,0.4,0.15,0.03,1,1.409598266476626,0.8706366171305118,-0.08105576981155962,TRUE,356,20
7,113,0.4,0.15,0.03,1,1.0562159252234953,0.7091068587228795,-0.0776196009492153,TRUE,361,20
8,113,0.4,0.15,0.03,1,NA,NA,NA,FALSE,388,20
9,113,0.4,0.15,0.03,1,0.7204834385631221,0.5967578176874905,-0.07071793098868888,TRUE,335,20
10,113,0.4,0.15,0.03,1,0.4666510804028658,0.5009882894237383,-0.0754607514576479,TRUE,380,20
11,113,0.4,0.15,0.03,1,0.076006327832526685,0.5106191411067693,-0.07719908333564247,TRUE,356,20
12,113,0.4,0.15,0.03,1,0.6474711956136212,0.5909996038529959,-0.0718707545840249,TRUE,360,20
13,113,0.4,0.15,0.03,1,0.07915975037422535,0.7222795913228235,-0.07615281840374462,TRUE,348,20
14,113,0.4,0.15,0.03,1,0.7645900615682331,0.5101917033104193,-0.06548762482923945,TRUE,369,20
15,113,0.4,0.15,0.03,1,0.5932834532799933,0.589807930103676,-0.09246570299588103,TRUE,335,20
16,113,0.4,0.15,0.03,1,0.9652864995679533,0.5620048517628005,-0.06560361186398649,TRUE,363,20
17,113,0.4,0.15,0.03,1,NA,NA,NA,FALSE,355,20
18,113,0.4,0.15,0.03,1,0.822677806713802,0.5270702370710385,-0.0722522375002476,TRUE,372,20
19,113,0.4,0.15,0.03,1,0.43257701758064343,0.54250043438305,-0.06783340259315954,TRUE,381,20
20,113,0.4,0.15,0.03,1,0.27093362560455825,0.5894655842454409,-0.09066666345452475,TRUE,366,20
21,113,0.4,0.15,0.03,1,0.22076983662008282,0.5559929551598728,-0.056891344044360054,TRUE,373,20
22,113,0.4,0.15,0.03,1,0.5755736986827734,0.5912733037121405,-0.06917162720792215,TRUE,369,20
23,113,0.4,0.15,0.03,1,0.6388750297902546,0.4948835086477862,-0.058362100914608514,TRUE,352,20
24,113,0.4,0.15,0.03,1,1.2195772196187886,0.5926539122055373,-0.07133043542361955,TRUE,377,20
25,113,0.4,0.15,0.03,1,0.6958314548946695,0.49372675789628945,-0.07154853496843872,TRUE,376,20
26,113,0.4,0.15,0.03,1,1.095121379045927,0.5696286869801745,-0.07637639236461952,TRUE,324,20
27,113,0.4,0.15,0.03,1,NA,NA,NA,FALSE,363,20
28,113,0.4,0.15,0.03,1,NA,NA,NA,FALSE,383,20
29,113,0.4,0.15,0.03,1,0.389330238912378,0.5193107775585332,-0.07907013618907423,TRUE,348,20
30,113,0.4,0.15,0.03,1,0.31406364810012405,0.5083563467594879,-0.07776571759598942,TRUE,334,20
31,113,0.4,0.15,0.03,1,0.34507928125408976,0.49999359421011097,-0.09563096583232478,TRUE,390,20
32,113,0.4,0.15,0.03,1,0.8921436825154629,0.45414330794145175,-0.07345616830618389,TRUE,360,20
33,113,0.4,0.15,0.03,1,0.7502690342141692,0.5465168034598962,-0.09071062824075309,TRUE,333,20
34,113,0.4,0.15,0.03,1,0.767889014349913,0.6034748643214046,-0.07545079310975028,TRUE,346,20
35,113,0.4,0.15,0.03,1,0.2964429343664161,0.5161214116748877,-0.07654903451385006,TRUE,359,20
36,113,0.4,0.15,0.03,1,0.5567456532818014,0.5257040086064727,-0.07179952320348908,TRUE,386,20
37,113,0.4,0.15,0.03,1,1.5286588495722582,0.6454821565340526,-0.059358056471912474,TRUE,349,20
38,113,0.4,0.15,0.03,1,0.8219522386030162,0.5729348548663552,-0.06996305493137597,TRUE,337,20
39,113,0.4,0.15,0.03,1,0.9506968729946723,0.5830734981127034,-0.0724972376775873,TRUE,349,20
40,113,0.4,0.15,0.03,1,1.0297296888837988,0.5160887836173698,-0.07228690901550767,TRUE,394,20
41,113,0.4,0.15,0.03,1,NA,NA,NA,FALSE,356,20
42,113,0.4,0.15,0.03,1,0.28537335927461527,0.5166284032808391,-0.08937054134979103,TRUE,381,20
43,113,0.4,0.15,0.03,1,NA,NA,NA,FALSE,362,20
44,113,0.4,0.15,0.03,1,1.2420994642646692,0.591193191068898,-0.07776033857050926,TRUE,341,20
45,113,0.4,0.15,0.03,1,1.2392021052264752,0.5496468061966706,-0.06203471014998081,TRUE,342,20
46,113,0.4,0.15,0.03,1,0.3532572431062162,0.5982985177403799,-0.054579472865691314,TRUE,339,20
47,113,0.4,0.15,0.03,1,0.2898184385024078,0.46488046033818414,-0.05219122986455978,TRUE,359,20
48,113,0.4,0.15,0.03,1,0.7447033995761132,0.5460108665514983,-0.06260871967295231,TRUE,376,20
49,113,0.4,0.15,0.03,1,NA,NA,NA,FALSE,371,20
50,113,0.4,0.15,0.03,1,0.2778254897496328,0.5755647688835578,-0.06423034248730301,TRUE,335,20
1,114,0.4,0.2,0.03,1,1.2185655315427384,0.48990857400868715,-0.06920278971087902,TRUE,355,20
2,114,0.4,0.2,0.03,1,0.19402920783348104,0.45538936179603307,-0.08352577935454202,TRUE,343,20
3,114,0.4,0.2,0.03,1,0.41284537081074085,0.4554976202917835,-0.05556129355239271,TRUE,386,20
4,114,0.4,0.2,0.03,1,0.11024647389810235,0.5414092188937775,-0.06857507593893755,TRUE,370,20
5,114,0.4,0.2,0.03,1,0.9138025245050583,0.4705966967955312,-0.06743006190217028,TRUE,374,20
6,114,0.4,0.2,0.03,1,0.3376301468330035,0.4879206960947939,-0.06870088974302221,TRUE,374,20
7,114,0.4,0.2,0.03,1,0.3751964636398501,0.42177751457922336,-0.08079703939962607,TRUE,370,20
8,114,0.4,0.2,0.03,1,1.202034918359299,0.5529762586841741,-0.07889154306853621,TRUE,364,20
9,114,0.4,0.2,0.03,1,0.07168814849310598,0.45050378419899456,-0.07425297425453767,TRUE,362,20
10,114,0.4,0.2,0.03,1,0.8290614673327975,0.41497848971925744,-0.07943574193449958,TRUE,356,20
11,114,0.4,0.2,0.03,1,NA,NA,NA,FALSE,333,20
12,114,0.4,0.2,0.03,1,0.866781998044489,0.4561832019541858,-0.07904386513152573,TRUE,353,20
13,114,0.4,0.2,0.03,1,0,NA,NA,FALSE,360,20
14,114,0.4,0.2,0.03,1,1.3759202535202457,0.5027735934319446,-0.07881995480366094,TRUE,352,20
15,114,0.4,0.2,0.03,1,1.3301790815840173,0.5174668533244303,-0.07175823709204238,TRUE,362,20
16,114,0.4,0.2,0.03,1,0.7296968274572386,0.4752617335720655,-0.0731652036816785,TRUE,367,20
17,114,0.4,0.2,0.03,1,0.1207617121779192,0.4707774400211819,-0.08060638274158727,TRUE,392,20
18,114,0.4,0.2,0.03,1,0.5352316224390697,0.5270300298684989,-0.06721255809567772,TRUE,360,20
19,114,0.4,0.2,0.03,1,0.5978615513940002,0.45783190701635235,-0.07688030413813295,TRUE,357,20
20,114,0.4,0.2,0.03,1,NA,NA,NA,FALSE,361,20
21,114,0.4,0.2,0.03,1,1.0140665918695586,0.5671563591276381,-0.09789974233616414,TRUE,309,20
22,114,0.4,0.2,0.03,1,0.18706322376623213,0.43848099447111044,-0.0778930545575681,TRUE,376,20
23,114,0.4,0.2,0.03,1,0.3015728362771105,0.4766492719464803,-0.10749543028796864,TRUE,370,20
24,114,0.4,0.2,0.03,1,1.231824376798507,0.4887075804062006,-0.06877986146522244,TRUE,351,20
25,114,0.4,0.2,0.03,1,0.7005970947004913,0.4480837966264217,-0.06961173969849987,TRUE,349,20
26,114,0.4,0.2,0.03,1,0.6073971820892261,0.5456172627152882,-0.06911226185435673,TRUE,359,20
27,114,0.4,0.2,0.03,1,NA,NA,NA,FALSE,391,20
28,114,0.4,0.2,0.03,1,0.4696658255669121,0.3903478698130182,-0.07732531016546511,TRUE,364,20
29,114,0.4,0.2,0.03,1,0.7196170318293148,0.489184169136662,-0.08706834847335593,TRUE,364,20
30,114,0.4,0.2,0.03,1,NA,NA,NA,FALSE,371,20
31,114,0.4,0.2,0.03,1,NA,NA,NA,FALSE,329,20
32,114,0.4,0.2,0.03,1,0.0750115179623094,0.44988661176230377,-0.0649585153067372,TRUE,383,20
33,114,0.4,0.2,0.03,1,0.14338778788402684,0.481006431664895,-0.07191044800064333,TRUE,367,20
34,114,0.4,0.2,0.03,1,0.9418739626116318,0.4412738581525679,-0.07447024343674091,TRUE,356,20
35,114,0.4,0.2,0.03,1,0.567665904489026,0.518079940180328,-0.07472217941793952,TRUE,378,20
36,114,0.4,0.2,0.03,1,0.6794355737828428,0.448684086325332,-0.06433402645517643,TRUE,361,20
37,114,0.4,0.2,0.03,1,0.5473288909293372,0.4105789879088857,-0.05619389112135356,TRUE,345,20
38,114,0.4,0.2,0.03,1,0.9417713458142792,0.4687118122371145,-0.07780415292906352,TRUE,365,20
39,114,0.4,0.2,0.03,1,0,0,-0.07913345392748913,TRUE,368,20
40,114,0.4,0.2,0.03,1,0.20444742474101937,0.4481686018795427,-0.06792505658220942,TRUE,364,20
41,114,0.4,0.2,0.03,1,0.05884355147724664,0.439790906009819,-0.07286541363088374,TRUE,352,20
42,114,0.4,0.2,0.03,1,NA,NA,NA,FALSE,362,20
43,114,0.4,0.2,0.03,1,NA,NA,NA,FALSE,365,20
44,114,0.4,0.2,0.03,1,0.7412422006029845,0.5310398294755457,-0.06660376265988541,TRUE,326,20
45,114,0.4,0.2,0.03,1,NA,NA,NA,FALSE,376,20
46,114,0.4,0.2,0.03,1,NA,NA,NA,FALSE,347,20
47,114,0.4,0.2,0.03,1,0,NA,NA,FALSE,356,20
48,114,0.4,0.2,0.03,1,0.4282336411534422,0.42073170390382053,-0.07195747770172856,TRUE,365,20
49,114,0.4,0.2,0.03,1,0.2660323912574816,0.42194847180929074,-0.05889162929197915,TRUE,367,20
50,114,0.4,0.2,0.03,1,0.5295053965675832,0.5513635176596315,-0.07970943896081592,TRUE,335,20
1,115,0.4,0.09,0.05,1,NA,NA,NA,FALSE,365,20
2,115,0.4,0.09,0.05,1,NA,NA,NA,FALSE,393,20
3,115,0.4,0.09,0.05,1,NA,NA,NA,FALSE,352,20
4,115,0.4,0.09,0.05,1,0.21423114419092784,0.6529961637751939,-0.06312441718708534,TRUE,374,20
5,115,0.4,0.09,0.05,1,1.8125089395719054,0.7537223697946783,-0.08436422212244543,TRUE,366,20
6,115,0.4,0.09,0.05,1,0.7059657106237185,0.7085550073078585,-0.07326771867660212,TRUE,362,20
7,115,0.4,0.09,0.05,1,0.3458032719650731,0.6996362984735098,-0.07964133635548547,TRUE,362,20
8,115,0.4,0.09,0.05,1,0.2969051365505179,0.7821227512881349,-0.0674101204845974,TRUE,352,20
9,115,0.4,0.09,0.05,1,0.809956964539064,0.5622488197120716,-0.07369413429860232,TRUE,375,20
10,115,0.4,0.09,0.05,1,0.3783280703180628,0.5510803672673608,-0.07601942581719384,TRUE,362,20
11,115,0.4,0.09,0.05,1,0.33288972239223574,0.5484893916735062,-0.09312956137840743,TRUE,342,20
12,115,0.4,0.09,0.05,1,NA,NA,NA,FALSE,354,20
13,115,0.4,0.09,0.05,1,0.18068192439129757,0.6290626131588859,-0.09313737631380052,TRUE,390,20
14,115,0.4,0.09,0.05,1,0.42821606942395163,0.5773614022626012,-0.07256669921962992,TRUE,352,20
15,115,0.4,0.09,0.05,1,NA,NA,NA,FALSE,345,20
16,115,0.4,0.09,0.05,1,0.6068062372889422,0.6942468926852258,-0.075121231306683,TRUE,369,20
17,115,0.4,0.09,0.05,1,0.3539994174657284,0.6188512034764919,-0.06841298828978049,TRUE,361,20
18,115,0.4,0.09,0.05,1,0.2321742497609429,0.5623009838256355,-0.06765236713424791,TRUE,380,20
19,115,0.4,0.09,0.05,1,0.36657742948881383,0.6106860839755414,-0.07219366808574124,TRUE,343,20
20,115,0.4,0.09,0.05,1,0.9843881234221986,0.7690535285834803,-0.06895622138599242,TRUE,366,20
21,115,0.4,0.09,0.05,1,1.7039194020301487,1.001514335891159,-0.07816949000175893,TRUE,364,20
22,115,0.4,0.09,0.05,1,NA,NA,NA,FALSE,353,20
23,115,0.4,0.09,0.05,1,0.46045378070799264,0.7472943436450307,-0.0622842983187828,TRUE,387,20
24,115,0.4,0.09,0.05,1,NA,NA,NA,FALSE,378,20
25,115,0.4,0.09,0.05,1,NA,NA,NA,FALSE,339,20
26,115,0.4,0.09,0.05,1,1.1033983029789276,0.7123948511304286,-0.06403248995807415,TRUE,354,20
27,115,0.4,0.09,0.05,1,0,NA,NA,FALSE,366,20
28,115,0.4,0.09,0.05,1,1.603852784132453,0.7625684323907911,-0.09414486671411268,TRUE,365,20
29,115,0.4,0.09,0.05,1,1.3647970621241774,0.9400105348969094,-0.06062798166487122,TRUE,362,20
30,115,0.4,0.09,0.05,1,1.0178874957335442,0.718651633473892,-0.06794988360132947,TRUE,381,20
31,115,0.4,0.09,0.05,1,0.41942577170140205,0.701975209606443,-0.07984130832653653,TRUE,343,20
32,115,0.4,0.09,0.05,1,0.3717730547964638,0.6064195995370358,-0.06765620039613152,TRUE,382,20
33,115,0.4,0.09,0.05,1,0.32830557515530995,0.6530421177578167,-0.08101753227116841,TRUE,392,20
34,115,0.4,0.09,0.05,1,NA,NA,NA,FALSE,365,20
35,115,0.4,0.09,0.05,1,NA,NA,NA,FALSE,373,20
36,115,0.4,0.09,0.05,1,0.8308314211285273,0.620548450395567,-0.09233998995777105,TRUE,362,20
37,115,0.4,0.09,0.05,1,0.6257037039326717,0.6594597591128375,-0.08067359714265723,TRUE,382,20
38,115,0.4,0.09,0.05,1,0.0571425119397704,0.6579418929238183,-0.06409797302865089,TRUE,363,20
39,115,0.4,0.09,0.05,1,0.9079325106286438,0.6581909298902973,-0.08912836642227312,TRUE,339,20
40,115,0.4,0.09,0.05,1,NA,NA,NA,FALSE,379,20
41,115,0.4,0.09,0.05,1,0.4789634594681913,0.8031895003727944,-0.07117425383351607,TRUE,344,20
42,115,0.4,0.09,0.05,1,0.3009421071059645,0.8401797934816219,-0.08100190403380977,TRUE,357,20
43,115,0.4,0.09,0.05,1,0.6098855318860836,0.7651544284032696,-0.07720286034063828,TRUE,352,20
44,115,0.4,0.09,0.05,1,0.1874328402481029,0.9036604427914924,-0.07843002077970401,TRUE,313,20
45,115,0.4,0.09,0.05,1,1.2370591571714515,0.6690925800928285,-0.07703465081714073,TRUE,358,20
46,115,0.4,0.09,0.05,1,2.5022240179587847,0.8887151846533692,-0.06132903263040629,TRUE,349,20
47,115,0.4,0.09,0.05,1,NA,NA,NA,FALSE,339,20
48,115,0.4,0.09,0.05,1,1.0646552082365164,0.738829801142534,-0.07793139869338929,TRUE,368,20
49,115,0.4,0.09,0.05,1,0.6542150260411377,0.7820619361005545,-0.0729660168561153,TRUE,354,20
50,115,0.4,0.09,0.05,1,0.5321716923241171,0.6148249334779428,-0.07927071881247423,TRUE,375,20
1,116,0.4,0.15,0.05,1,1.1867903967580062,0.5032617613871813,-0.07777138774007411,TRUE,410,20
2,116,0.4,0.15,0.05,1,NA,NA,NA,FALSE,325,20
3,116,0.4,0.15,0.05,1,NA,NA,NA,FALSE,347,20
4,116,0.4,0.15,0.05,1,0.4080675334678404,0.6305409084526953,-0.0742230157305166,TRUE,364,20
5,116,0.4,0.15,0.05,1,0.5454807838585419,0.5658740443623195,-0.06217598914593161,TRUE,351,20
6,116,0.4,0.15,0.05,1,1.2059075566929878,0.5735613989108936,-0.070939374062089,TRUE,405,20
7,116,0.4,0.15,0.05,1,0.42262131057860913,0.4426407613881731,-0.07002230044027574,TRUE,367,20
8,116,0.4,0.15,0.05,1,0.9395926788060053,0.6597423181303069,-0.07340650554373312,TRUE,324,20
9,116,0.4,0.15,0.05,1,0.3327097864373846,0.43137401609370324,-0.07487890678747458,TRUE,361,20
10,116,0.4,0.15,0.05,1,0.5701218157159493,0.5184897844623695,-0.06244227438153479,TRUE,342,20
11,116,0.4,0.15,0.05,1,1.2494326191496814,0.5454859090342518,-0.0708997608430571,TRUE,349,20
12,116,0.4,0.15,0.05,1,0.8086167203505196,0.4421073716695864,-0.06061873138062645,TRUE,369,20
13,116,0.4,0.15,0.05,1,0.22887002492289144,0.5434041018687471,-0.07655241876230807,TRUE,323,20
14,116,0.4,0.15,0.05,1,1.4648896635081012,0.6789841875378253,-0.07560515261177547,TRUE,360,20
15,116,0.4,0.15,0.05,1,0.4053354654684626,0.5324492308292859,-0.08142572273800909,TRUE,376,20
16,116,0.4,0.15,0.05,1,NA,NA,NA,FALSE,355,20
17,116,0.4,0.15,0.05,1,0.1503322419964164,0.4334893091718356,-0.08640140528800921,TRUE,361,20
18,116,0.4,0.15,0.05,1,0.13897335265393237,0.46951011376984136,-0.08156086783287828,TRUE,355,20
19,116,0.4,0.15,0.05,1,0.5934111685377215,0.5205938461077737,-0.06796363851751143,TRUE,358,20
20,116,0.4,0.15,0.05,1,1.1465487947603037,0.558682499435357,-0.0606531132766616,TRUE,373,20
21,116,0.4,0.15,0.05,1,0.19330903023168614,0.5424092547505198,-0.08183501122845235,TRUE,364,20
22,116,0.4,0.15,0.05,1,0.6352936467636944,0.5356655527518815,-0.06557944397188752,TRUE,336,20
23,116,0.4,0.15,0.05,1,0.4629800609685281,0.6233955471815106,-0.0706596547365534,TRUE,349,20
24,116,0.4,0.15,0.05,1,NA,NA,NA,FALSE,370,20
25,116,0.4,0.15,0.05,1,1.1953414763757624,0.6772595730622589,-0.05781500247496936,TRUE,350,20
26,116,0.4,0.15,0.05,1,NA,NA,NA,FALSE,363,20
27,116,0.4,0.15,0.05,1,0.9705318732407776,0.600146799146931,-0.07172824060966222,TRUE,357,20
28,116,0.4,0.15,0.05,1,0.37673666886833207,0.6251200216845383,-0.07816290542400559,TRUE,376,20
29,116,0.4,0.15,0.05,1,0.39191148117498553,0.4130643705075443,-0.07112649124636512,TRUE,342,20
30,116,0.4,0.15,0.05,1,0.8902305920705621,0.5639146985115939,-0.06779319526148664,TRUE,325,20
31,116,0.4,0.15,0.05,1,NA,NA,NA,FALSE,384,20
32,116,0.4,0.15,0.05,1,NA,NA,NA,FALSE,412,20
33,116,0.4,0.15,0.05,1,0.945262325900642,0.6695027891044872,-0.08826727275927801,TRUE,365,20
34,116,0.4,0.15,0.05,1,0.3054292999547418,0.6240435308863634,-0.08184915207309618,TRUE,364,20
35,116,0.4,0.15,0.05,1,0.4152331819124075,0.7129784750451781,-0.07842799791183747,TRUE,362,20
36,116,0.4,0.15,0.05,1,NA,NA,NA,FALSE,402,20
37,116,0.4,0.15,0.05,1,0.1885887230815872,0.6014955702500759,-0.06393553553832756,TRUE,378,20
38,116,0.4,0.15,0.05,1,0,NA,NA,FALSE,353,20
39,116,0.4,0.15,0.05,1,0.207440488374692,0.4808591555125829,-0.07655603017273398,TRUE,406,20
40,116,0.4,0.15,0.05,1,0.7894600075350309,0.4595661209558464,-0.06916124410317259,TRUE,380,20
41,116,0.4,0.15,0.05,1,0,0,-0.0649535581154662,TRUE,357,20
42,116,0.4,0.15,0.05,1,0.8439528332122964,0.5686552767058495,-0.08330580698022462,TRUE,337,20
43,116,0.4,0.15,0.05,1,NA,NA,NA,FALSE,372,20
44,116,0.4,0.15,0.05,1,0.4682403638259178,0.5599263436365138,-0.05477515272588115,TRUE,366,20
45,116,0.4,0.15,0.05,1,1.1564088538501902,0.6560973031447358,-0.07437970956326376,TRUE,329,20
46,116,0.4,0.15,0.05,1,0.166153523962641,0.6001919419279186,-0.06252643636377755,TRUE,337,20
47,116,0.4,0.15,0.05,1,0.054174094229209456,0.5891731175225057,-0.0840058756568718,TRUE,381,20
48,116,0.4,0.15,0.05,1,NA,NA,NA,FALSE,342,20
49,116,0.4,0.15,0.05,1,0.6241782220724994,0.4702617423906877,-0.06805660237308984,TRUE,354,20
50,116,0.4,0.15,0.05,1,NA,NA,NA,FALSE,374,20
1,117,0.4,0.2,0.05,1,0.5878409972176232,0.4958076841166348,-0.06908626798709114,TRUE,335,20
2,117,0.4,0.2,0.05,1,0.12004801757432441,0.4728670524552887,-0.07197552146538291,TRUE,364,20
3,117,0.4,0.2,0.05,1,NA,NA,NA,FALSE,355,20
4,117,0.4,0.2,0.05,1,0.13927547029815548,0.5089327186302015,-0.06245245052080549,TRUE,344,20
5,117,0.4,0.2,0.05,1,0.5731547204098354,0.47549213982386773,-0.0929058374351685,TRUE,375,20
6,117,0.4,0.2,0.05,1,1.0679330529957165,0.5242423759294654,-0.06109664209498292,TRUE,372,20
7,117,0.4,0.2,0.05,1,NA,NA,NA,FALSE,352,20
8,117,0.4,0.2,0.05,1,0.4289348042625927,0.48937923378081766,-0.06449732969392209,TRUE,367,20
9,117,0.4,0.2,0.05,1,1.0484699863384495,0.5244395428179668,-0.06421167545490736,TRUE,361,20
10,117,0.4,0.2,0.05,1,NA,NA,NA,FALSE,356,20
11,117,0.4,0.2,0.05,1,0.5278620747655879,0.45007706458549346,-0.07364717894730696,TRUE,373,20
12,117,0.4,0.2,0.05,1,0.026264845014341277,0.5685102696576315,-0.07663850753694952,TRUE,346,20
13,117,0.4,0.2,0.05,1,0.6535728416842753,0.4614433230860997,-0.08130932909066617,TRUE,352,20
14,117,0.4,0.2,0.05,1,1.1283494572452641,0.5238341690789577,-0.09354614212816235,TRUE,330,20
15,117,0.4,0.2,0.05,1,NA,NA,NA,FALSE,358,20
16,117,0.4,0.2,0.05,1,0.33875701178100925,0.5195905446064756,-0.06741011403870659,TRUE,426,20
17,117,0.4,0.2,0.05,1,0.1946775536630868,0.44141018681578353,-0.08479482790790181,TRUE,375,20
18,117,0.4,0.2,0.05,1,0.36000408541004764,0.5614076300643607,-0.08264628691964189,TRUE,328,20
19,117,0.4,0.2,0.05,1,1.130723768271869,0.4999587085279245,-0.08372352378931941,TRUE,369,20
20,117,0.4,0.2,0.05,1,1.2310657047920377,0.4898522027623764,-0.07006936077381201,TRUE,372,20
21,117,0.4,0.2,0.05,1,0.3481569397563918,0.463606084989929,-0.07613188406887257,TRUE,296,20
22,117,0.4,0.2,0.05,1,1.1679602551458417,0.4653234238096605,-0.0731848669615505,TRUE,373,20
23,117,0.4,0.2,0.05,1,0.8156772416703473,0.45102492784232534,-0.0849977952090156,TRUE,376,20
24,117,0.4,0.2,0.05,1,0.3033775822206564,0.48324195580843665,-0.08060824939990867,TRUE,363,20
25,117,0.4,0.2,0.05,1,NA,NA,NA,FALSE,358,20
26,117,0.4,0.2,0.05,1,0.3365031092886479,0.42908384773442726,-0.07150024498184449,TRUE,361,20
27,117,0.4,0.2,0.05,1,0.7076072629746287,0.47737326346729664,-0.06447470226877262,TRUE,344,20
28,117,0.4,0.2,0.05,1,0.24926980747273073,0.5000142923259936,-0.07069537791053862,TRUE,335,20
29,117,0.4,0.2,0.05,1,0.931178905381769,0.4998610312502378,-0.06479670730805633,TRUE,328,20
30,117,0.4,0.2,0.05,1,0.9994260045405262,0.4642821880505138,-0.0809295783342297,TRUE,361,20
31,117,0.4,0.2,0.05,1,1.2111502759233648,0.46534443794727054,-0.07617541631289432,TRUE,386,20
32,117,0.4,0.2,0.05,1,0.8768359608484659,0.49880454373805,-0.06480154628923857,TRUE,374,20
33,117,0.4,0.2,0.05,1,0.10959619281479363,0.4623837726350898,-0.08107735216557012,TRUE,354,20
34,117,0.4,0.2,0.05,1,NA,NA,NA,FALSE,350,20
35,117,0.4,0.2,0.05,1,0.9563781767376327,0.5056066963826348,-0.0807076138238571,TRUE,354,20
36,117,0.4,0.2,0.05,1,0.7649740535153421,0.4384545800635687,-0.07810274419053723,TRUE,356,20
37,117,0.4,0.2,0.05,1,0.9479224646440848,0.438288550879865,-0.10090823521280201,TRUE,336,20
38,117,0.4,0.2,0.05,1,0.05963356487012188,0.43284946267731167,-0.067520761271021107,TRUE,391,20
39,117,0.4,0.2,0.05,1,0.9080426718174595,0.6293462427633596,-0.07542425518151931,TRUE,325,20
40,117,0.4,0.2,0.05,1,0.9254100112920004,0.593044051757281,-0.09911503664128432,TRUE,337,20
41,117,0.4,0.2,0.05,1,0.7438480005189232,0.473622009506338,-0.07215805515090265,TRUE,357,20
42,117,0.4,0.2,0.05,1,0.7610825698760257,0.4891519878725961,-0.062487054352850784,TRUE,387,20
43,117,0.4,0.2,0.05,1,1.3506055224167612,0.47790645474480803,-0.09414689100658545,TRUE,325,20
44,117,0.4,0.2,0.05,1,1.0705394921319302,0.4887247118561497,-0.07994924056269437,TRUE,323,20
45,117,0.4,0.2,0.05,1,NA,NA,NA,FALSE,368,20
46,117,0.4,0.2,0.05,1,NA,NA,NA,FALSE,341,20
47,117,0.4,0.2,0.05,1,0.8738834900522601,0.3783411065528355,-0.08703023356371271,TRUE,358,20
48,117,0.4,0.2,0.05,1,0.3955088514875075,0.4514178152196105,-0.06683407484952007,TRUE,368,20
49,117,0.4,0.2,0.05,1,NA,NA,NA,FALSE,380,20
50,117,0.4,0.2,0.05,1,0.6085064033606906,0.5035483756920304,-0.07019362273505209,TRUE,346,20
1,118,0.4,0.09,0.08,1,NA,NA,NA,FALSE,359,20
2,118,0.4,0.09,0.08,1,0.24830754055904525,0.7502092693414365,-0.08402740262058642,TRUE,360,20
3,118,0.4,0.09,0.08,1,0.1981576521590179,0.8434051009993032,-0.07066970327780832,TRUE,342,20
4,118,0.4,0.09,0.08,1,NA,NA,NA,FALSE,340,20
5,118,0.4,0.09,0.08,1,0.5161665750106758,0.7495951939041727,-0.08276633467456007,TRUE,367,20
6,118,0.4,0.09,0.08,1,0.7991314446023481,0.6828974823126437,-0.07129493730130516,TRUE,361,20
7,118,0.4,0.09,0.08,1,NA,NA,NA,FALSE,365,20
8,118,0.4,0.09,0.08,1,1.7046614882369306,0.7824236989695634,-0.06260028555725185,TRUE,368,20
9,118,0.4,0.09,0.08,1,1.0607380945068003,0.5966811120230886,-0.073722171718624,TRUE,318,20
10,118,0.4,0.09,0.08,1,0.20746560263425948,0.7783581294452865,-0.08157459811126276,TRUE,391,20
11,118,0.4,0.09,0.08,1,0.3135181206439981,0.6454307764071129,-0.06958918566320638,TRUE,362,20
12,118,0.4,0.09,0.08,1,NA,NA,NA,FALSE,372,20
13,118,0.4,0.09,0.08,1,1.557251516751837,0.7204605630447922,-0.08091635590268556,TRUE,397,20
14,118,0.4,0.09,0.08,1,1.2671070619860065,0.7119510123338398,-0.06057262515030218,TRUE,392,20
15,118,0.4,0.09,0.08,1,NA,NA,NA,FALSE,369,20
16,118,0.4,0.09,0.08,1,0.7575094201014844,0.6001775820914632,-0.06761471574810347,TRUE,401,20
17,118,0.4,0.09,0.08,1,NA,NA,NA,FALSE,346,20
18,118,0.4,0.09,0.08,1,NA,NA,NA,FALSE,351,20
19,118,0.4,0.09,0.08,1,0.19348427332518195,0.7197556924301047,-0.09249601486834724,TRUE,354,20
20,118,0.4,0.09,0.08,1,0.3933381399697875,0.6307601894430044,-0.09712369330155439,TRUE,348,20
21,118,0.4,0.09,0.08,1,NA,NA,NA,FALSE,343,20
22,118,0.4,0.09,0.08,1,NA,NA,NA,FALSE,348,20
23,118,0.4,0.09,0.08,1,0.9812606723177129,0.59903384339314,-0.07624485646096939,TRUE,344,20
24,118,0.4,0.09,0.08,1,0.27405364065501664,0.6518260218955724,-0.0683799452956609,TRUE,358,20
25,118,0.4,0.09,0.08,1,0.7817674680965874,0.7840463888574493,-0.06752058385832518,TRUE,365,20
26,118,0.4,0.09,0.08,1,NA,NA,NA,FALSE,392,20
27,118,0.4,0.09,0.08,1,NA,NA,NA,FALSE,363,20
28,118,0.4,0.09,0.08,1,1.5772165036914667,0.584757419875568,-0.06995218206771162,TRUE,377,20
29,118,0.4,0.09,0.08,1,NA,NA,NA,FALSE,352,20
30,118,0.4,0.09,0.08,1,1.3887613175108449,0.681393535875614,-0.07047715917432415,TRUE,330,20
31,118,0.4,0.09,0.08,1,NA,NA,NA,FALSE,370,20
32,118,0.4,0.09,0.08,1,NA,NA,NA,FALSE,335,20
33,118,0.4,0.09,0.08,1,2.4725781732497976,1.2415358240230563,-0.08045433018455561,TRUE,347,20
34,118,0.4,0.09,0.08,1,NA,NA,NA,FALSE,362,20
35,118,0.4,0.09,0.08,1,0.9346906956662523,0.5891720131486408,-0.05891868250848474,TRUE,369,20
36,118,0.4,0.09,0.08,1,0.61486001299181825,0.8115961746635624,-0.07681864624603056,TRUE,315,20
37,118,0.4,0.09,0.08,1,0.363232873647399,0.6376745395898219,-0.08283185567888732,TRUE,353,20
38,118,0.4,0.09,0.08,1,0.2517291002164908,0.6013090614197673,-0.05803471641693144,TRUE,370,20
39,118,0.4,0.09,0.08,1,0.9392218518036706,0.7192005759478176,-0.06876699931251486,TRUE,340,20
40,118,0.4,0.09,0.08,1,NA,NA,NA,FALSE,308,20
41,118,0.4,0.09,0.08,1,0,NA,NA,FALSE,337,20
42,118,0.4,0.09,0.08,1,0.49654846747459536,0.6248194688489713,-0.0927034241688872,TRUE,414,20
43,118,0.4,0.09,0.08,1,0.38696471231119206,0.6038882758070481,-0.06820320734607375,TRUE,359,20
44,118,0.4,0.09,0.08,1,0.4682089045315976,0.5447167199057062,-0.07556464394082808,TRUE,313,20
45,118,0.4,0.09,0.08,1,0.8728143872986581,0.6773238796648956,-0.07701378448414394,TRUE,385,20
46,118,0.4,0.09,0.08,1,0.7806326192822776,0.6670076728843108,-0.07488625828790407,TRUE,375,20
47,118,0.4,0.09,0.08,1,NA,NA,NA,FALSE,361,20
48,118,0.4,0.09,0.08,1,0.7374725548262334,0.5829148081681198,-0.06859696508728226,TRUE,382,20
49,118,0.4,0.09,0.08,1,0,0,-0.0851900472518757,TRUE,360,20
50,118,0.4,0.09,0.08,1,0,0,-0.06595232645284488,TRUE,356,20
1,119,0.4,0.15,0.08,1,0.859221079792772,0.5677025551898571,-0.0610641212104779,TRUE,369,20
2,119,0.4,0.15,0.08,1,NA,NA,NA,FALSE,358,20
3,119,0.4,0.15,0.08,1,0.48065240714022794,0.4664697966684037,-0.0722969413883615,TRUE,364,20
4,119,0.4,0.15,0.08,1,NA,NA,NA,FALSE,364,20
5,119,0.4,0.15,0.08,1,0.03153330939213058,0.5465361558320098,-0.07121967005066163,TRUE,384,20
6,119,0.4,0.15,0.08,1,0.6028761850807058,0.5337525708082304,-0.05997286265909981,TRUE,347,20
7,119,0.4,0.15,0.08,1,1.137767088122606,0.4481020003860108,-0.0680466688532052,TRUE,407,20
8,119,0.4,0.15,0.08,1,0.36403708859080935,0.5370632419628272,-0.05958574933507061,TRUE,366,20
9,119,0.4,0.15,0.08,1,1.290517976162502,0.8213352443676242,-0.06267107087563088,TRUE,323,20
10,119,0.4,0.15,0.08,1,1.3026959354619532,0.7459458832374044,-0.07488380878133066,TRUE,370,20
11,119,0.4,0.15,0.08,1,0.2712602060133418,0.5566535384147537,-0.081711965315273,TRUE,345,20
12,119,0.4,0.15,0.08,1,NA,NA,NA,FALSE,372,20
13,119,0.4,0.15,0.08,1,0.058032407975650915,0.5511364677615698,-0.07013756193055724,TRUE,356,20
14,119,0.4,0.15,0.08,1,1.0450281152483312,0.6055137784843923,-0.0676460738001335,TRUE,347,20
15,119,0.4,0.15,0.08,1,NA,NA,NA,FALSE,360,20
16,119,0.4,0.15,0.08,1,0.248463063680987,0.5512501245003355,-0.06171003349472692,TRUE,378,20
17,119,0.4,0.15,0.08,1,0.7093953074285462,0.45176079096815813,-0.060464195784093344,TRUE,394,20
18,119,0.4,0.15,0.08,1,0.24645809533571383,0.5058724341476843,-0.07058808921305523,TRUE,350,20
19,119,0.4,0.15,0.08,1,NA,NA,NA,FALSE,353,20
20,119,0.4,0.15,0.08,1,NA,NA,NA,FALSE,371,20
21,119,0.4,0.15,0.08,1,1.5297399524848516,0.5341999532677871,-0.07035679278469707,TRUE,349,20
22,119,0.4,0.15,0.08,1,NA,NA,NA,FALSE,318,20
23,119,0.4,0.15,0.08,1,0.2836662132459074,0.6520333062351595,-0.07101575867547108,TRUE,380,20
24,119,0.4,0.15,0.08,1,0.6614206555784112,0.5702504550228661,-0.09767571109145576,TRUE,322,20
25,119,0.4,0.15,0.08,1,0.17545035769425926,0.5444518877459243,-0.06946427799535507,TRUE,337,20
26,119,0.4,0.15,0.08,1,NA,NA,NA,FALSE,370,20
27,119,0.4,0.15,0.08,1,0.3330453317825424,0.5461820496525663,-0.08405855255247671,TRUE,346,20
28,119,0.4,0.15,0.08,1,2.0111748306863277,0.639108863697553,-0.08465696332261698,TRUE,372,20
29,119,0.4,0.15,0.08,1,NA,NA,NA,FALSE,355,20
30,119,0.4,0.15,0.08,1,0.5966150894841782,0.5370017404527718,-0.07675408763735761,TRUE,357,20
31,119,0.4,0.15,0.08,1,0.4681572181093982,0.5379058961127056,-0.07483612072896338,TRUE,339,20
32,119,0.4,0.15,0.08,1,0.92047598411691,0.5322544420024219,-0.078860878887653793,TRUE,365,20
33,119,0.4,0.15,0.08,1,1.1596261797460339,0.5421132197716179,-0.07525214717893229,TRUE,356,20
34,119,0.4,0.15,0.08,1,0.6916691091003886,0.5244368438635284,-0.07418138053836519,TRUE,373,20
35,119,0.4,0.15,0.08,1,NA,NA,NA,FALSE,366,20
36,119,0.4,0.15,0.08,1,1.5181080905833673,0.5966077701746032,-0.07416644832698265,TRUE,328,20
37,119,0.4,0.15,0.08,1,NA,NA,NA,FALSE,362,20
38,119,0.4,0.15,0.08,1,NA,NA,NA,FALSE,364,20
39,119,0.4,0.15,0.08,1,1.237174088488245,0.5626981116058541,-0.08234153239279243,TRUE,332,20
40,119,0.4,0.15,0.08,1,0.3736628122046441,0.45666335380866674,-0.0707492435784492,TRUE,368,20
41,119,0.4,0.15,0.08,1,1.2017850455583032,0.6013151456060135,-0.08430196055607016,TRUE,358,20
42,119,0.4,0.15,0.08,1,0.13559669479566683,0.5240550275299112,-0.0761054325444193,TRUE,351,20
43,119,0.4,0.15,0.08,1,0.5814518105910778,0.547641169687655,-0.06381674551657428,TRUE,381,20
44,119,0.4,0.15,0.08,1,0.6194145771723841,0.4992713327607389,-0.08036199184152051,TRUE,324,20
45,119,0.4,0.15,0.08,1,0.41868339183648745,0.5071553349901342,-0.06630250647649041,TRUE,385,20
46,119,0.4,0.15,0.08,1,NA,NA,NA,FALSE,369,20
47,119,0.4,0.15,0.08,1,0.8165898812911975,0.45277872634627336,-0.055446549239239896,TRUE,382,20
48,119,0.4,0.15,0.08,1,0.32429869313450455,0.6511863643024773,-0.08160920599950032,TRUE,349,20
49,119,0.4,0.15,0.08,1,NA,NA,NA,FALSE,377,20
50,119,0.4,0.15,0.08,1,0.6513296067771006,0.5628146099553165,-0.08662398867283687,TRUE,355,20
1,120,0.4,0.2,0.08,1,0.1708540406826919,0.44442388717001713,-0.07844331624148515,TRUE,363,20
2,120,0.4,0.2,0.08,1,0.6427757824556124,0.43305356081137664,-0.0824077029233336,TRUE,381,20
3,120,0.4,0.2,0.08,1,0.41500244952617027,0.5392420641609297,-0.08175092727449702,TRUE,324,20
4,120,0.4,0.2,0.08,1,0.36361367780583387,0.5146759011041432,-0.06758691481096117,TRUE,369,20
5,120,0.4,0.2,0.08,1,0.3361795835492548,0.5029938321643191,-0.0693012259673809,TRUE,331,20
6,120,0.4,0.2,0.08,1,0.17137951711795096,0.5452306329010383,-0.08543013822441785,TRUE,363,20
7,120,0.4,0.2,0.08,1,0.6779926348524372,0.49573367867160684,-0.07798332524950953,TRUE,330,20
8,120,0.4,0.2,0.08,1,0.6260566388566687,0.40316103905299305,-0.07856676002652932,TRUE,375,20
9,120,0.4,0.2,0.08,1,0.17178042309440367,0.4415125311914913,-0.07162214020540046,TRUE,373,20
10,120,0.4,0.2,0.08,1,0.5033312899259458,0.47508495560109215,-0.06368227479356074,TRUE,382,20
11,120,0.4,0.2,0.08,1,NA,NA,NA,FALSE,399,20
12,120,0.4,0.2,0.08,1,1.0603609466552424,0.4996985585652699,-0.0730443390469812,TRUE,361,20
13,120,0.4,0.2,0.08,1,0.3078234014735401,0.4751181032668543,-0.07150982500029472,TRUE,379,20
14,120,0.4,0.2,0.08,1,0.5387850088401692,0.5244049184737695,-0.06961696782301159,TRUE,395,20
15,120,0.4,0.2,0.08,1,0.7185182623386672,0.4387381580956662,-0.07578887311648826,TRUE,351,20
16,120,0.4,0.2,0.08,1,0.6423038319841231,0.4663655458620799,-0.06519280941258276,TRUE,362,20
17,120,0.4,0.2,0.08,1,0.037558645720932836,0.4306610837527357,-0.06478045928822927,TRUE,349,20
18,120,0.4,0.2,0.08,1,NA,NA,NA,FALSE,340,20
19,120,0.4,0.2,0.08,1,0.6115010480290001,0.4269187129916635,-0.05998181470380153,TRUE,359,20
20,120,0.4,0.2,0.08,1,0.09699412702261338,0.4724008173048581,-0.06372409244235266,TRUE,343,20
21,120,0.4,0.2,0.08,1,0.36160485278384535,0.5343430946572099,-0.07636786508098688,TRUE,335,20
22,120,0.4,0.2,0.08,1,0.7977213096060954,0.47074497678428384,-0.06637609095589922,TRUE,375,20
23,120,0.4,0.2,0.08,1,0.2057958502247297,0.39564534320794786,-0.06180442127501949,TRUE,386,20
24,120,0.4,0.2,0.08,1,0.2788940787552349,0.5463570293257772,-0.07927994603913827,TRUE,344,20
25,120,0.4,0.2,0.08,1,0.49486634157198944,0.40510604303833825,-0.07744365446922608,TRUE,367,20
26,120,0.4,0.2,0.08,1,NA,NA,NA,FALSE,358,20
27,120,0.4,0.2,0.08,1,0.46963211285940815,0.48703201114243283,-0.07067963040348976,TRUE,365,20
28,120,0.4,0.2,0.08,1,0.5484069325129622,0.4759639423862095,-0.08485738422923828,TRUE,368,20
29,120,0.4,0.2,0.08,1,0.821563147887788,0.5543675545028774,-0.07380394878809751,TRUE,355,20
30,120,0.4,0.2,0.08,1,NA,NA,NA,FALSE,344,20
31,120,0.4,0.2,0.08,1,1.1534659160289118,0.3917965570288639,-0.08079684772379638,TRUE,364,20
32,120,0.4,0.2,0.08,1,0.40291928396968657,0.4429098992741195,-0.06623089007819662,TRUE,337,20
33,120,0.4,0.2,0.08,1,0.5287532772810142,0.49594771258264275,-0.08758383253724687,TRUE,358,20
34,120,0.4,0.2,0.08,1,1.118367898532719,0.5291980972976948,-0.07815448336566481,TRUE,356,20
35,120,0.4,0.2,0.08,1,0.6523615634971667,0.5086181053942191,-0.07170569021307321,TRUE,358,20
36,120,0.4,0.2,0.08,1,0.374237076679086,0.5252617165547865,-0.06111319882321025,TRUE,345,20
37,120,0.4,0.2,0.08,1,0.8198935772246219,0.5222022048250247,-0.07721874590491415,TRUE,359,20
38,120,0.4,0.2,0.08,1,0.5174826722002706,0.46136694092490255,-0.09916180332363471,TRUE,376,20
39,120,0.4,0.2,0.08,1,NA,NA,NA,FALSE,366,20
40,120,0.4,0.2,0.08,1,0.9239376963493201,0.4952687106881563,-0.05436217733543778,TRUE,338,20
41,120,0.4,0.2,0.08,1,NA,NA,NA,FALSE,341,20
42,120,0.4,0.2,0.08,1,0.07540462158434769,0.5506829953986131,-0.10348082574597968,TRUE,353,20
43,120,0.4,0.2,0.08,1,0.5061961257335958,0.4718107221928342,-0.0743572822426384,TRUE,374,20
44,120,0.4,0.2,0.08,1,0.11074612610512138,0.5106535948914321,-0.07538687238205638,TRUE,388,20
45,120,0.4,0.2,0.08,1,0.22038098540439507,0.4942137276120066,-0.06741794983086555,TRUE,350,20
46,120,0.4,0.2,0.08,1,NA,NA,NA,FALSE,375,20
47,120,0.4,0.2,0.08,1,0.23329056577098958,0.5702049890755057,-0.07479859789986511,TRUE,333,20
48,120,0.4,0.2,0.08,1,0.8008642440022435,0.5385313885008784,-0.07515086283299481,TRUE,373,20
49,120,0.4,0.2,0.08,1,0.3062046476811719,0.46999642152563986,-0.0695507812929682,TRUE,360,20
50,120,0.4,0.2,0.08,1,0.9025636476565814,0.4845285260649344,-0.05304960229241776,TRUE,355,20
